Dato	Åben	Højeste	Laveste	Slutkurs	Antal
04.09.2023	1280	1286	1266	1275	5227
01.09.2023	1280	1287	1263	1279	11531
31.08.2023	1336	1355	1323	1333	9346
30.08.2023	1350	1357	1316	1325	11551
29.08.2023	1287	1373	1279	1345	18187
28.08.2023	1286	1305	1277	1299	11205
25.08.2023	1287	1297	1278	1291	4140
24.08.2023	1294	1310	1280	1287	7689
23.08.2023	1275	1286	1269	1278	6939
22.08.2023	1275	1280	1269	1275	11047
21.08.2023	1290	1290	1267	1274	11057
18.08.2023	1304	1317	1285	1290	22894
17.08.2023	1417	1420	1391	1398	13859
16.08.2023	1431	1435	1426	1435	7450
15.08.2023	1441	1445	1435	1442	7835
14.08.2023	1445	1452	1437	1448	5922
11.08.2023	1424	1448	1424	1443	8771
10.08.2023	1431	1431	1410	1421	4687
09.08.2023	1438	1460	1438	1445	10107
08.08.2023	1399	1442	1399	1434	12988
07.08.2023	1397	1404	1382	1384	18125
04.08.2023	1418	1420	1396	1397	7335
03.08.2023	1421	1433	1410	1418	9906
02.08.2023	1421	1434	1420	1423	11030
01.08.2023	1385	1392	1380	1383	9901
31.07.2023	1405	1406	1392	1392	8007
28.07.2023	1395	1412	1388	1407	3202
27.07.2023	1384	1404	1374	1391	9912
26.07.2023	1370	1390	1366	1385	8637
25.07.2023	1368	1385	1362	1374	9250
24.07.2023	1408	1415	1356	1374	12076
21.07.2023	1400	1415	1400	1415	7349
20.07.2023	1404	1422	1392	1400	4019
19.07.2023	1394	1403	1383	1398	5695
18.07.2023	1403	1403	1382	1385	9431
17.07.2023	1421	1425	1400	1412	10724
14.07.2023	1463	1469	1454	1468	8533
13.07.2023	1436	1448	1420	1426	7332
12.07.2023	1496	1502	1455	1460	6671
11.07.2023	1497	1503	1480	1496	6968
10.07.2023	1497	1504	1486	1494	9262
07.07.2023	1510	1525	1497	1508	7569
06.07.2023	1535	1585	1500	1515	20746
05.07.2023	1533	1535	1501	1511	11138
04.07.2023	1534	1545	1530	1533	6924
03.07.2023	1510	1545	1510	1534	9891
30.06.2023	1522	1550	1455	1486	25221
29.06.2023	1499	1540	1485	1519	9514
28.06.2023	1499	1505	1475	1501	9892
27.06.2023	1485	1523	1476	1500	10555
26.06.2023	1479	1502	1473	1489	20908
22.06.2023	1466	1485	1442	1459	31814
21.06.2023	1417	1465	1414	1464	29304
20.06.2023	1300	1316	1293	1313	13816
19.06.2023	1267	1292	1267	1277	7192
16.06.2023	1213	1230	1209	1229	6180
15.06.2023	1202	1207	1188	1190	10679
14.06.2023	1244	1254	1241	1246	5304
13.06.2023	1263	1280	1244	1244	10174
12.06.2023	1263	1269	1250	1253	11438
09.06.2023	1293	1310	1286	1297	4238
08.06.2023	1303	1306	1285	1294	6688
07.06.2023	1323	1332	1290	1303	10185
05.06.2023	1315	1320	1305	1305	4905
02.06.2023	1323	1327	1307	1320	6765
01.06.2023	1321	1328	1312	1323	4114
31.05.2023	1350	1354	1325	1333	5322
30.05.2023	1363	1380	1363	1365	7409
29.05.2023	1370	1384	1361	1361	9184
26.05.2023	1284	1317	1280	1307	5769
25.05.2023	1267	1290	1265	1284	9057
24.05.2023	1282	1294	1256	1267	8039
23.05.2023	1303	1316	1303	1314	6359
22.05.2023	1279	1290	1268	1284	7850
19.05.2023	1282	1292	1271	1292	24162
17.05.2023	1270	1274	1259	1270	1297
16.05.2023	1272	1275	1262	1269	4296
15.05.2023	1287	1297	1277	1286	9457
12.05.2023	1226	1242	1217	1232	12324
11.05.2023	1288	1288	1262	1272	4706
10.05.2023	1276	1314	1271	1304	5729
09.05.2023	1274	1290	1269	1270	6087
08.05.2023	1307	1307	1279	1290	14731
05.05.2023	1360	1374	1349	1361	12210
04.05.2023	1356	1372	1339	1360	13033
03.05.2023	1335	1348	1307	1314	10800
02.05.2023	1313	1342	1305	1334	10683
28.04.2023	1383	1387	1351	1359	11859
27.04.2023	1349	1383	1340	1383	10598
26.04.2023	1319	1407	1313	1400	26084
25.04.2023	1265	1277	1262	1273	9790
24.04.2023	1290	1290	1263	1265	14651
21.04.2023	1315	1330	1306	1315	7552
20.04.2023	1369	1370	1340	1344	12816
19.04.2023	1419	1425	1371	1386	12276
18.04.2023	1401	1438	1398	1419	13922
17.04.2023	1420	1423	1387	1395	15136
14.04.2023	1455	1460	1438	1439	15162
13.04.2023	1419	1440	1419	1434	9726
12.04.2023	1429	1446	1409	1413	15287
11.04.2023	1439	1449	1434	1446	21957
06.04.2023	1327	1334	1313	1320	4694
05.04.2023	1329	1350	1315	1321	10270
04.04.2023	1324	1337	1302	1303	8473
03.04.2023	1324	1348	1312	1324	10199
31.03.2023	1324	1359	1292	1345	16003
30.03.2023	1357	1369	1331	1343	24214
29.03.2023	1319	1361	1319	1341	24485
28.03.2023	1269	1275	1246	1264	13391
27.03.2023	1323	1329	1245	1269	15692
24.03.2023	1329	1341	1301	1341	18767
23.03.2023	1291	1348	1275	1329	19837
22.03.2023	1326	1362	1314	1349	22150
21.03.2023	1305	1333	1289	1326	21797
20.03.2023	1345	1369	1298	1305	39539
17.03.2023	1229	1286	1229	1256	46336
16.03.2023	1162	1197	1160	1175	8824
15.03.2023	1177	1210	1155	1157	23096
14.03.2023	1159	1271	1154	1232	34896
13.03.2023	1054	1170	1029	1145	38487
10.03.2023	944.5	953.8	921	939	33709
09.03.2023	1031	1039	1023	1026	10295
08.03.2023	1054	1059	1040	1048	4715
07.03.2023	1039	1067	1039	1061	9454
06.03.2023	1043	1052	1039	1048	8301
03.03.2023	1048	1048	1038	1043	13659
02.03.2023	1099	1102	1090	1098	9767
01.03.2023	1103	1124	1102	1108	6428
28.02.2023	1081	1102	1077	1095	8103
27.02.2023	1098	1115	1080	1088	7619
24.02.2023	1114	1124	1075	1081	13276
23.02.2023	1137	1149	1105	1119	10188
22.02.2023	1126	1130	1099	1106	15994
21.02.2023	1169	1180	1131	1137	13526
20.02.2023	1143	1175	1140	1154	19994
17.02.2023	1119	1148	1110	1135	13221
16.02.2023	1150	1192	1143	1169	24436
15.02.2023	1027	1070	1022	1062	10997
14.02.2023	997	1030	990.9	1016	11460
13.02.2023	1012	1015	987.5	993	8538
10.02.2023	1003	1012	992.3	1000	17985
09.02.2023	1072	1073	1033	1036	16533
08.02.2023	1088	1098	1075	1075	7476
07.02.2023	1093	1100	1086	1089	9364
06.02.2023	1092	1105	1077	1103	10170
03.02.2023	1097	1118	1083	1115	12022
02.02.2023	1097	1115	1097	1107	19875
01.02.2023	1079	1080	1066	1070	10213
31.01.2023	1071	1092	1065	1080	7569
30.01.2023	1092	1098	1063	1074	15268
27.01.2023	1067	1074	1054	1070	11168
26.01.2023	1049	1067	1044	1061	14881
25.01.2023	1044	1045	1024	1043	14086
24.01.2023	1054	1060	1043	1052	13609
23.01.2023	1038	1066	1035	1052	28275
20.01.2023	960	975	956	972	8547
19.01.2023	951.2	963.9	943	960	8243
18.01.2023	983.8	990	935.8	940.5	20319
17.01.2023	974	999	974	983.3	21903
16.01.2023	971.3	976	948.3	973.9	33782
13.01.2023	853.6	883.4	852.4	877	28239
12.01.2023	823.5	836.5	818	827.3	12176
11.01.2023	784.2	793.9	783.1	784.8	5476
10.01.2023	769.7	781.5	766	780.3	7365
09.01.2023	774.5	781.1	771.4	774	10755
05.01.2023	758.3	760.5	756.1	760.3	1635
04.01.2023	759	761.9	755.9	758.3	9490
03.01.2023	748.9	759.8	748.7	752.2	11233
02.01.2023	745	751.4	744	747	8604
30.12.2022	735.7	738.9	723	736.2	13261
29.12.2022	740.8	744.7	737.1	739.1	2128
28.12.2022	741.2	745.4	736.8	742.4	7740
27.12.2022	756.3	756.6	747.2	747.2	7986
23.12.2022	752.1	759.8	752	756.8	6689
22.12.2022	744.2	756	740.7	742.5	8761
21.12.2022	749.3	753	744.3	750.7	9116
20.12.2022	747.4	756	743.5	752	11419
19.12.2022	740.4	744.7	733.6	737	9728
16.12.2022	780	781.3	748	748	16109
15.12.2022	783.7	784	766.3	773.3	7132
14.12.2022	783.4	799.9	781.1	799.9	8392
13.12.2022	757.5	795	756.8	779	19775
12.12.2022	755.2	759.4	749.2	757.5	3786
09.12.2022	764	770.8	760.3	765.5	5194
08.12.2022	749.5	754.8	747.6	754.2	3433
07.12.2022	752.1	754.8	746	749.6	6338
06.12.2022	762.9	763.4	754.5	757.5	4755
05.12.2022	769.1	774.7	758.3	763.7	12195
02.12.2022	752	761	749.1	757.4	6583
01.12.2022	774	777	752.3	755	9941
30.11.2022	766.5	774.7	760.7	772.7	8683
29.11.2022	740	745.6	738	739.9	8800
28.11.2022	729.2	729.2	716	720.2	7860
25.11.2022	734	742.6	729.5	735	6049
24.11.2022	741.7	747.6	732.4	741.3	4837
23.11.2022	753.3	758.4	735	738.8	9397
22.11.2022	718.8	746.4	711.8	739	29090
21.11.2022	739.6	748.6	731.5	735	11985
18.11.2022	763.9	774.4	760.7	760.9	15753
17.11.2022	747	770.6	747	763.3	16589
16.11.2022	761.6	761.6	738	740	8749
15.11.2022	748.4	771.9	748.4	764.5	11474
14.11.2022	752	776.8	738.8	745	21829
11.11.2022	808.6	808.6	738	744.8	30604
10.11.2022	800	835	765.7	829.8	45291
09.11.2022	866.8	866.8	800	806	56521
08.11.2022	954.5	964.2	915.9	962	23718
07.11.2022	1010	1010	996.8	1002	9916
04.11.2022	1026	1029	1019	1019	4472
03.11.2022	1007	1017	1001	1009	10052
02.11.2022	1003	1006	996.9	1004	8343
01.11.2022	1007	1010	992.4	1005	8326
31.10.2022	1004	1023	995.1	1010	16631
28.10.2022	991.9	1004	975	999.7	12101
27.10.2022	1010	1013	993.9	1004	7497
26.10.2022	983.5	1025	983.5	1010	19545
25.10.2022	956.3	958.8	947	953.7	9769
24.10.2022	958.8	973.1	952.3	956.3	12376
21.10.2022	954.6	957.3	942.3	948.5	16772
20.10.2022	950.1	957.9	947.7	956.6	9786
19.10.2022	947.1	954.8	944	954.3	5324
18.10.2022	966.5	969.7	952.5	955	7281
17.10.2022	966.3	980	962.2	967	12465
14.10.2022	988.6	994.2	970	975	14826
13.10.2022	962.2	962.2	917.7	939.6	23575
12.10.2022	960.2	969	958	962.2	5982
11.10.2022	959.8	967.5	951.1	958	10869
10.10.2022	969.1	977.1	961.4	972.3	9240
07.10.2022	989.5	992	963.1	969.3	13165
06.10.2022	981.1	999	979.7	991	22677
05.10.2022	975.6	984.1	963.5	974.1	19574
04.10.2022	961	981.4	961	971.6	33548
03.10.2022	945	950.8	941.3	947	23876
30.09.2022	961.5	997	952	991.6	9186
29.09.2022	975	979	937.5	961.5	12656
28.09.2022	947.8	979	939.4	979	16373
27.09.2022	1011	1019	1004	1015	21828
26.09.2022	943.9	960.9	927.8	951.2	152580
23.09.2022	959.3	963.6	927.5	940.3	19116
22.09.2022	931	950.7	925.6	934.4	17010
21.09.2022	924.1	957	920	943.9	12560
20.09.2022	927.4	942.7	909.4	924.1	24423
19.09.2022	890.5	938.1	883.7	925	22867
16.09.2022	950.3	961.9	942	946.7	10836
15.09.2022	970	981	937.3	946.6	14388
14.09.2022	973.7	980.1	962	970.5	14415
13.09.2022	1064	1085	1001	1005	61868
12.09.2022	1037	1070	1035	1061	82031
09.09.2022	981.5	1014	972.7	1009	23548
08.09.2022	911.2	924.1	904.9	921.4	9035
07.09.2022	901.8	903	892.2	900	24423
06.09.2022	952.9	960.6	949	950.2	11509
05.09.2022	960.6	960.6	945.3	959.5	11331
02.09.2022	965	980	960.4	970.5	9979
01.09.2022	952.5	963	944.3	948.8	9335
31.08.2022	961.6	975.1	944.4	950.5	9842
30.08.2022	971.8	982.7	936	938	17165
29.08.2022	950	969.8	937	965.1	27404
26.08.2022	1022	1037	973.8	995	27201
25.08.2022	1029	1038	1023	1023	7751
24.08.2022	1025	1033	1017	1026	7365
23.08.2022	1016	1037	1014	1026	7012
22.08.2022	1017	1025	996.1	1021	20002
19.08.2022	1042	1050	1005	1017	33641
18.08.2022	1102	1118	1101	1108	11692
17.08.2022	1146	1150	1097	1101	17586
16.08.2022	1129	1140	1110	1117	10690
15.08.2022	1121	1139	1111	1129	23181
12.08.2022	1098	1110	1086	1110	11179
11.08.2022	1121	1135	1108	1116	26374
10.08.2022	1060	1105	1053	1088	17757
09.08.2022	1101	1105	1047	1065	17054
08.08.2022	1097	1125	1096	1110	24374
05.08.2022	1066	1078	1059	1071	6693
04.08.2022	1061	1066	1046	1048	11929
03.08.2022	1067	1095	1063	1082	16032
02.08.2022	1053	1068	1038	1052	8437
01.08.2022	1076	1076	1052	1065	19358
29.07.2022	1105	1129	1086	1110	22790
28.07.2022	1066	1086	1051	1086	25857
27.07.2022	981.2	1001	977.5	996	13071
26.07.2022	968	981.8	961.1	963	19667
25.07.2022	1014	1016	991.8	1000	24551
22.07.2022	1069	1105	1069	1083	36027
21.07.2022	1057	1070	1033	1044	27870
20.07.2022	1100	1129	1080	1124	39709
19.07.2022	1018	1056	1005	1049	21724
18.07.2022	1046	1060	1024	1038	26758
15.07.2022	975	999.8	975	984.3	24780
14.07.2022	949.9	958.6	929.4	955.6	28245
13.07.2022	924.2	945	892.9	914.4	23256
12.07.2022	949	949	927.4	941.1	34841
11.07.2022	974	990	967	970.1	10380
08.07.2022	1039	1049	1004	1041	24298
07.07.2022	957.1	998	957.1	994	25217
06.07.2022	940.8	963.3	940.8	949	11139
05.07.2022	938.2	943.2	905	910.9	15532
04.07.2022	877.9	928.4	871.7	919.1	16719
01.07.2022	884	907.9	869	894.2	14911
30.06.2022	882.7	887.8	855.9	872.7	37723
29.06.2022	907.6	919	900	914.1	20772
28.06.2022	940.2	959	938	938.6	12863
27.06.2022	961.5	976.5	930	936.5	25840
23.06.2022	930	952	926.8	931	21824
22.06.2022	918	945.2	908	922.7	28188
21.06.2022	963.4	986	944	975	31664
20.06.2022	916	956.3	901	938.9	38203
17.06.2022	959.6	975.2	932.5	940	19976
16.06.2022	1001	1015	955.9	969.9	45997
15.06.2022	977.2	1000	910	975.4	73965
14.06.2022	1044	1056	993	1038	50444
13.06.2022	1174	1174	1035	1073	85780
10.06.2022	1377	1385	1348	1360	13843
09.06.2022	1378	1388	1353	1377	3675
08.06.2022	1380	1392	1357	1377	7439
07.06.2022	1333	1356	1333	1350	14884
03.06.2022	1364	1368	1318	1323	12563
02.06.2022	1361	1370	1336	1367	8988
01.06.2022	1434	1446	1410	1410	7569
31.05.2022	1431	1456	1423	1433	12609
30.05.2022	1386	1398	1370	1378	13879
27.05.2022	1318	1331	1298	1304	18519
25.05.2022	1345	1368	1345	1355	10418
24.05.2022	1334	1334	1293	1308	12426
23.05.2022	1392	1406	1365	1380	13265
20.05.2022	1379	1403	1341	1347	13434
19.05.2022	1357	1382	1336	1379	15077
18.05.2022	1377	1383	1336	1336	10627
17.05.2022	1413	1420	1378	1383	7297
16.05.2022	1384	1411	1367	1389	15759
13.05.2022	1425	1454	1413	1425	27780
12.05.2022	1230	1394	1177	1370	98098
11.05.2022	1424	1494	1353	1455	57726
10.05.2022	1507	1515	1445	1455	39221
09.05.2022	1573	1580	1522	1523	45942
06.05.2022	1710	1714	1641	1685	36383
05.05.2022	1820	1835	1709	1736	11294
04.05.2022	1779	1821	1779	1801	13699
03.05.2022	1801	1801	1768	1777	10989
02.05.2022	1801	1823	1783	1807	21662
29.04.2022	1822	1822	1772	1796	12045
28.04.2022	1825	1864	1802	1838	20798
27.04.2022	1795	1830	1785	1796	16658
26.04.2022	1858	1870	1802	1805	15617
25.04.2022	1757	1798	1732	1796	30702
22.04.2022	1834	1835	1780	1792	17012
21.04.2022	1842	1915	1842	1905	15717
20.04.2022	1867	1886	1827	1830	22359
19.04.2022	1841	1889	1832	1875	14916
14.04.2022	1843	1848	1825	1828	10065
13.04.2022	1802	1863	1788	1861	11116
12.04.2022	1793	1826	1780	1803	22682
11.04.2022	1890	1893	1819	1824	21260
08.04.2022	1948	1972	1921	1958	13594
07.04.2022	1949	1965	1931	1938	14033
06.04.2022	2039	2041	1962	1975	30366
05.04.2022	2080	2099	2039	2041	24604
04.04.2022	2059	2074	2034	2036	12879
01.04.2022	1999	2083	1982	2074	14057
31.03.2022	2070	2108	2055	2070	14507
30.03.2022	2097	2100	2061	2064	10889
29.03.2022	2138	2138	2096	2119	21719
28.03.2022	2112	2164	2112	2158	66264
25.03.2022	1966	2009	1947	1992	38017
24.03.2022	1925	1970	1907	1967	38312
23.03.2022	1890	1914	1873	1912	21485
22.03.2022	1896	1930	1892	1904	29432
21.03.2022	1832	1855	1820	1837	20185
18.03.2022	1808	1834	1793	1828	17262
17.03.2022	1815	1840	1800	1810	20374
16.03.2022	1788	1835	1788	1804	27594
15.03.2022	1739	1783	1729	1783	19880
14.03.2022	1784	1799	1751	1763	27651
11.03.2022	1795	1833	1767	1774	23030
10.03.2022	1805	1828	1755	1790	29137
09.03.2022	1960	1985	1921	1940	37733
08.03.2022	1828	1843	1805	1811	23542
07.03.2022	1750	1865	1723	1857	120587
04.03.2022	1925	1956	1892	1903	28393
03.03.2022	2006	2035	1959	1974	36473
02.03.2022	2025	2094	2002	2043	37811
01.03.2022	1950	2047	1948	2000	59446
28.02.2022	1723	1844	1694	1841	30796
25.02.2022	1722	1763	1705	1743	39389
24.02.2022	1581	1639	1565	1630	59873
23.02.2022	1674	1726	1674	1700	18944
22.02.2022	1640	1683	1628	1656	29955
21.02.2022	1735	1739	1648	1730	31286
18.02.2022	1792	1808	1750	1784	25956
17.02.2022	1935	1943	1845	1856	29830
16.02.2022	1941	1953	1913	1921	23639
15.02.2022	1943	1971	1935	1940	23537
14.02.2022	1870	1909	1870	1905	35956
11.02.2022	1924	1936	1897	1922	18106
10.02.2022	1905	2000	1905	1971	38305
09.02.2022	1905	1927	1874	1892	16124
08.02.2022	1955	1960	1870	1900	26673
07.02.2022	1849	1910	1835	1901	33181
04.02.2022	1621	1728	1611	1723	28854
03.02.2022	1616	1616	1565	1583	16400
02.02.2022	1679	1685	1612	1623	19784
01.02.2022	1694	1721	1669	1701	35468
31.01.2022	1657	1680	1636	1675	32565
28.01.2022	1632	1667	1616	1658	20152
27.01.2022	1609	1641	1583	1613	21980
26.01.2022	1628	1687	1628	1674	43595
25.01.2022	1567	1630	1567	1617	35813
24.01.2022	1520	1539	1427	1506	92727
21.01.2022	1708	1716	1641	1693	64779
20.01.2022	1816	1889	1812	1876	9908
19.01.2022	1798	1849	1788	1807	16943
18.01.2022	1814	1817	1785	1809	22469
17.01.2022	1849	1854	1814	1829	15377
14.01.2022	1827	1858	1786	1849	27527
13.01.2022	1871	1895	1834	1854	16770
12.01.2022	1835	1899	1835	1871	26578
11.01.2022	1823	1845	1790	1835	21391
10.01.2022	1812	1828	1720	1811	63868
07.01.2022	1823	1860	1765	1787	84770
05.01.2022	2029	2038	1996	2001	10651
04.01.2022	2023	2068	2013	2030	20632
03.01.2022	2045	2067	2019	2023	20928
30.12.2021	2038	2060	2020	2045	15439
29.12.2021	2073	2087	2015	2060	25792
28.12.2021	2151	2151	2086	2086	26476
27.12.2021	2212	2258	2204	2236	21414
23.12.2021	2105	2132	2092	2122	21202
22.12.2021	2165	2173	2108	2132	18597
21.12.2021	2115	2158	2115	2123	30255
20.12.2021	2036	2036	1983	2014	28617
17.12.2021	2041	2058	1980	2036	26740
16.12.2021	2108	2148	2084	2096	22700
15.12.2021	2103	2135	2030	2045	28312
14.12.2021	2038	2083	2037	2041	36727
13.12.2021	2115	2145	2034	2034	41836
10.12.2021	2089	2176	2050	2056	35654
09.12.2021	2221	2233	2090	2114	64201
07.12.2021	2214	2286	2214	2267	28670
06.12.2021	2140	2175	2059	2129	87541
03.12.2021	2498	2540	2435	2453	24189
02.12.2021	2508	2522	2454	2464	21546
01.12.2021	2507	2588	2479	2580	22092
30.11.2021	2489	2589	2460	2511	34798
29.11.2021	2408	2555	2408	2512	27064
26.11.2021	2536	2536	2347	2382	66873
25.11.2021	2543	2617	2529	2599	21920
24.11.2021	2491	2532	2469	2518	16097
23.11.2021	2454	2524	2412	2519	23009
22.11.2021	2506	2600	2471	2530	26363
19.11.2021	2418	2531	2406	2510	34515
18.11.2021	2576	2586	2472	2480	27017
17.11.2021	2594	2622	2514	2586	33427
16.11.2021	2602	2645	2506	2611	45043
15.11.2021	2781	2822	2723	2734	25272
12.11.2021	2726	2755	2660	2682	28641
11.11.2021	2769	2775	2717	2733	35994
10.11.2021	2775	2885	2755	2874	31242
09.11.2021	2792	2832	2759	2775	49177
08.11.2021	2749	2781	2719	2754	43827
05.11.2021	2594	2609	2560	2560	9639
04.11.2021	2591	2610	2539	2560	29656
03.11.2021	2651	2651	2571	2600	23972
02.11.2021	2550	2686	2541	2664	32726
01.11.2021	2600	2612	2541	2550	22593
29.10.2021	2549	2600	2500	2600	30505
28.10.2021	2461	2578	2450	2550	24761
27.10.2021	2534	2548	2416	2461	57103
26.10.2021	2604	2650	2584	2599	21609
25.10.2021	2577	2665	2577	2659	31646
22.10.2021	2623	2662	2530	2530	40171
21.10.2021	2725	2798	2631	2645	67040
20.10.2021	2678	2819	2678	2798	72379
19.10.2021	2611	2666	2584	2627	40692
18.10.2021	2617	2637	2519	2611	62491
15.10.2021	2504	2548	2472	2505	42429
14.10.2021	2432	2442	2404	2432	43865
13.10.2021	2367	2397	2310	2392	32719
12.10.2021	2435	2458	2384	2414	31903
11.10.2021	2409	2450	2385	2435	52040
08.10.2021	2319	2415	2303	2323	41879
07.10.2021	2346	2352	2280	2310	47332
06.10.2021	2193	2362	2159	2346	75832
05.10.2021	2076	2161	2076	2125	142580
04.10.2021	2009	2037	1973	1991	22614
01.10.2021	1855	2025	1855	2004	50120
30.09.2021	1837	1844	1808	1828	14651
29.09.2021	1777	1793	1764	1783	11656
28.09.2021	1783	1787	1735	1744	19794
27.09.2021	1831	1856	1802	1802	23067
24.09.2021	1841	1886	1697	1767	71020
23.09.2021	1857	1863	1815	1832	20904
22.09.2021	1776	1791	1752	1775	25490
21.09.2021	1797	1825	1769	1785	40437
20.09.2021	1922	1924	1780	1843	64290
17.09.2021	2001	2007	1965	1989	16997
16.09.2021	2015	2025	1972	1989	20669
15.09.2021	1953	2006	1952	1999	23408
14.09.2021	1899	1953	1891	1946	23940
13.09.2021	1866	1960	1807	1842	51580
10.09.2021	1936	1942	1866	1882	35147
09.09.2021	1928	1974	1905	1954	29482
08.09.2021	1881	1950	1848	1925	53066
07.09.2021	2173	2179	1785	1945	92981
06.09.2021	2144	2175	2119	2150	40174
03.09.2021	2043	2110	2037	2102	39906
02.09.2021	2074	2100	2047	2064	44538
01.09.2021	1972	1994	1962	1966	23771
31.08.2021	1950	2005	1941	1972	23110
30.08.2021	2010	2014	1980	1990	20019
27.08.2021	1975	2028	1967	2022	21118
26.08.2021	1966	1991	1942	1973	29413
25.08.2021	2027	2037	1975	2035	26592
24.08.2021	2097	2099	2024	2027	26937
23.08.2021	2122	2137	2084	2099	48908
20.08.2021	1996	2073	1986	2060	31812
19.08.2021	1876	1940	1866	1931	23413
18.08.2021	1915	1920	1877	1902	20425
17.08.2021	1919	1972	1906	1932	25198
16.08.2021	1976	1995	1918	1921	29398
13.08.2021	1919	1950	1919	1928	36118
12.08.2021	1896	1906	1838	1845	47622
11.08.2021	1940	1965	1930	1958	29271
10.08.2021	1916	1939	1900	1906	40470
09.08.2021	1813	1941	1807	1925	51590
06.08.2021	1697	1744	1670	1733	42612
05.08.2021	1624	1630	1550	1629	27779
04.08.2021	1564	1639	1553	1628	17316
03.08.2021	1584	1598	1553	1572	19316
02.08.2021	1655	1672	1604	1637	25031
30.07.2021	1634	1641	1571	1613	19854
29.07.2021	1642	1677	1625	1637	24144
28.07.2021	1640	1700	1632	1638	46914
27.07.2021	1537	1604	1529	1589	27565
26.07.2021	1609	1626	1568	1586	51046
23.07.2021	1352	1360	1339	1346	13351
22.07.2021	1332	1345	1319	1339	28091
21.07.2021	1287	1331	1282	1330	25076
20.07.2021	1230	1243	1215	1240	56126
19.07.2021	1318	1318	1255	1280	74014
16.07.2021	1298	1320	1279	1318	24945
15.07.2021	1338	1341	1295	1310	25829
14.07.2021	1310	1354	1305	1350	16050
13.07.2021	1355	1369	1330	1341	13698
12.07.2021	1409	1415	1359	1370	13820
09.07.2021	1350	1380	1340	1372	10814
08.07.2021	1362	1377	1318	1350	27626
07.07.2021	1425	1437	1417	1420	19717
06.07.2021	1423	1439	1389	1398	20168
05.07.2021	1401	1420	1368	1382	20799
02.07.2021	1362	1389	1351	1375	16162
01.07.2021	1384	1401	1356	1382	18919
30.06.2021	1435	1444	1398	1406	26271
29.06.2021	1437	1492	1420	1479	35388
28.06.2021	1395	1427	1372	1402	31230
24.06.2021	1341	1391	1332	1389	28755
23.06.2021	1375	1418	1352	1355	54803
22.06.2021	1348	1350	1182	1266	135234
21.06.2021	1354	1391	1310	1348	90904
18.06.2021	1545	1566	1518	1522	20452
17.06.2021	1597	1626	1572	1589	19861
16.06.2021	1622	1630	1550	1560	27368
15.06.2021	1632	1634	1600	1608	32064
14.06.2021	1583	1660	1570	1644	61815
11.06.2021	1458	1512	1440	1480	34883
10.06.2021	1447	1533	1435	1467	64667
09.06.2021	1300	1440	1280	1433	99113
08.06.2021	1300	1323	1211	1214	91193
07.06.2021	1439	1461	1416	1424	39532
04.06.2021	1479	1479	1421	1449	45652
03.06.2021	1553	1582	1540	1553	37862
02.06.2021	1466	1525	1466	1521	35042
01.06.2021	1487	1500	1430	1449	46112
31.05.2021	1414	1497	1408	1487	48002
28.05.2021	1485	1505	1406	1477	114464
27.05.2021	1538	1625	1521	1595	36800
26.05.2021	1605	1639	1545	1560	70341
25.05.2021	1545	1569	1450	1503	56525
24.05.2021	1459	1570	1449	1519	84578
21.05.2021	1641	1670	1481	1522	122143
20.05.2021	1587	1735	1567	1720	146194
19.05.2021	1570	1619	1195	1480	560936
18.05.2021	1795	1830	1703	1735	83457
17.05.2021	1800	1848	1755	1757	160491
14.05.2021	2008	2086	1990	2075	85323
12.05.2021	2307	2320	2265	2275	27986
11.05.2021	2278	2278	2210	2253	50514
10.05.2021	2373	2402	2302	2334	58028
07.05.2021	2315	2343	2275	2331	28786
06.05.2021	2347	2404	2322	2341	31608
05.05.2021	2225	2370	2225	2363	52678
04.05.2021	2306	2333	2192	2199	78663
03.05.2021	2384	2416	2351	2370	78916
30.04.2021	2212	2220	2204	2205	34796
29.04.2021	2219	2232	2161	2180	34199
28.04.2021	2235	2260	2205	2219	44400
27.04.2021	2252	2285	2230	2258	40667
26.04.2021	2148	2234	2148	2214	58938
23.04.2021	2013	2049	1920	1998	148619
22.04.2021	2247	2268	2172	2225	75936
21.04.2021	2282	2324	2237	2316	37674
20.04.2021	2200	2321	2166	2250	56156
19.04.2021	2385	2398	2240	2250	81530
16.04.2021	2560	2560	2472	2545	52632
15.04.2021	2604	2617	2575	2583	27441
14.04.2021	2700	2710	2590	2604	48353
13.04.2021	2533	2674	2533	2655	68945
12.04.2021	2542	2565	2491	2498	44621
09.04.2021	2425	2469	2409	2446	28526
08.04.2021	2404	2430	2362	2425	26321
07.04.2021	2466	2466	2341	2404	50945
06.04.2021	2504	2524	2445	2457	38534
01.04.2021	2542	2547	2499	2504	19595
31.03.2021	2553	2568	2450	2542	55424
30.03.2021	2470	2546	2470	2527	38192
29.03.2021	2342	2485	2342	2440	68906
26.03.2021	2255	2289	2242	2288	49345
25.03.2021	2214	2261	2134	2170	121934
24.03.2021	2332	2403	2332	2343	42666
23.03.2021	2290	2340	2259	2288	56604
22.03.2021	2414	2454	2372	2382	56678
19.03.2021	2422	2481	2390	2460	31515
18.03.2021	2414	2492	2388	2478	80786
17.03.2021	2318	2338	2256	2305	52017
16.03.2021	2315	2345	2264	2308	55493
15.03.2021	2390	2426	2272	2350	106267
12.03.2021	2348	2380	2281	2372	53425
11.03.2021	2290	2373	2240	2349	54786
10.03.2021	2259	2350	2259	2339	46997
09.03.2021	2219	2295	2219	2250	70162
08.03.2021	2062	2130	2048	2119	76171
05.03.2021	1961	2019	1915	1938	103535
04.03.2021	2076	2110	2002	2028	61490
03.03.2021	2051	2185	2051	2126	73596
02.03.2021	2015	2055	2000	2006	35224
01.03.2021	1907	2060	1906	2055	71387
26.02.2021	1834	1974	1825	1970	113152
25.02.2021	2024	2091	1963	2063	49810
24.02.2021	2008	2090	1970	2006	81596
23.02.2021	2000	2008	1828	1920	298542
22.02.2021	2257	2300	1950	2167	291790
19.02.2021	2092	2172	2087	2162	64090
18.02.2021	2106	2115	2057	2087	66676
17.02.2021	2075	2108	2053	2071	92239
16.02.2021	1983	2049	1970	1991	72738
15.02.2021	1928	1970	1921	1960	46381
12.02.2021	1940	1959	1880	1940	61151
11.02.2021	1821	1973	1810	1940	95001
10.02.2021	1909	1925	1767	1820	84866
09.02.2021	1960	1982	1856	1902	135686
08.02.2021	1592	1869	1585	1815	292576
05.02.2021	1545	1565	1522	1550	68278
04.02.2021	1550	1580	1487	1506	87675
03.02.2021	1476	1516	1455	1503	55702
02.02.2021	1395	1450	1390	1419	71370
01.02.2021	1378	1419	1349	1360	80696
29.01.2021	1304	1571	1300	1499	299429
28.01.2021	1261	1295	1245	1271	92437
27.01.2021	1270	1275	1175	1234	116548
26.01.2021	1278	1308	1246	1265	62277
25.01.2021	1333	1400	1311	1369	79458
22.01.2021	1231	1321	1205	1302	124496
21.01.2021	1393	1395	1246	1277	171638
20.01.2021	1458	1471	1350	1378	119797
19.01.2021	1513	1539	1493	1535	62300
18.01.2021	1469	1545	1464	1477	66883
15.01.2021	1578	1587	1400	1456	114828
14.01.2021	1556	1644	1530	1630	173445
13.01.2021	1396	1415	1366	1395	103786
12.01.2021	1455	1468	1291	1372	258833
11.01.2021	1386	1487	1210	1259	490976
08.01.2021	1561	1670	1526	1616	208843
07.01.2021	1400	1573	1365	1561	244438
05.01.2021	1239	1275	1238	1258	44702
04.01.2021	1273	1290	1110	1240	319049
30.12.2020	1124	1134	1088	1110	90836
29.12.2020	1062	1081	1041	1050	59455
28.12.2020	1078	1095	1054	1081	137654
23.12.2020	939	969	917.3	950	56107
22.12.2020	907.3	948.3	898.5	939	95855
21.12.2020	968.9	973	885.7	929	110730
18.12.2020	927.2	933.3	889.4	898	69124
17.12.2020	902.2	964	900	943	203923
16.12.2020	779.9	843	776.2	840	117962
15.12.2020	776.3	780.8	769.1	779.9	28695
14.12.2020	772.1	778.9	765.5	773	38132
11.12.2020	719.7	733	709.8	728	50433
10.12.2020	745.2	754.2	723.3	735	26438
09.12.2020	721	758.1	708.5	744.9	76328
08.12.2020	767.1	770	747	762	64405
07.12.2020	780.6	783.8	763.9	768.5	39071
04.12.2020	780.1	785.9	750	762	62153
03.12.2020	782	794	778	780.1	42624
02.12.2020	778	793.4	768	775	45163
01.12.2020	793	816.1	742	778.5	165475
30.11.2020	730	798.5	730	793	199588
27.11.2020	692.9	701.6	672	683.7	129746
26.11.2020	711	711	664	692.7	271106
25.11.2020	771	790	765.9	772.5	70061
24.11.2020	761	789	757	782.7	273417
23.11.2020	763.8	769	750	761.3	80041
20.11.2020	750	773	744	769	88700
19.11.2020	726	750.8	712.3	743.3	85752
18.11.2020	733.7	745	703.4	726.2	125824
17.11.2020	688.8	713	682.6	708.5	106352
16.11.2020	669.6	685	666.5	684	41228
13.11.2020	669.6	678.8	660.9	661	52081
12.11.2020	657	666	644.1	666	62705
11.11.2020	631.6	652.3	628.3	652.3	72361
10.11.2020	621	633.7	615	622	38636
09.11.2020	628.9	650	600.3	606.4	117730
06.11.2020	644.8	649	626.7	630.6	125594
05.11.2020	598.2	628	591	621.5	213045
04.11.2020	566	585	565.4	585	67603
03.11.2020	562.6	576.1	560.1	568.4	69424
02.11.2020	572	577	552.1	566	91211
30.10.2020	557	559.8	548.6	557.1	37902
29.10.2020	543.8	567.3	542.5	567	50595
28.10.2020	562.7	568.5	534.1	543.8	115909
27.10.2020	542.6	560	542.6	559	106315
26.10.2020	542	553.5	538.2	542.6	53253
23.10.2020	537.1	541.8	535	539.4	36258
22.10.2020	529.6	543.5	528.2	539.3	58000
21.10.2020	502	530	499.1	525	97482
20.10.2020	489.3	496.3	486.1	496.3	33461
19.10.2020	473.2	486.1	473.2	486.1	34713
16.10.2020	473	473	466	471.5	12045
15.10.2020	472.9	475.8	468.2	473	13302
14.10.2020	471	476.9	469.2	472.9	19440
13.10.2020	474	476.6	465.9	469.1	28191
12.10.2020	470.8	477	462.5	474	43229
09.10.2020	453.1	461.9	450.3	456.6	38908
08.10.2020	441.5	457.6	436.2	455	23217
07.10.2020	443	443	438.8	442.1	6049
06.10.2020	449	449	440	443	13589
05.10.2020	442	449	441.9	449	23832
02.10.2020	440	440	432	439.5	22203
01.10.2020	452.3	456	450.6	455	7022
30.09.2020	449.6	452.3	447.3	452.3	9494
29.09.2020	455.7	455.7	448.7	452.3	10372
28.09.2020	461.8	464.6	459.3	463	14455
25.09.2020	452	455.5	450	454	13063
24.09.2020	433.4	445	431.5	444.2	14141
23.09.2020	432.7	439.9	429.2	439.1	7831
22.09.2020	428.8	435	428	432.6	7624
21.09.2020	449.8	449.8	425	425.9	40137
18.09.2020	448.6	455	447.5	449.8	10672
17.09.2020	453.8	453.8	443	447.1	12219
16.09.2020	447	454.2	447	453.8	12850
15.09.2020	441.1	451.3	437	446.9	22023
14.09.2020	425.1	441.1	425	441.1	13306
11.09.2020	423.6	425	420	425	10666
10.09.2020	425.5	429.4	420.5	429.1	13694
09.09.2020	416.1	425	416.1	423.5	19651
08.09.2020	421.1	428.1	409	419	31486
07.09.2020	414.7	419.1	409	416.4	95606
04.09.2020	423.8	434.5	410	423	74341
03.09.2020	464.7	471.7	440	441.6	62221
02.09.2020	486.2	486.6	460	466.1	54060
01.09.2020	482	491	482	491	38345
31.08.2020	473	481	471	477.6	19333
28.08.2020	464.3	472.2	460.2	468	33526
27.08.2020	469	474.5	461	462.7	32527
26.08.2020	468.2	472.9	460.6	469	28303
25.08.2020	480	480.7	465	469.9	42382
24.08.2020	486	489	485	487	21368
21.08.2020	487.5	489	481.2	486	25055
20.08.2020	481.2	489	478.3	488	17844
19.08.2020	477.4	485	475	477.3	35717
18.08.2020	504.1	506	481.5	490	106579
17.08.2020	482.1	505	481.2	504.1	56503
14.08.2020	477.9	486	477.9	480.9	39727
13.08.2020	476	476	460.9	471.8	25587
12.08.2020	469	478.2	465.5	476	26350
11.08.2020	489.9	491.3	470.7	478.4	35243
10.08.2020	497	500	476	496.6	51761
07.08.2020	485.6	490.9	477	480.9	40721
06.08.2020	485	491	481.5	485.6	59337
05.08.2020	463.8	485	463.8	483	53490
04.08.2020	470.6	473.4	458.3	467.5	45115
03.08.2020	470.6	479	466.6	477	59448
31.07.2020	458	470.9	454.5	470.6	31255
30.07.2020	464.2	464.2	453	453.8	42871
29.07.2020	463	474.1	457	470.7	41156
28.07.2020	456	469	441.8	467	98086
27.07.2020	425.1	433.9	418.2	430	104504
24.07.2020	395.6	398.7	393	395.4	26890
23.07.2020	395.1	398	393	396.1	25886
22.07.2020	388.1	390.3	385	386.3	8069
21.07.2020	382	395.1	381.4	388.1	24031
20.07.2020	383.5	386.1	381.2	382	13363
17.07.2020	383.4	386.4	382.3	383.5	8964
16.07.2020	387	387	380.4	381.2	21163
15.07.2020	389.4	391	386	387	8304
14.07.2020	393	394.2	388.3	389.4	17919
13.07.2020	394.4	399.1	394.4	398.3	20383
10.07.2020	395.9	395.9	390.7	393	13147
09.07.2020	405.3	405.3	396	396	15222
08.07.2020	398.4	407	398.4	406.9	17220
07.07.2020	400	403	397	397.8	15899
06.07.2020	397	403	395.8	403	18672
03.07.2020	396.7	398.3	393.5	396.6	17726
02.07.2020	398.6	403.2	393.7	396.7	15083
01.07.2020	398.3	404	395.6	399	16002
30.06.2020	397.8	402	394	398.3	15952
29.06.2020	393	396	389.3	392	15085
26.06.2020	402	402	393.3	399.7	24142
25.06.2020	401.8	407.6	398.8	402	15114
24.06.2020	417.4	418.5	403.3	404.5	24461
23.06.2020	420.2	421	416.4	419.9	13206
22.06.2020	414.1	418	412.5	414.7	12704
18.06.2020	410.1	414.5	410	414.5	14046
17.06.2020	414	417	410	410.1	12090
16.06.2020	408.3	418.8	408.3	414	16481
15.06.2020	396.9	404.6	395	404.6	28513
12.06.2020	408.8	415	405.9	412.4	29074
11.06.2020	423	426.7	407.5	408.8	45868
10.06.2020	418.9	422.9	417.3	422.9	10058
09.06.2020	417.1	422.5	415.4	418	20372
08.06.2020	417.9	423	415.8	417.1	19021
05.06.2020	419.7	425.5	412.6	415.8	27821
04.06.2020	421.9	427.4	417	422.1	23701
03.06.2020	416.7	428.3	415	418.1	24143
02.06.2020	444.5	451	410	415.3	73993
01.06.2020	422.6	424.3	418.3	421.1	20300
29.05.2020	424.8	425.1	411.3	415	32188
28.05.2020	416.2	426.5	409.9	424.8	19072
27.05.2020	398.1	417.8	397.5	417.1	23362
26.05.2020	402	410	395.9	398.1	32651
25.05.2020	402.8	406	395.1	401	44695
22.05.2020	416.8	422	414.4	422	30049
20.05.2020	447	450	443.5	447.7	19427
19.05.2020	441.6	454	438.1	447	49528
18.05.2020	456	458.8	442.4	448.5	54649
15.05.2020	446.6	454	437.7	442.4	74897
14.05.2020	442	468.5	439	455.8	111547
13.05.2020	411.6	425.8	410	424.6	36400
12.05.2020	407.4	413.2	401	411.3	48023
11.05.2020	402.6	426.5	393	417	135024
08.05.2020	450	465	450	465	75655
07.05.2020	430	448.6	427	442	67318
06.05.2020	419.2	434	415.5	430.7	87767
05.05.2020	415.2	422.3	406.3	409	41430
04.05.2020	401.4	410.9	396.3	407.5	66613
30.04.2020	429.9	433.6	395.4	408	87129
29.04.2020	365.1	390.9	362.7	385.5	75534
28.04.2020	359.6	363	353.1	353.4	43962
27.04.2020	357	361.7	355.9	359.3	39399
24.04.2020	354.1	359	346.6	352	61538
23.04.2020	329.1	364.5	327.9	351	71253
22.04.2020	322.2	333	321.8	333	30070
21.04.2020	323	323	314.3	317	54584
20.04.2020	331.5	334.7	318.8	329.5	31365
17.04.2020	327	332.2	324.3	326.4	20575
16.04.2020	309.8	330	309.8	325.8	176739
15.04.2020	319.4	320.4	308.4	309.8	32192
14.04.2020	318.8	324	312.3	320.4	42072
09.04.2020	341.6	343.9	339.4	343	20878
08.04.2020	343.1	346.7	334.5	338.4	59130
07.04.2020	344.2	349.5	337.8	340.6	54640
06.04.2020	334.2	342.3	330	337.2	73840
03.04.2020	317.7	333	317.7	321.5	69368
02.04.2020	305.6	320	305.5	315	44098
01.04.2020	292.7	292.7	284	287.9	49322
31.03.2020	299.7	304.6	295	296.3	20041
30.03.2020	287	298	286	297.1	38128
27.03.2020	308.1	311.9	301.9	302.8	27493
26.03.2020	311	312.2	302.9	305.1	59000
25.03.2020	313	326.2	302.1	316.8	90957
24.03.2020	312	327.1	305.2	310	81602
23.03.2020	285.1	316.7	276.4	299.6	110478
20.03.2020	302.8	335.6	300	315.3	147631
19.03.2020	255	296.5	254.2	296.2	150714
18.03.2020	232.1	249	224.4	242.5	64311
17.03.2020	234.3	248.5	226	241.9	268113
16.03.2020	210.4	229.3	187.9	215.2	328742
13.03.2020	250	269	220	232	180420
12.03.2020	327	332	250.7	271.8	261683
11.03.2020	351	353.4	328	344	34713
10.03.2020	347.1	365.1	346	351.3	51940
09.03.2020	364.9	364.9	335	339.4	87776
06.03.2020	408.3	408.8	401.7	401.7	30943
05.03.2020	401.4	412	397.1	408.5	48524
04.03.2020	392.9	397.3	390	393.2	30145
03.03.2020	396	401.6	386.6	389	29598
02.03.2020	389.8	402	383.3	398.1	41485
28.02.2020	400	402.1	382.3	394.8	63288
27.02.2020	401.8	408	395.4	406	65495
26.02.2020	422.2	425.1	401	405.5	141769
25.02.2020	440.1	448.9	428.8	429.9	45278
24.02.2020	456.6	459.9	448.8	449.2	27156
21.02.2020	452.7	456.6	449	452.4	30680
20.02.2020	445	448.9	442.2	443.7	33089
19.02.2020	469	479	468.7	469.6	137324
18.02.2020	451.7	463.8	446.5	462.1	39855
17.02.2020	454.9	457.9	436.1	442.9	61679
14.02.2020	469.7	479.8	467.9	479	25574
13.02.2020	475	483	463	476	63348
12.02.2020	477.5	480	471.1	474.5	33319
11.02.2020	447.4	478.7	446.2	473.9	31371
10.02.2020	457.4	461.5	447.5	454	43203
07.02.2020	449.9	454.7	445	453.4	34031
06.02.2020	437.6	453	435	450	35579
05.02.2020	417	436.9	416.1	434.2	33283
04.02.2020	425.6	426	411.3	415.5	41738
03.02.2020	428	429.8	424	427.5	23235
31.01.2020	429.1	431.7	421.4	424	32665
30.01.2020	429	432	423.2	432	37685
29.01.2020	424.1	428	420.2	426	38956
28.01.2020	410.1	416	407	409.7	213685
27.01.2020	389	401.5	386.5	400.4	22872
24.01.2020	369.8	384.8	366.8	381.4	34126
23.01.2020	385.5	385.5	369	373.2	66143
22.01.2020	389.5	391	384.5	387.8	24811
21.01.2020	386.6	389.9	385.1	386.7	25554
20.01.2020	389.7	390	379.7	386.6	33613
17.01.2020	398.3	403.4	391.8	398.3	135465
16.01.2020	390.2	391.5	382.9	387.5	46542
15.01.2020	388.1	401	385.5	394.7	46838
14.01.2020	380.4	394	375.7	384.8	64588
13.01.2020	362.5	365	360.1	361	22456
10.01.2020	344.2	364.2	342	360	40190
09.01.2020	355.2	355.6	348	348	32694
08.01.2020	368.3	374.6	364.6	372.4	85611
07.01.2020	348.7	353.2	343.6	349.3	53380
03.01.2020	314.7	326.4	314.7	322	28806
02.01.2020	310.6	312.5	307	310.5	16472
30.12.2019	319.5	321	313.1	315.2	21670
27.12.2019	316.6	316.6	307.7	314.8	29554
23.12.2019	331	338.5	330.3	336.5	42903
20.12.2019	316.1	319	312.3	315.4	30270
19.12.2019	313.9	319.5	310.6	317.2	34154
18.12.2019	292	303.5	282	299.2	75514
17.12.2019	301.6	302	290.3	293	38757
16.12.2019	311	311	307	308.4	24571
13.12.2019	319	319	315	317.6	69484
12.12.2019	313.7	319.2	311.2	316.9	23046
11.12.2019	319.1	320	314.7	314.7	17558
10.12.2019	327.6	330.5	319.8	320	27078
09.12.2019	332.6	341.9	330.5	330.5	31583
06.12.2019	328	332.7	326	331	16624
05.12.2019	326	335	325.6	327	18300
04.12.2019	319.7	346	315.2	332.5	53525
03.12.2019	326	329.4	323	326.4	20647
02.12.2019	327.7	329	320.7	325.9	55276
29.11.2019	340.5	353.9	332	348.5	65042
28.11.2019	339.4	345	336	341.2	37678
27.11.2019	319.4	333.4	308.3	330	79539
26.11.2019	326.6	329.5	316.8	319.4	32687
25.11.2019	300.5	335.9	298.5	330.5	109887
22.11.2019	343.9	351.2	305.3	324.9	153871
21.11.2019	370.2	370.2	336.8	346	77180
20.11.2019	373.2	374.2	370.1	370.2	15850
19.11.2019	371.7	374.6	364.5	372.4	41649
18.11.2019	387.5	388	382.6	384	14904
15.11.2019	395.8	405.4	383	387.5	37923
14.11.2019	401.9	402.5	396	400	17223
13.11.2019	401.9	409.8	401.9	405	22361
12.11.2019	403	410.6	396.3	400	34247
11.11.2019	406.7	407.9	398.1	401.8	29228
08.11.2019	420	420	398.2	405.7	51004
07.11.2019	425.5	425.8	415.5	420	24968
06.11.2019	432.5	435.9	426.9	428.5	23142
05.11.2019	425.9	435.2	422	432.5	26409
04.11.2019	420.2	430	415.8	429	35788
01.11.2019	420.8	422.3	415.9	420.2	2089
31.10.2019	417.9	435	413	426.5	68340
30.10.2019	426.6	428.4	415	417	39005
29.10.2019	435	440.5	428.3	431.4	55273
28.10.2019	422.6	437	422.6	429.7	104255
25.10.2019	341	353.9	341	352	26898
24.10.2019	337	343.7	336	341	30912
23.10.2019	364.6	367	339	342	61415
22.10.2019	375.3	379	372.2	373	10321
21.10.2019	375.1	380	372	375.3	25779
18.10.2019	365.8	365.8	358.3	362.6	15728
17.10.2019	369	373.2	367	368.4	26443
16.10.2019	380	380	366	370	38369
15.10.2019	384.9	388.1	381.1	382.5	7665
14.10.2019	387	388.6	383.4	383.8	13524
11.10.2019	403.4	403.4	385	385	42937
10.10.2019	408.9	410.5	397.3	403.6	25670
09.10.2019	383.6	408.8	383.3	408.8	23922
08.10.2019	389.5	390.1	384.3	386.2	24321
07.10.2019	367.3	389	365	388.2	36064
04.10.2019	380.3	384.8	376.7	383.5	25915
03.10.2019	388.8	392.9	376.8	380.6	23742
02.10.2019	389.7	393	386.5	388.7	17776
01.10.2019	398.1	400.9	392.5	395	53329
27.09.2019	375.5	379.7	367.8	368	79198
26.09.2019	393	395.3	375	380	82675
25.09.2019	397.9	397.9	380	393.5	125292
24.09.2019	457.1	457.1	435.1	443.8	88579
23.09.2019	464.7	468	455.6	458.5	43382
20.09.2019	473	479.7	469.6	475	68423
19.09.2019	464	464	459	460.5	26894
18.09.2019	477.2	479	470.5	470.5	30828
17.09.2019	473	478	472	477	19020
16.09.2019	479.3	481	467.9	472.7	20825
13.09.2019	477.8	481.9	475.2	479.3	32130
12.09.2019	468	483	468	480.5	38251
11.09.2019	463.2	471.3	460.9	468	71368
10.09.2019	478	483	471.5	474.9	22256
09.09.2019	477.2	487.5	467.6	478.2	71574
06.09.2019	498	509.8	497.4	506.5	50190
05.09.2019	492.4	495.8	484.3	490	25124
04.09.2019	501.2	501.9	484.4	489	37509
03.09.2019	491.8	512	487.7	504	68770
02.09.2019	458.3	474.8	458.3	471.7	52429
30.08.2019	447.5	456.6	447.5	454	38834
29.08.2019	450	451.9	432.4	447.5	84682
28.08.2019	470	480.8	470	476.5	23117
27.08.2019	476	476	467.3	470	30221
26.08.2019	482.6	484	475.8	478.6	17444
23.08.2019	477	487.2	470.5	484	38938
22.08.2019	466	478	456.8	476	37901
21.08.2019	473.4	476.9	460	466	82701
20.08.2019	504.3	512.4	496	496	49036
19.08.2019	485.4	508.4	485.4	503.2	52868
16.08.2019	466.1	480	462	475	46835
15.08.2019	445	476.9	439	472.9	89211
14.08.2019	490.7	494.1	480	486.5	80875
13.08.2019	522.3	526	497.5	508	64666
12.08.2019	528.7	529	518.4	523.5	34661
09.08.2019	543.5	554.4	538	542	42965
08.08.2019	548.7	555.4	536.2	540	33207
07.08.2019	537.2	563.5	525.6	541	62438
06.08.2019	559.7	575	533	540	106691
05.08.2019	547.2	555.8	541.8	543	96127
02.08.2019	488.4	498.8	482.6	498.6	78346
01.08.2019	467.8	471	461.1	466.5	19103
31.07.2019	451.4	468	451.4	468	36234
30.07.2019	440	452.4	438	451.3	21718
29.07.2019	442.4	443.6	432	440	26842
26.07.2019	445.1	453	442	450	23777
25.07.2019	456.8	463.7	450.1	454	29282
24.07.2019	444	447.8	433.3	447.5	28749
23.07.2019	459	462	445.9	450	52854
22.07.2019	477.1	480	460	464.1	36857
19.07.2019	473.6	488.9	459.1	470.3	62320
18.07.2019	444.3	476.7	418.3	471.9	72274
17.07.2019	430.6	443.4	404.1	441	164388
16.07.2019	480	494.8	467.6	467.6	66164
15.07.2019	468.5	480	458.7	477.5	175000
12.07.2019	521.6	541	521.6	527	78946
11.07.2019	525	544.1	521.8	538.4	141104
10.07.2019	599.4	604.1	550	563	92888
09.07.2019	591.8	596	560.8	573.1	109488
08.07.2019	523.5	554	523.5	549	75193
05.07.2019	495.6	525	486.2	521.7	91353
04.07.2019	533.7	544.8	525	543	71705
03.07.2019	518	525	496.8	516.5	190883
02.07.2019	437	474.7	430.1	466.6	174214
01.07.2019	485.1	494	450	453	165976
28.06.2019	500.7	548	499.2	530	172672
27.06.2019	560.5	570	497.2	523	325316
26.06.2019	573.3	590	556.1	585.1	132569
25.06.2019	506	520	499.7	514.5	131784
24.06.2019	484.9	497.8	484.8	495	84403
20.06.2019	421.3	430.8	418.7	425.6	31627
19.06.2019	417.7	423.3	414.9	417.9	24142
18.06.2019	422.4	426.6	414	414	47529
17.06.2019	414.6	431.5	414.4	423.8	79733
14.06.2019	373.1	384	371.7	384	34891
13.06.2019	368.8	373.2	363.3	373.1	20505
12.06.2019	356.4	374.2	354.4	368.8	19631
11.06.2019	355	359.5	347.2	348.5	16180
10.06.2019	346	363.6	341.2	354.5	31558
07.06.2019	360.8	362.2	352.7	353	25537
05.06.2019	350	354	341.8	341.8	26460
04.06.2019	357.9	360.8	349.1	360.2	49284
03.06.2019	391	393.4	380	384.9	46983
31.05.2019	382.1	391.5	379	389.2	74142
29.05.2019	394.4	404.2	392	404	10030
28.05.2019	407	408.6	393.4	402.5	48009
27.05.2019	406	414.4	401.8	412.9	95114
24.05.2019	359.6	377.4	358.4	376.3	46120
23.05.2019	358	359.9	346	359.6	44779
22.05.2019	374	375	365	375	46988
21.05.2019	368	375.3	367	374.5	60680
20.05.2019	362	370	348.6	361	78667
17.05.2019	330	340.6	317.3	329.5	109579
16.05.2019	375.1	378	355	365.7	60382
15.05.2019	372.5	378.5	361.3	368.5	89704
14.05.2019	374.5	390.6	362.4	372.5	232205
13.05.2019	325.1	370.1	325.1	360.9	163913
10.05.2019	291.7	293.7	288	290	77452
09.05.2019	279.9	281.2	274.3	277.8	39951
08.05.2019	267.2	269.5	263	269.4	26105
07.05.2019	268	273.7	263.1	268	49158
06.05.2019	258.2	260	254.2	258.8	26945
03.05.2019	249	265.4	249	261	61153
02.05.2019	239	247.2	239	246.8	33977
30.04.2019	233	233.2	230	233.1	12622
29.04.2019	231.2	234	229.6	233.2	26624
26.04.2019	235	235	230	231.2	28029
25.04.2019	242.9	249.5	241	248.9	25809
24.04.2019	250.3	251.3	239.3	244.9	28057
23.04.2019	241.5	250.3	241.4	248.1	108661
18.04.2019	228.7	230.1	227.3	228.5	9105
17.04.2019	224.3	227.5	223.2	227.3	23541
16.04.2019	222.3	222.3	216.6	219.4	15347
15.04.2019	222.7	226.5	221	224.4	11409
12.04.2019	218.5	220.7	215.5	220.3	16379
11.04.2019	228	228	215.5	220.4	37693
10.04.2019	227.5	231.9	227.2	228.4	50123
09.04.2019	229.1	229.1	223.4	225.4	30446
08.04.2019	228.9	230.8	223	229.7	49230
05.04.2019	214.1	221.8	213	215.3	37754
04.04.2019	222	222	213.7	215.4	74951
03.04.2019	216.1	222	214	220.5	51959
02.04.2019	204	212	203.4	205.9	66277
01.04.2019	175.8	180.1	175.7	179.6	53788
29.03.2019	173.5	175.8	172.9	175.7	15727
28.03.2019	171.5	173.8	171	173.3	9620
27.03.2019	170	172	168.7	171.5	7651
26.03.2019	167.7	167.7	164	165	26816
25.03.2019	170.7	170.7	167	168	8889
22.03.2019	166.5	172	166.5	171.9	7204
21.03.2019	170	172.3	164.3	166.5	30662
20.03.2019	170	170	168.5	170	12505
19.03.2019	169.8	170	167.7	170	6295
18.03.2019	167.8	169.9	167.5	168.5	10299
15.03.2019	164.8	167.5	163.6	165.3	11236
14.03.2019	164	168	163.5	164.8	16340
13.03.2019	167.7	168.5	164.7	166.3	8823
12.03.2019	167.1	168.6	164.4	167.7	11311
11.03.2019	169.5	169.8	165.2	168.4	16451
08.03.2019	170	170.6	168.4	170	28203
07.03.2019	164.1	170	164.1	170	18424
06.03.2019	166.8	167	163.9	164.1	11570
05.03.2019	160	167.9	158.8	167.4	30617
04.03.2019	159.4	160.6	156.5	160.6	37093
01.03.2019	163.8	164.4	161.3	162.9	3105
28.02.2019	162.2	164.8	160	164.8	14373
27.02.2019	163.6	163.7	161	162.2	7734
26.02.2019	163.2	164.3	161.8	162.3	9745
25.02.2019	162.6	163.5	159.8	163.2	24172
22.02.2019	169	171.6	168.1	170	12404
21.02.2019	169.9	171.4	168	170	19947
20.02.2019	169.1	171.9	167	170	21317
19.02.2019	167.6	172.7	165.6	172.3	35280
18.02.2019	156	164.8	156	164.6	63419
15.02.2019	153.2	153.8	150.4	150.4	18873
14.02.2019	151	152	150.1	151.4	14408
13.02.2019	151.5	153.2	150	152	30362
12.02.2019	152.5	152.9	150.5	151	13829
11.02.2019	152.1	154	151.9	152.5	23333
08.02.2019	140.7	146.9	140.7	144.8	22106
07.02.2019	141.5	142.6	140.5	140.6	18936
06.02.2019	139.8	142	139.3	141.5	16941
05.02.2019	141.1	142.7	141	142.6	12647
04.02.2019	141.4	142.1	139.8	141.4	5354
01.02.2019	139.4	142.3	138.4	141.4	38264
31.01.2019	141.7	141.7	138.8	141	20667
30.01.2019	140.3	144	140.3	141.7	7028
29.01.2019	138.5	141.9	137.3	140.3	40806
28.01.2019	143.5	143.5	139.2	139.6	41773
25.01.2019	147	148.4	145.2	146	17587
24.01.2019	145.7	147.9	145.7	147	19099
23.01.2019	148.5	148.5	145.6	145.7	22601
22.01.2019	146.5	148.6	141	148.6	28713
21.01.2019	147	147	144.3	146.5	7391
18.01.2019	149	149.3	146.9	149.3	4488
17.01.2019	147.4	150	146.8	149.7	16157
16.01.2019	147.4	150.5	145.5	147	18831
15.01.2019	149.5	150.9	147.7	149.6	22662
14.01.2019	146.4	152.2	143.3	149	30859
11.01.2019	147.2	149.8	145.4	148.2	27941
10.01.2019	156.2	156.2	142.9	144.5	40694
09.01.2019	165.6	167.2	161.9	163.4	36257
08.01.2019	166	169.7	162.3	165	61422
07.01.2019	165.6	167	163	165.9	40702
04.01.2019	157.1	158.6	153.3	153.5	29556
03.01.2019	159.5	160.8	155	157	56117
02.01.2019	154.1	160.2	154.1	159.2	42026
28.12.2018	150	162.6	146.3	159	48871
27.12.2018	157.1	160	153.9	157	47221
21.12.2018	170.3	174.8	166	166	48978
20.12.2018	158	174.6	156	170.5	75899
19.12.2018	157.3	168.4	156	159.1	119133
18.12.2018	147.6	150.5	143	148.9	69956
17.12.2018	134.1	143.5	134	142.2	82048
14.12.2018	136.9	138	132	132.5	59280
13.12.2018	141	143.4	139.6	141.2	37077
12.12.2018	140	146.7	140	145.1	44027
11.12.2018	142.2	142.9	137.5	138.1	74038
10.12.2018	143.8	147.8	141.9	144.8	31120
07.12.2018	140	143	135	135.4	246313
06.12.2018	160	162.4	147.3	151.8	96261
05.12.2018	161.5	163.9	156.4	159.1	45675
04.12.2018	165.3	170.1	164.3	166.9	47649
03.12.2018	168.8	170.2	158.3	158.3	91267
30.11.2018	179.7	180.7	164.2	168	74256
29.11.2018	178.1	190.1	172.5	183.3	104426
28.11.2018	172.9	183.5	169.4	179	112931
27.11.2018	159.6	160.8	151	154.7	207257
26.11.2018	173.7	173.7	153	155	314180
23.11.2018	182.9	186.9	180	182	68155
22.11.2018	193.1	195.8	184.6	189.6	46148
21.11.2018	193	203	188.6	192.6	389585
20.11.2018	201	206	182.1	203	707091
19.11.2018	230.7	230.7	212.3	212.3	118687
16.11.2018	235.2	238.6	232.1	236.3	23073
15.11.2018	242.6	242.6	222	235.2	148936
14.11.2018	269	272.9	250	250	23846
13.11.2018	273.9	274	269.1	269.1	5076
12.11.2018	274.3	277	274	274	20865
09.11.2018	274.5	276	270.7	272.8	17519
08.11.2018	276	276.6	272.1	272.1	17034
07.11.2018	278.1	279.5	277	278.2	14513
06.11.2018	274.9	277.8	273.9	277	21291
05.11.2018	275.5	277.1	274.3	274.9	20442
02.11.2018	270.2	271.6	269.9	270.3	8505
01.11.2018	273	273	269.5	270.2	11629
31.10.2018	271	276.7	270.2	272.8	23933
30.10.2018	271.1	274	270.2	271.1	13049
29.10.2018	276.5	278	266.1	270.6	29946
26.10.2018	275.8	281.1	275.2	276.4	25252
25.10.2018	279.1	279.1	275.7	276.2	14054
24.10.2018	274.5	278.3	273.6	277.1	25752
23.10.2018	272.9	274.8	271.9	272.7	33316
22.10.2018	273	273.7	272	272.4	15882
19.10.2018	273.7	274.7	272	272.4	22192
18.10.2018	274.5	276.9	272.7	275.4	24916
17.10.2018	272.5	274.6	271.2	274.1	6234
16.10.2018	273	278.4	270.8	272.5	35513
15.10.2018	289.1	289.1	269	271.4	145631
12.10.2018	262.7	265	261.6	263.6	46867
11.10.2018	269.6	269.6	260.3	264	45562
10.10.2018	281.7	283.3	280	282	20560
09.10.2018	287	287	284.5	285.2	23720
08.10.2018	282.4	290	282.2	287	35224
05.10.2018	280.6	282.9	280.6	282.4	25476
04.10.2018	281.3	282.1	280.1	282.1	19904
03.10.2018	276.4	278.8	273.1	277.5	13502
02.10.2018	279.8	281.7	277.1	279.1	25164
01.10.2018	281.3	281.3	275	276.8	29694
28.09.2018	280.5	286.7	276	281.3	46138
27.09.2018	270.5	273.3	268.2	272.7	21420
26.09.2018	267.1	274.2	267.1	273.4	49452
25.09.2018	271	271	264.6	266	67100
24.09.2018	279.1	280.3	274.9	275.7	62091
21.09.2018	274.2	283.8	273.4	280.4	101277
20.09.2018	270.4	273.2	267.5	268	51180
19.09.2018	270.9	270.9	265.6	268	11404
18.09.2018	265	271.4	264	271	24639
17.09.2018	279.7	281.5	266	269.3	29766
14.09.2018	280.7	283.9	275	278.9	40959
13.09.2018	272.9	279.8	272.9	277.6	29919
12.09.2018	271.8	271.8	268	268	26088
11.09.2018	272.3	274.5	267.6	271.8	36339
10.09.2018	274.2	274.7	270.4	270.9	45177
07.09.2018	283	284.2	274.4	279.8	63470
06.09.2018	284	286.5	277.1	281.6	129595
05.09.2018	326.6	328.4	303.9	307.5	97907
04.09.2018	320	327.9	320	327.6	45740
03.09.2018	319.9	321	316.9	319.2	35366
31.08.2018	305.9	310.2	303.1	306.9	49543
30.08.2018	306.3	312	299.8	301.9	67877
29.08.2018	316.4	319.8	311.5	313.9	136970
28.08.2018	303.6	316.5	303.6	314.4	99071
27.08.2018	298	300.1	295.9	298.4	48524
24.08.2018	287.5	290.4	286.9	288.5	31435
23.08.2018	286.7	286.7	281.7	284	30652
22.08.2018	294.8	298	290.8	294.6	92680
21.08.2018	285.4	288.3	282	285.3	57363
20.08.2018	288.8	290	285.7	287.3	65948
17.08.2018	292.1	294	286	289.8	214682
16.08.2018	278.4	287.1	277	286.6	198790
15.08.2018	279	285.4	277.2	285	57183
14.08.2018	264.1	269.3	260	262.4	80709
13.08.2018	282.1	288.1	277.1	277.1	45750
10.08.2018	281	286.1	275.1	281.3	59236
09.08.2018	275	283	265.4	279.1	87504
08.08.2018	280	281.6	275.4	280	68377
07.08.2018	297.9	307.6	297.9	304.2	49136
06.08.2018	312.9	312.9	294	297.9	63118
03.08.2018	315.9	322.2	312	321.2	30724
02.08.2018	325.6	329.1	318.8	323.8	37413
01.08.2018	322.9	327	320	322.2	36646
31.07.2018	346	346.1	326.2	328	69953
30.07.2018	348.6	350	344.9	346.9	29049
27.07.2018	340.5	348.2	334	345.9	90747
26.07.2018	352.6	356.8	350.3	353	46207
25.07.2018	361.8	362.8	350	350	53934
24.07.2018	347	363.2	346.2	354	156083
23.07.2018	330	338.2	330	334.5	83198
20.07.2018	320.3	326.5	318.4	324.6	48853
19.07.2018	318.7	327.8	316.2	324.2	67315
18.07.2018	318.6	325.5	316.7	320	81366
17.07.2018	284.8	289	283	288	65383
16.07.2018	271	283.9	270	282.1	59594
13.07.2018	264.4	269	264.4	267.3	33853
12.07.2018	261.5	263.5	258.8	261.5	40511
11.07.2018	264.5	268.8	264.3	266.6	28181
10.07.2018	276	276.5	265	267	31349
09.07.2018	278.4	282.5	277.4	280	25059
06.07.2018	271.6	279	270.3	272.5	38165
05.07.2018	277.1	280.6	274.1	275.2	18348
04.07.2018	272.4	286	270.6	282.2	29665
03.07.2018	285.9	286.3	276.5	277	26131
02.07.2018	266.6	289.3	266.6	286.3	53395
29.06.2018	256.8	256.8	249.4	253.4	51253
28.06.2018	263.3	266.1	261.5	263.4	21462
27.06.2018	259.6	262.5	257.2	262.5	28733
26.06.2018	266.4	267.4	262.1	262.2	51046
25.06.2018	269.9	274	261.3	270.2	57377
21.06.2018	292.5	294.3	287.8	288.6	58865
20.06.2018	288.5	293.5	285.2	292.5	25245
19.06.2018	288	295.5	288	294.5	47763
18.06.2018	275	279	273.8	276	60557
15.06.2018	278.1	284	275.8	277.2	72546
14.06.2018	270	275.6	269	269.6	44084
13.06.2018	277.2	277.9	267	270	64152
12.06.2018	289.2	290.8	280	283.3	80037
11.06.2018	292.9	293	282.1	283	131925
08.06.2018	329	329	323	324.9	26474
07.06.2018	327.5	329.4	325	326	31780
05.06.2018	319.4	322	317.1	322	14617
04.06.2018	326.6	329.3	319.9	322.8	19756
31.05.2018	325	329	323.8	329	32476
30.05.2018	327.8	330.3	315	318	32203
29.05.2018	305	338.7	305	327.8	117477
28.05.2018	305.1	316.9	305.1	314.7	41784
25.05.2018	322	324.5	314	322	86532
24.05.2018	330	330	305.8	323	118853
23.05.2018	340	340.8	331.7	339	51162
22.05.2018	355.3	355.3	341	349	63448
21.05.2018	361	366.3	353.3	355.3	37896
18.05.2018	337	346.7	335	342.9	77209
17.05.2018	352.7	354.6	346.9	351.4	47479
16.05.2018	348.9	360.1	344	349	59340
15.05.2018	367.6	374.4	359.8	360.4	53416
14.05.2018	349.6	368.9	345.5	367.6	93144
11.05.2018	370.3	372	352.3	358.9	122112
09.05.2018	386.8	389.9	383.9	385.7	38969
08.05.2018	396.6	400	383	386.8	69126
07.05.2018	407.4	407.4	389.3	396	82518
04.05.2018	414.1	418.3	411.5	413.5	85111
03.05.2018	397	407.2	393	403	71621
02.05.2018	393.5	395	388.7	394	75161
30.04.2018	390	390.3	382.6	390.2	31132
27.04.2018	386.7	396	384.6	386.6	99352
26.04.2018	364.3	372.1	359.4	368	113549
25.04.2018	393.8	396.5	360	370.5	239786
24.04.2018	381.1	393.5	381	390	95625
23.04.2018	367	370.5	362	368	105847
20.04.2018	338.6	350.8	338.2	347	140011
19.04.2018	332	335.5	330	332.2	110156
18.04.2018	331	334.2	321.2	324.1	30636
17.04.2018	325.1	334.2	325.1	330	96529
16.04.2018	334	334.7	321.1	325	107176
13.04.2018	317.1	339.7	317.1	331	143545
12.04.2018	281.8	332.8	272	309.1	240189
11.04.2018	276.2	282.6	275	279.1	39732
10.04.2018	272	276.2	268.1	276.2	51971
09.04.2018	285.1	293	269.7	272	192665
06.04.2018	271	271.4	264.4	267.3	96125
05.04.2018	276.6	282.3	269	275.5	117475
04.04.2018	298.8	301	278	282.3	148637
03.04.2018	300.3	303	289.4	298.4	115281
29.03.2018	309	309	300.7	302	102893
28.03.2018	318.7	326	315.3	318.6	157746
27.03.2018	319.9	326.5	310.9	323.3	138539
26.03.2018	344.1	344.1	317.9	322	179906
23.03.2018	338.8	351.9	336	347.7	117536
22.03.2018	360.3	364.8	343	350.8	214065
21.03.2018	360.6	371	357.9	360	161187
20.03.2018	338.7	357.9	334.3	357.9	145872
19.03.2018	334.9	353.8	327	346.1	219879
16.03.2018	330.2	345	323.7	343	197798
15.03.2018	317.6	339	313	324.1	341158
14.03.2018	366.6	369.7	345	346.8	268346
13.03.2018	374.2	380.9	356.6	366.6	195941
12.03.2018	385	404	365	372.6	354234
09.03.2018	356.1	371.5	340	361.3	344371
08.03.2018	400	407.7	388.7	400	359528
07.03.2018	423	427.7	418	422	203859
06.03.2018	460	460	431.9	439.4	269380
05.03.2018	464	471.5	463	466.6	204321
02.03.2018	445.5	453	439	441	216817
01.03.2018	429.4	441	428	436.3	196567
28.02.2018	436	436.2	420.3	425.3	197197
27.02.2018	421.8	435	420.1	424.5	204017
26.02.2018	379.8	413	370	409	200914
23.02.2018	392	412.7	386	403.1	210804
22.02.2018	424.9	424.9	382.9	392.2	345272
21.02.2018	444	444.1	407.1	413.5	424837
20.02.2018	451	465	444	463	391730
19.02.2018	418.6	438	415.2	436.5	472038
16.02.2018	380	391.9	374.3	391.7	298085
15.02.2018	381.1	387	365	379.8	347942
14.02.2018	349.1	363.2	340.7	357.9	463570
13.02.2018	340.9	340.9	325.5	333	150089
12.02.2018	332	351.5	332	339	329047
09.02.2018	319.4	336	311	330.9	138870
08.02.2018	327	343	321.5	324	280119
07.02.2018	289	331.7	288	315	367347
06.02.2018	229.8	285	222	269.2	711137
05.02.2018	299.8	301	268.3	276.7	520812
02.02.2018	323.7	342.9	279	335.7	1220869
01.02.2018	372.7	378	337.7	340	389429
31.01.2018	385	389.5	365	370	213166
30.01.2018	418	418	385	391.3	197609
29.01.2018	419.5	424.2	412.5	422	274836
26.01.2018	415	421.2	388	415	424886
25.01.2018	432.3	434.6	406	414.3	158344
24.01.2018	423	438	410.3	421.3	301226
23.01.2018	398.8	423	382.2	423	267656
22.01.2018	450.5	459.2	394.1	405	396878
19.01.2018	447.5	464	431.2	448	298257
18.01.2018	407	469	402.1	450.1	419886
17.01.2018	474	488.4	352	374	911460
16.01.2018	541.7	542	431	474	667974
15.01.2018	523.2	554.5	518.1	541.7	250584
12.01.2018	547.3	554	519.5	523.2	394811
11.01.2018	580	580	521.1	547.3	362063
10.01.2018	588	588	530.3	580	544006
09.01.2018	591.5	610	567	588	367551
08.01.2018	629	632	573.4	591.5	482763
05.01.2018	572.5	637.8	572.5	629	370034
04.01.2018	602.2	610	559.5	572.5	354111
03.01.2018	580	612	577.3	602.2	307709
02.01.2018	576	576	526.9	551	299397
29.12.2017	580	599	550.2	576	388250
28.12.2017	615	650	541.1	566.9	460802
27.12.2017	656	674.6	604	615	600405
22.12.2017	510	595.2	399	510	1654690
21.12.2017	704.2	709.9	606.3	622	593293
20.12.2017	698	756.6	655.7	678	660867
19.12.2017	798	805	743	779	646269
18.12.2017	775.5	816	769	797.1	563020
15.12.2017	701.3	742	692	740	419568
14.12.2017	698.5	715	662	675.5	455903
13.12.2017	705	723	699.1	716.5	375194
12.12.2017	700	722.5	689.5	721	481190
11.12.2017	671.2	696	647.3	679.8	999295
08.12.2017	660.1	699	528	554.8	1737375
07.12.2017	600	673.2	595	650	1302577
06.12.2017	525	548	518.6	528	662509
05.12.2017	500	507.4	489.5	499.5	457647
04.12.2017	490	492.4	461.1	480	598103
01.12.2017	402.9	456	402.4	446	590313
30.11.2017	442.8	442.8	375	399	958500
29.11.2017	437	493	437	464.5	1013092
28.11.2017	404.6	413.5	400.8	412.4	344438
27.11.2017	395.4	400	381.6	394.7	411197
24.11.2017	337.7	343.6	331.5	331.5	175077
23.11.2017	342.6	342.6	333.7	334.7	181211
22.11.2017	353.7	353.7	340	342.7	231432
21.11.2017	350	357.3	350	354.6	231641
20.11.2017	340.5	354.3	340.1	353.2	377101
17.11.2017	316.5	340.5	316	336.3	380362
16.11.2017	309.7	318	309.7	313.4	306155
15.11.2017	287.7	306.9	284.5	303.5	394457
14.11.2017	272	277.3	267.5	270	194949
13.11.2017	264.7	284	255.8	271	395138
10.11.2017	300.5	304	278	286	218367
09.11.2017	304.8	309.7	294.1	300	220971
08.11.2017	302	307.3	300	301.8	228161
07.11.2017	305	305	285	285	276117
06.11.2017	310.6	317	304.8	305.2	253766
03.11.2017	309	317	307.7	310	263859
02.11.2017	290.5	313.8	281.8	297.5	471246
01.11.2017	268.7	279.5	268.6	279.5	269605
31.10.2017	250	268.7	250	268.5	205695
30.10.2017	253.1	257.9	247	249.8	276675
27.10.2017	240	245.7	235.1	238.7	130727
26.10.2017	226.2	243	226.2	241.9	196357
25.10.2017	222	225.8	217.3	218.7	109172
24.10.2017	228.4	230	222.3	225	136353
23.10.2017	237.5	237.9	225.9	228.5	240354
20.10.2017	229.4	240.3	223.3	240.3	135911
19.10.2017	221	230	221	226.6	191043
18.10.2017	217	217	203.7	208.8	319072
17.10.2017	229	232.4	223.3	223.5	255349
16.10.2017	232.8	233.2	225	229	153579
13.10.2017	226	238	225	233	290047
12.10.2017	195.2	215.4	195.2	215	263139
11.10.2017	194.2	196.3	190.2	194	113953
10.10.2017	196	197.6	193	195.3	144082
09.10.2017	185	190.9	184.5	189.6	107408
06.10.2017	177.4	180.9	176.8	179	81024
05.10.2017	168.7	175.9	166	174.6	52697
04.10.2017	177.3	177.3	168.8	170	110735
03.10.2017	177.5	177.7	172.2	174.4	98969
02.10.2017	179.5	183	179.3	180.2	78501
29.09.2017	165.9	173.5	163.8	172	72271
28.09.2017	174.5	175	168.3	169	106464
27.09.2017	160.6	169	160.2	168	130393
26.09.2017	158.4	162	156.8	160.8	111292
25.09.2017	147.1	159.5	147.1	158	178819
22.09.2017	147.8	150.4	138.7	138.7	182273
21.09.2017	156.4	157.6	146.8	146.8	100906
20.09.2017	159.5	161.3	155.2	159.4	122712
19.09.2017	161.3	161.8	156	159.8	156550
18.09.2017	155.3	165.3	155.3	162	345029
15.09.2017	119.7	147	110.6	145.2	760197
14.09.2017	149	154.6	130.7	138.4	280599
13.09.2017	163.9	165	146	148.5	358771
12.09.2017	175.9	178.1	172.9	173.7	100582
11.09.2017	174	175	166.8	172	176680
08.09.2017	188.5	189.6	170.6	177	204826
07.09.2017	187.5	190	182.1	188.5	57304
06.09.2017	187.5	191.7	183.5	188	175122
05.09.2017	170	188.2	168	187	228634
04.09.2017	185	185.8	173	174	257303
01.09.2017	191.1	197.8	190.9	195.1	323690
31.08.2017	184.1	191.6	184.1	189.6	197311
30.08.2017	184.5	186	179.3	184	136898
29.08.2017	172.5	190	172.5	184	166715
28.08.2017	170.6	172.7	167.5	171	65904
25.08.2017	173.3	178	173.3	178	112886
24.08.2017	168.4	172	166.6	171	71552
23.08.2017	165.1	172	164.5	167.5	99183
22.08.2017	155	160	150.1	158	90629
21.08.2017	160	164.5	160	161.9	73205
18.08.2017	174.3	176.6	167	169.6	96519
17.08.2017	173.8	183.3	173.5	180	217786
16.08.2017	160	173.8	160	173.5	110857
15.08.2017	172.5	174.2	151.2	157	254247
14.08.2017	164.5	174.5	163.7	174.4	262170
11.08.2017	140	143.8	140	143.7	88033
10.08.2017	137.3	139.9	135	139.3	86295
09.08.2017	139.2	139.2	130.8	134.2	165102
08.08.2017	140.4	145	133	139.2	269959
07.08.2017	130	140.5	129.7	139.6	313682
04.08.2017	111.1	119.9	111.1	117.2	176147
03.08.2017	111	113	108	109.5	108105
02.08.2017	108.8	112.4	108.1	112.1	145359
01.08.2017	112.9	113.4	104	108.8	98596
31.07.2017	108.5	110	107	107.8	101850
28.07.2017	109	112.8	108.4	109.4	99790
27.07.2017	104.4	106	102.1	105.1	164060
26.07.2017	100	104.8	100	102.5	160279
25.07.2017	108.8	110.3	102.5	106.8	227285
24.07.2017	111.9	115.4	110	115	154715
21.07.2017	111.2	115	108.6	113.8	249561
20.07.2017	95.98	108.3	93.51	108	196840
19.07.2017	96.05	98.25	93.33	95.55	116646
18.07.2017	90.53	95.99	90.05	95.47	121477
17.07.2017	83.79	85.6	80.4	84.5	120447
14.07.2017	95.6	96.37	91.51	92.5	51747
13.07.2017	97.6	98.49	95.25	95.6	30290
12.07.2017	95.9	98.09	94.35	97.5	75640
11.07.2017	94.75	99.79	93.1	97.4	90402
10.07.2017	104.7	104.8	98.36	100	38032
07.07.2017	107.1	107.1	103	104	28174
06.07.2017	108.1	109	107	107.1	17058
05.07.2017	107.4	107.8	105.9	106.6	22431
04.07.2017	109.1	110.5	108	108.7	29594
03.07.2017	103.8	107.9	102.6	107.2	101938
30.06.2017	105.5	106.7	103.5	105.8	52052
29.06.2017	108.8	108.8	105.8	106.5	50344
28.06.2017	105	109.7	104.8	108.9	68606
27.06.2017	103.2	104.2	97.17	98.58	97296
26.06.2017	109	109	102.3	103.2	123315
22.06.2017	114.9	117.5	113.5	116.5	42586
21.06.2017	117.9	119.4	115.4	116.9	102102
20.06.2017	113	117.5	111.7	117.3	123715
19.06.2017	110	110.9	106.9	110.6	82393
16.06.2017	106.3	108.7	102.8	104.6	153298
15.06.2017	102.5	105	90	97.24	298517
14.06.2017	118	118.6	107.6	111	141259
13.06.2017	120	120	115	115.5	165477
12.06.2017	128.8	130	118	121.4	358521
09.06.2017	121.1	125.5	121.1	125.5	137818
08.06.2017	123.3	123.3	117.9	120	210735
07.06.2017	120	127.3	120	124.8	252592
05.06.2017	110	111.9	109	111.4	134519
02.06.2017	105	106	102	102.8	100807
01.06.2017	102.2	106.7	102.1	104.9	136093
31.05.2017	95.51	98	94.52	98	72069
30.05.2017	99.06	100.3	95.96	95.96	125916
29.05.2017	95.69	98.3	93.08	97.39	165847
26.05.2017	104.3	113	100	100	386149
24.05.2017	99.56	104	99.07	101.2	90834
23.05.2017	92	98	90.83	97.79	184551
22.05.2017	90.55	98.8	89.7	93.58	126640
19.05.2017	83	85.98	82.92	84.68	164793
18.05.2017	78.4	80.05	77.01	80.05	66343
17.05.2017	77.02	78.84	77.02	78.37	120924
16.05.2017	73.01	75.8	73	75.8	53367
15.05.2017	76.06	77.5	72.16	73.03	127397
12.05.2017	78.27	79.71	75.24	75.3	167217
11.05.2017	78.8	81.88	77.98	80.29	87162
10.05.2017	75.53	77	74.74	76.87	134123
09.05.2017	71.02	76.77	71.02	75.97	154084
08.05.2017	68.49	70.25	68.49	68.64	102825
05.05.2017	69	69.94	65.23	67.35	94096
04.05.2017	65.4	68.25	65.4	67.1	185652
03.05.2017	62.87	64.11	62.35	63.8	65195
02.05.2017	62	64.35	61.52	63.13	134943
28.04.2017	58	58.12	55.8	57.3	89028
27.04.2017	55.95	58.47	55.76	58.21	100637
26.04.2017	54.39	55.95	54.2	55.95	115518
25.04.2017	53.4	53.7	53.27	53.48	94158
24.04.2017	53.5	53.5	52.17	52.7	122035
21.04.2017	53.19	55.58	52.7	53.5	65763
20.04.2017	52	52.99	51.36	51.89	142651
19.04.2017	52.52	52.52	51.69	51.89	128959
18.04.2017	52.37	53.08	52.37	52.52	82370
13.04.2017	52.34	52.53	51.87	52.35	37234
12.04.2017	53.7	54.1	53.59	53.69	14303
11.04.2017	53.9	53.95	53.46	53.63	20480
10.04.2017	53.5	54.28	53.33	54.07	43171
07.04.2017	51.94	53	51.9	53	24135
06.04.2017	50.71	51.73	50.71	51.35	54830
05.04.2017	49.82	49.82	49.05	49.47	24638
04.04.2017	50.46	51.3	49.64	49.64	42680
03.04.2017	48.48	50	48.48	50	47598
31.03.2017	45.73	46.36	45.56	46.36	8403
30.03.2017	45.29	45.59	44.58	44.66	139238
29.03.2017	43.97	45.69	43.72	45.35	70184
28.03.2017	44.25	45.69	42.48	45.1	621591
27.03.2017	41.7	42.9	41.1	42.3	17639
24.03.2017	43.81	43.81	39.9	41.7	97972
23.03.2017	43.83	45.32	43.47	44.94	61912
22.03.2017	45.82	46.16	40.4	42.76	56087
21.03.2017	46.1	47	45.87	47	42947
20.03.2017	45.24	45.49	43.59	44.97	423785
17.03.2017	50.4	50.4	47.67	50.03	240109
16.03.2017	53.85	53.85	52.67	52.73	101414
15.03.2017	55.08	55.57	55.01	55.18	32125
14.03.2017	54.14	55.31	54.05	55	81040
13.03.2017	53.87	54.94	53.72	54.44	95218
10.03.2017	52.72	60	52.66	54.83	180185
09.03.2017	52	52.67	51	52.2	96309
08.03.2017	53.5	54.15	51.88	52.48	202398
07.03.2017	56.49	56.53	52.09	54.89	147344
06.03.2017	56.49	56.82	56.4	56.7	72037
03.03.2017	56.51	58	53.5	57.15	84883
02.03.2017	53.95	55.86	53.95	55.75	138613
01.03.2017	53	54.59	52.96	53.95	180835
28.02.2017	52.82	52.98	52.32	52.52	54941
27.02.2017	52.54	52.6	52.11	52.45	44139
24.02.2017	51.44	53.26	50.39	52.83	190890
23.02.2017	49.87	51.06	49.77	50.99	373254
22.02.2017	49.09	50	48.9	49.9	30630
21.02.2017	47.68	49.2	47.68	48.71	101493
20.02.2017	46.26	46.61	46.21	46.56	28595
17.02.2017	45.21	46.16	45.06	46.1	45961
16.02.2017	44.58	45	44.57	44.8	13545
15.02.2017	44.04	44.34	44.04	44.29	21733
14.02.2017	43.89	44.52	43.5	44.31	34956
13.02.2017	43.69	44.08	42.9	43.63	67442
10.02.2017	42.65	42.8	42.05	42.62	45041
09.02.2017	45.96	46.35	40.5	42.87	353350
08.02.2017	46.2	46.23	44.52	45.76	200249
07.02.2017	45.44	46	45.41	45.56	184422
06.02.2017	43.98	44.53	43.9	44.33	123209
03.02.2017	43.55	43.85	42.95	43.71	192339
02.02.2017	42.24	42.64	42.2	42.64	158750
01.02.2017	41.83	41.83	41.25	41.69	122437
31.01.2017	40.35	41.36	40.31	41.36	355328
30.01.2017	39.7	39.93	39.58	39.88	240939
27.01.2017	39.85	39.85	39.6	39.8	155025
26.01.2017	38.8	39.91	38.8	39.86	584572
25.01.2017	38.91	40	38.43	38.58	71587
24.01.2017	39.77	39.77	38.9	39.21	63883
23.01.2017	39.9	40.26	39.71	39.71	93886
20.01.2017	39.27	39.27	38.67	39.21	29862
19.01.2017	38.89	39.9	38.89	39.48	30751
18.01.2017	39.02	39.42	37.49	38.25	130516
17.01.2017	37.48	39.22	37.48	38.59	57931
16.01.2017	36.4	36.57	36.1	36.56	41650
13.01.2017	34.07	36.14	34.05	36.14	111149
12.01.2017	34.29	34.95	33.12	34.82	208402
11.01.2017	40.56	40.68	35	35.73	473156
10.01.2017	39.96	40.43	39.8	40	71623
09.01.2017	44.55	44.85	39	39.59	571793
05.01.2017	49.8	51	47.12	48.85	168884
04.01.2017	47.78	49.28	47.47	48.85	450361
03.01.2017	45.72	46.22	45.55	45.88	225732
02.01.2017	44.25	46.32	44.25	46.26	248861
30.12.2016	42.48	42.76	41.38	42.75	133033
29.12.2016	44.06	44.06	43.1	43.25	101858
28.12.2016	43.12	43.82	43	43.1	157213
27.12.2016	41	42.57	41	42.17	238637
23.12.2016	41	41.25	39.55	39.59	276857
22.12.2016	38.23	39.5	38.15	38.9	230654
21.12.2016	37	37.44	36.68	37.29	54271
20.12.2016	36.37	36.46	36.24	36.35	32695
19.12.2016	36.25	36.43	36.14	36.22	129464
16.12.2016	35.74	35.91	35.64	35.9	50499
15.12.2016	35.4	35.82	35.3	35.74	46259
14.12.2016	34.87	34.99	34.6	34.62	22045
13.12.2016	34.87	35	34.81	34.95	42927
12.12.2016	34.7	35.02	34.63	35	52740
09.12.2016	34.45	34.79	34.45	34.72	61747
08.12.2016	34	34.6	33.92	34.5	20242
07.12.2016	33.72	34.11	33.68	34	3046
06.12.2016	33.69	34	33.64	34	23785
05.12.2016	34.08	34.08	33.42	33.76	42382
02.12.2016	34.47	35.05	34.47	34.75	108921
01.12.2016	33.75	34.1	33.75	34.06	46811
30.11.2016	33.02	33.64	33	33.64	18125
29.11.2016	32.93	33.07	32.89	33.02	15631
28.11.2016	32.93	33.19	32.79	33.04	85601
25.11.2016	33.17	33.25	33.01	33.19	24305
24.11.2016	33.74	33.74	33.15	33.42	28704
23.11.2016	33.63	33.74	33.38	33.62	43885
22.11.2016	33.35	33.82	33.2	33.82	97600
21.11.2016	33.18	33.3	33.16	33.23	29185
18.11.2016	33.64	34.11	33.62	33.85	29911
17.11.2016	33.68	33.77	33.42	33.64	99770
16.11.2016	32.13	33.21	32.05	32.87	81758
15.11.2016	31.78	32	31.64	32	13120
14.11.2016	31.47	31.59	31	31.36	94331
11.11.2016	31.76	31.91	31.72	31.73	10584
10.11.2016	31.69	31.87	31.69	31.84	25712
09.11.2016	31.59	33.79	31.44	32.24	177875
08.11.2016	31.05	31.44	30.94	31.44	78223
07.11.2016	31.28	31.3	31	31.15	11300
04.11.2016	30.7	31.09	30.7	31.03	57245
03.11.2016	32.3	32.44	31.17	31.28	116767
02.11.2016	31.87	31.87	31.56	31.56	35448
01.11.2016	31.74	32.4	31.69	31.73	133374
31.10.2016	30.81	31.29	30.68	31.25	71207
28.10.2016	30.29	30.49	30.21	30.42	113417
27.10.2016	29.82	30.06	29.81	30.06	61793
26.10.2016	29	29.13	28.66	29.1	51550
25.10.2016	28.5	28.66	28.42	28.66	13753
24.10.2016	28.17	28.43	28.14	28.26	55899
21.10.2016	27.34	27.56	27.32	27.56	4406
20.10.2016	27.23	27.27	27.14	27.27	41399
19.10.2016	27.43	27.5	27.12	27.12	6751
18.10.2016	27.37	27.56	27.33	27.45	2755
17.10.2016	27.57	27.62	27.51	27.58	4699
14.10.2016	27.34	27.5	27.3	27.41	9400
13.10.2016	27.56	27.62	27.42	27.45	13881
12.10.2016	27.48	27.61	27.45	27.56	53200
11.10.2016	26.79	27.36	26.71	27.31	85679
10.10.2016	26.06	26.12	26.02	26.05	4547
07.10.2016	25.9	26.16	25.9	26.11	76488
06.10.2016	25.69	25.79	25.64	25.79	8100
05.10.2016	25.48	25.76	25.47	25.75	9992
04.10.2016	25.54	25.61	25.54	25.59	2686
03.10.2016	25.68	25.68	25.49	25.49	20346
30.09.2016	25.37	25.49	25.37	25.4	5031
29.09.2016	25.33	25.33	25.27	25.31	4997
28.09.2016	25.4	25.4	25.33	25.35	5923
27.09.2016	25.25	25.4	25.25	25.4	2684
26.09.2016	25.05	25.31	25.05	25.29	19135
23.09.2016	24.82	25.05	24.82	25.05	6430
22.09.2016	24.87	24.88	24.8	24.85	42345
21.09.2016	25.1	25.57	25.04	25.06	14581
20.09.2016	25.42	25.56	25.4	25.56	33406
19.09.2016	25.47	25.5	25.42	25.42	22500
16.09.2016	25.24	25.48	25.21	25.48	5203
15.09.2016	25.25	25.36	25.22	25.22	8013
14.09.2016	25.29	25.32	25.23	25.24	1864
13.09.2016	25.17	25.33	25.14	25.28	34894
12.09.2016	25.26	25.27	25.19	25.19	13157
09.09.2016	25.62	25.82	25.62	25.81	3369
08.09.2016	25.37	25.83	25.34	25.83	24358
07.09.2016	25.27	25.35	25.18	25.34	13714
06.09.2016	25.33	25.46	25.27	25.34	26374
05.09.2016	25.15	25.43	25.15	25.34	26566
02.09.2016	23.85	24	23.81	23.98	1762
01.09.2016	24.02	24.02	23.85	23.97	12050
31.08.2016	23.96	23.96	23.86	23.88	18525
30.08.2016	23.94	24.09	23.94	24.07	15785
29.08.2016	23.76	23.86	23.76	23.84	3227
26.08.2016	23.63	23.76	23.63	23.76	23050
25.08.2016	23.54	23.64	23.54	23.6	29470
24.08.2016	23.71	23.85	23.71	23.77	8919
23.08.2016	23.94	23.95	23.76	23.85	7422
22.08.2016	23.85	23.88	23.78	23.83	16962
19.08.2016	23.41	23.66	23.41	23.66	3545
18.08.2016	23.51	23.62	23.5	23.57	8675
17.08.2016	23.77	23.87	23.72	23.73	26110
16.08.2016	23.37	23.72	23.33	23.72	21164
15.08.2016	23.8	23.87	23.41	23.47	27751
12.08.2016	24.5	24.5	24.25	24.25	4400
11.08.2016	24.83	24.83	24.38	24.48	2351
10.08.2016	24.48	25	24.2	24.63	10972
09.08.2016	24.83	24.83	24.49	24.75	6505
08.08.2016	24.82	25	24.19	24.83	6328
05.08.2016	23.96	24.25	23.55	24.23	6298
04.08.2016	24.34	24.43	23.54	24.29	16277
03.08.2016	24.63	24.63	22.11	23.15	158308
02.08.2016	25.5	25.5	25.19	25.27	20616
01.08.2016	26.89	26.89	26.19	26.22	26635
29.07.2016	27.82	27.82	27.58	27.58	14287
28.07.2016	27.79	27.9	27.68	27.9	22492
27.07.2016	27.94	27.98	27.83	27.93	31578
26.07.2016	27.48	27.84	27.48	27.82	23145
25.07.2016	27.91	27.99	27.9	27.95	17889
22.07.2016	28.22	28.22	27.65	27.65	6465
21.07.2016	28.1	28.22	28.05	28.21	33232
20.07.2016	28.56	28.59	28.43	28.44	18552
19.07.2016	28.44	28.53	28.35	28.53	4615
18.07.2016	28.5	28.67	28.5	28.65	10561
15.07.2016	27.74	27.89	27.74	27.85	15033
14.07.2016	27.41	27.74	27.37	27.66	37962
13.07.2016	27.99	28.14	27.58	27.64	16972
12.07.2016	27.34	27.72	27.2	27.72	23873
11.07.2016	27.59	27.59	27.33	27.47	30067
08.07.2016	27	27.7	27	27.52	55013
07.07.2016	27.54	27.54	26.97	27.06	129329
06.07.2016	28.34	28.57	28.18	28.25	22005
05.07.2016	28.21	28.26	27.92	28.06	19433
04.07.2016	28.11	28.44	27.86	28.26	40254
01.07.2016	28.21	28.41	27.79	27.79	50726
30.06.2016	26.59	28.16	26.59	27.88	60368
29.06.2016	26.63	26.83	26.46	26.5	50968
28.06.2016	27.3	27.48	27.04	27.04	14553
27.06.2016	27	27.36	26.49	26.68	86821
23.06.2016	24.35	26	22.9	23.06	318572
22.06.2016	26.98	27.56	25	26.3	33904
21.06.2016	28.75	28.91	26.01	27	154229
20.06.2016	30.92	31	26.48	29	72503
17.06.2016	30.28	31.03	29.57	30.71	103114
16.06.2016	29.2	31.16	29.2	31.06	266050
15.06.2016	27.9	28.24	27.62	28.18	150861
14.06.2016	25	28.54	25	27.77	177414
27.05.2016	19	19.47	19	19.45	149348
26.05.2016	18.31	18.42	18.27	18.41	19427
25.05.2016	18.37	18.37	18.24	18.27	23120
24.05.2016	18.24	18.26	18.18	18.2	23064
23.05.2016	17.99	18.12	17.97	18.12	105896
20.05.2016	18.09	18.19	18.07	18.16	64722
19.05.2016	18.57	18.61	18.36	18.42	37368
18.05.2016	18.49	18.54	18.47	18.5	50441
17.05.2016	18.42	18.42	18.34	18.34	13241
16.05.2016	18.46	18.5	18.44	18.48	55000
13.05.2016	18.26	18.45	18.26	18.44	21440
12.05.2016	17.97	18.07	17.97	18.07	20128
11.05.2016	18.13	18.23	18.13	18.16	22206
10.05.2016	18.43	18.46	17.9	18.13	49815
09.05.2016	18.25	18.43	18.25	18.42	25994
06.05.2016	17.93	18.09	17.93	18.09	29614
04.05.2016	17.8	17.86	17.8	17.82	22577
03.05.2016	17.34	17.59	17.3	17.56	7906
02.05.2016	17.86	17.88	17.3	17.35	121869
29.04.2016	17.72	17.83	17.72	17.81	17660
28.04.2016	17.54	17.8	17.54	17.73	37542
27.04.2016	18.68	18.68	17.93	18.21	116923
26.04.2016	18.64	18.71	18.47	18.63	102070
25.04.2016	18.3	18.51	18.29	18.4	61554
22.04.2016	17.84	17.92	17.79	17.84	38462
21.04.2016	17.58	17.71	17.52	17.71	34129
20.04.2016	17.36	17.4	17.29	17.4	41471
19.04.2016	17.07	17.09	17.02	17.02	10728
18.04.2016	17.15	17.15	17.06	17.06	9373
15.04.2016	17.02	17.19	17.02	17.15	43274
14.04.2016	17.01	17.01	16.95	16.95	5988
13.04.2016	16.93	17.01	16.87	17.01	7600
12.04.2016	16.9	16.96	16.82	16.93	91582
11.04.2016	16.83	16.85	16.82	16.82	1960
08.04.2016	16.92	17.01	16.92	16.94	12490
07.04.2016	16.9	16.9	16.83	16.89	6738
06.04.2016	16.9	16.95	16.9	16.95	2055
05.04.2016	16.89	16.92	16.88	16.91	9048
04.04.2016	16.7	16.73	16.69	16.69	54521
01.04.2016	16.52	16.66	16.52	16.66	33961
31.03.2016	16.6	16.6	16.51	16.52	1767
30.03.2016	16.62	16.62	16.43	16.49	20221
29.03.2016	17.19	17.25	16.8	16.83	25759
24.03.2016	16.91	16.91	16.87	16.87	230
23.03.2016	16.95	16.97	16.9	16.9	17460
22.03.2016	16.86	16.93	16.81	16.81	15039
21.03.2016	16.51	16.57	16.5	16.53	2795
18.03.2016	16.79	16.79	16.5	16.6	28260
17.03.2016	16.87	16.91	16.77	16.86	9235
16.03.2016	16.99	17.04	16.99	17	3775
15.03.2016	17.02	17.05	16.95	16.98	6057
14.03.2016	16.98	17.06	16.93	16.95	30125
11.03.2016	17.26	17.37	17.24	17.24	11640
10.03.2016	17.17	17.27	17.08	17.18	34716
09.03.2016	17.15	17.22	17.12	17.16	28237
08.03.2016	17.16	17.22	17.13	17.21	30251
07.03.2016	17.13	17.22	16.98	17.13	8656
04.03.2016	17.76	17.76	17.5	17.57	15081
03.03.2016	17.87	17.94	17.71	17.75	42111
02.03.2016	18.36	18.39	18.21	18.33	12895
01.03.2016	18.26	18.46	18.22	18.39	36587
29.02.2016	18.3	18.6	18.28	18.46	71771
26.02.2016	17.8	17.88	17.74	17.88	46624
25.02.2016	17.71	17.77	17.51	17.68	21085
24.02.2016	17.44	17.78	17.41	17.66	23620
23.02.2016	18.16	18.16	17.5	17.63	193071
22.02.2016	18.07	18.39	18.07	18.39	24709
19.02.2016	17.41	17.61	17.4	17.56	25139
18.02.2016	17.59	17.9	17.4	17.4	33211
17.02.2016	17.2	17.64	17.2	17.58	78224
16.02.2016	16.74	17.09	16.72	17.02	65080
15.02.2016	16.5	16.89	16.5	16.82	54356
12.02.2016	15.66	15.86	15.66	15.86	56199
11.02.2016	15.59	15.69	15.44	15.48	86162
10.02.2016	15.67	15.97	15.59	15.82	315181
09.02.2016	15.48	15.6	15.45	15.45	41724
08.02.2016	15.81	15.81	15.67	15.67	81946
05.02.2016	15.97	16.21	15.97	16.21	45287
04.02.2016	15.5	15.95	15.4	15.89	45793
03.02.2016	15.78	15.78	15.4	15.45	22840
02.02.2016	15.75	15.76	15.68	15.74	43480
01.02.2016	15.82	15.95	15.1	15.82	69826
29.01.2016	15.78	16.16	15.73	16.09	31304
28.01.2016	16.2	16.2	16.08	16.14	64206
27.01.2016	16.69	16.7	16.58	16.62	23261
26.01.2016	16.63	16.77	16.53	16.53	41120
25.01.2016	16.97	16.97	16.6	16.6	19318
22.01.2016	16.77	17	16.5	16.5	79973
21.01.2016	17.52	17.81	17.41	17.41	64461
20.01.2016	15.94	17.64	15.93	17.41	217572
19.01.2016	16.25	16.32	16.11	16.12	228489
18.01.2016	15.94	16.38	15.89	16.3	114391
15.01.2016	17.37	17.37	16.15	16.69	499210
14.01.2016	18.15	18.22	18	18.19	23675
13.01.2016	18.42	18.42	18.01	18.1	155038
12.01.2016	18.83	18.93	18.79	18.9	70027
11.01.2016	18.74	18.89	18.71	18.88	103446
16.11.2015	14.29	14.43	14.04	14.24	69545
13.11.2015	14.29	14.43	14.04	14.24	69545
12.11.2015	14.23	14.78	13.9	13.99	199606
11.11.2015	13.46	14.05	13.17	13.28	168083
10.11.2015	16.39	16.4	15.23	15.29	231214
09.11.2015	16	16.66	15.85	16.48	76891
06.11.2015	16.13	17.08	15.65	16.98	209703
05.11.2015	16.83	17.42	15.73	16.93	767830
04.11.2015	18.65	21.3	18.28	21.09	794994
03.11.2015	15.7	16.85	15.69	16.77	537675
02.11.2015	13.91	14.43	13.83	14.2	113611
30.10.2015	14.03	14.1	13.6	13.6	122486
29.10.2015	12.98	13.48	12.92	13.48	88769
28.10.2015	12.65	12.85	12.5	12.5	213136
27.10.2015	12.13	12.58	12.13	12.41	70980
26.10.2015	11.96	12.08	11.88	12.08	52044
23.10.2015	11.63	11.72	11.63	11.65	64506
22.10.2015	11.13	11.5	11.13	11.46	66289
21.10.2015	11.05	11.05	10.92	11	23360
20.10.2015	10.95	11.05	10.88	11.05	131470
19.10.2015	10.71	10.95	10.69	10.92	49553
16.10.2015	10.44	10.73	10.43	10.71	98234
15.10.2015	10.2	10.45	10.14	10.45	33968
14.10.2015	10.06	10.15	10.03	10.15	349666
13.10.2015	9.96	10.12	9.96	10.07	42356
12.10.2015	10.03	10.05	9.94	9.97	49607
09.10.2015	9.86	9.88	9.85	9.88	10814
08.10.2015	9.98	9.98	9.9	9.94	112314
07.10.2015	10.05	10.05	9.98	10.01	73487
06.10.2015	9.92	10.11	9.9	10.1	87429
05.10.2015	9.86	9.87	9.76	9.87	162922
02.10.2015	9.9	9.92	9.78	9.78	50682
01.10.2015	9.86	9.86	9.8	9.81	29360
30.09.2015	9.88	9.88	9.76	9.86	3345
29.09.2015	10.03	10.03	9.88	9.9	88364
28.09.2015	9.87	10.04	9.87	10.04	138270
25.09.2015	9.82	9.92	9.82	9.86	31991
24.09.2015	9.67	9.67	9.62	9.63	29622
23.09.2015	9.59	9.65	9.53	9.65	17761
22.09.2015	9.38	9.62	9.28	9.59	291481
21.09.2015	9.3	9.42	9.29	9.42	26194
18.09.2015	9.48	9.48	9.43	9.46	29400
17.09.2015	9.4	9.47	9.38	9.47	43254
16.09.2015	9.45	9.45	9.34	9.35	26500
15.09.2015	9.46	9.46	9.37	9.43	20820
14.09.2015	9.31	9.5	9.31	9.48	43972
11.09.2015	9.95	9.96	9.83	9.85	27250
10.09.2015	9.85	10.01	9.85	9.91	47384
09.09.2015	10.08	10.08	9.97	9.98	67759
08.09.2015	10.19	10.27	8.01	10.17	90412
07.09.2015	10.05	10.16	10.04	10.09	63276
04.09.2015	9.59	9.66	9.46	9.64	50231
03.09.2015	9.55	9.55	9.39	9.5	20679
02.09.2015	9.54	9.56	9.53	9.55	92150
01.09.2015	9.62	9.62	9.52	9.54	21399
31.08.2015	9.55	9.68	9.46	9.65	89205
28.08.2015	9.47	9.54	9.42	9.49	61087
27.08.2015	9.47	9.6	9.43	9.57	21420
26.08.2015	9.27	9.66	9.25	9.65	77510
25.08.2015	8.5	9.33	8.41	9.33	408346
24.08.2015	9.19	9.19	8.85	9	340170
21.08.2015	9.86	9.95	9.74	9.8	116955
20.08.2015	9.9	10.03	9.75	9.9	64391
19.08.2015	9.92	10.03	9.81	9.88	129475
18.08.2015	10.85	10.9	10.73	10.75	114008
17.08.2015	10.99	10.99	10.86	10.9	138019
14.08.2015	11.15	11.23	11.12	11.23	26923
13.08.2015	11.31	11.33	11.19	11.23	52027
12.08.2015	11.49	11.51	11.35	11.45	75583
11.08.2015	11.56	11.58	11.41	11.48	71035
10.08.2015	11.55	11.65	11.37	11.43	43616
07.08.2015	12.06	12.27	11.99	12.27	34834
06.08.2015	12.15	12.2	12.12	12.14	56652
05.08.2015	12.28	12.32	12.2	12.21	40501
04.08.2015	12.17	12.3	11.85	12.3	59774
03.08.2015	12.11	12.28	12.1	12.19	113209
31.07.2015	12.19	12.19	12.08	12.17	68602
30.07.2015	12.51	12.51	12.28	12.32	57043
29.07.2015	12.46	12.47	12.32	12.46	152161
28.07.2015	12.61	12.61	10.5	12.6	168906
27.07.2015	12.42	12.46	12.17	12.23	56382
24.07.2015	11.84	12.27	11.83	12.19	105754
23.07.2015	11.86	11.86	11.77	11.82	35041
22.07.2015	11.73	11.92	11.72	11.92	50064
21.07.2015	12.02	12.07	11.87	11.87	49534
20.07.2015	11.99	12.04	11.95	11.96	54244
17.07.2015	11.78	12.04	11.61	12	113253
16.07.2015	12.22	12.22	11.8	11.88	132991
15.07.2015	12.4	12.5	12.38	12.41	605706
14.07.2015	12.24	12.67	12.24	12.52	80815
13.07.2015	12.91	12.91	11.9	12.2	507903
10.07.2015	11.42	12.1	11.41	12.04	1033982
09.07.2015	11.39	11.56	11.34	11.52	592481
08.07.2015	11.4	11.55	11.37	11.5	118467
07.07.2015	11.32	11.47	11.25	11.37	373242
06.07.2015	11.42	11.8	11.42	11.61	554391
03.07.2015	10.69	10.82	10.64	10.81	157049
02.07.2015	10.83	10.88	10.7	10.77	61181
01.07.2015	10.83	10.86	10.57	10.77	142794
30.06.2015	10.91	11.05	10.8	11.03	316112
29.06.2015	10.33	10.62	10.33	10.46	577685
26.06.2015	9.97	10	9.95	9.99	330560
25.06.2015	9.95	9.98	9.94	9.96	120130
24.06.2015	10.04	10.06	9.9	9.97	121710
23.06.2015	10	10.06	9.96	10.05	94339
22.06.2015	9.91	10.02	9.87	10	256550
18.06.2015	9.97	10.17	9.88	10.11	635137
17.06.2015	10.21	10.57	10.21	10.31	493677
16.06.2015	9.74	9.96	9.73	9.94	234542
15.06.2015	9.66	9.66	9.6	9.62	153477
12.06.2015	9.46	9.49	9.44	9.46	291000
11.06.2015	9.49	9.49	9.45	9.45	163000
10.06.2015	9.5	9.51	9.47	9.51	123100
09.06.2015	9.47	9.56	9.43	9.56	141025
08.06.2015	9.37	9.5	9.36	9.5	48075
05.06.2015	9.25	9.51	9.23	9.51	58629
04.06.2015	9.38	9.38	9.34	9.34	109117
03.06.2015	9.52	9.52	9.47	9.48	56022
02.06.2015	9.58	9.58	9.5	9.5	44950
01.06.2015	9.78	9.91	9.71	9.72	119031
29.05.2015	9.98	10.04	9.98	10.04	106617
28.05.2015	10.04	10.09	10.01	10.08	72006
27.05.2015	10.06	10.12	10.04	10.04	86275
26.05.2015	9.98	10.03	9.96	10.03	151238
25.05.2015	9.96	10.1	9.91	9.98	90759
22.05.2015	9.8	9.89	9.72	9.89	128618
21.05.2015	9.74	9.81	9.74	9.81	136233
20.05.2015	9.72	9.79	9.68	9.76	90988
19.05.2015	9.64	9.72	9.61	9.72	109376
18.05.2015	9.69	9.73	9.66	9.73	189783
