Dato	Åben	Højeste	Laveste	Slutkurs
04.09.2023	88.99	89.1	88.98	88.99
03.09.2023	88.85	88.95	88.66	88.82
01.09.2023	86.82	89.06	86.74	88.88
31.08.2023	85.24	86.96	85.08	86.84
30.08.2023	85.06	85.66	84.6	85.25
29.08.2023	83.84	85.08	83.31	84.93
28.08.2023	84.29	84.75	83.55	83.82
27.08.2023	84.25	84.45	84.13	84.38
25.08.2023	82.74	84.44	82.25	84.23
24.08.2023	82.61	83.28	81.63	82.78
23.08.2023	83.57	84.01	81.68	82.62
22.08.2023	84.03	84.37	83.5	83.56
21.08.2023	84.29	85.48	83.95	84.13
20.08.2023	83.78	84.43	83.75	84.3
18.08.2023	83.41	84.66	82.92	83.77
17.08.2023	82.76	84.48	82.62	83.44
16.08.2023	84.39	84.87	82.72	82.87
15.08.2023	86.1	86.74	84.32	84.37
14.08.2023	86.35	86.75	85.52	86.23
13.08.2023	86.73	86.73	86.31	86.35
11.08.2023	86.38	87.42	85.84	86.72
10.08.2023	87.43	88.13	86.21	86.32
09.08.2023	86.02	87.72	85.92	87.48
08.08.2023	85.75	86.37	83.34	86.15
07.08.2023	86.47	86.74	85.06	85.91
06.08.2023	86.04	86.78	86.02	86.47
04.08.2023	85.3	86.7	85.06	86.05
03.08.2023	83.46	85.46	82.36	85.24
02.08.2023	85.83	86.05	82.75	83.38
01.08.2023	85.26	85.86	84.34	85.67
31.07.2023	84.37	85.66	83.9	85.27
30.07.2023	84.34	84.49	84.23	84.34
28.07.2023	83.26	84.58	82.87	84.36
27.07.2023	82.72	84.12	82.63	83.39
26.07.2023	82.89	83.43	82.22	82.59
25.07.2023	82.59	83.52	81.96	82.83
24.07.2023	80.38	82.06	80.25	82
23.07.2023	80.07	80.63	80.05	80.41
21.07.2023	79.64	81.11	79.52	80.07
20.07.2023	79.23	80.16	78.61	79.25
19.07.2023	79.67	80.78	79.07	79.25
18.07.2023	78.41	79.89	78.12	79.71
17.07.2023	79.29	80.6	78.25	78.27
16.07.2023	79.65	79.65	79.02	79.3
14.07.2023	81.67	81.73	79.55	79.64
13.07.2023	80.2	81.81	79.89	81.52
12.07.2023	79.32	80.54	79.21	80.16
11.07.2023	77.78	79.59	77.64	79.32
10.07.2023	78.12	78.81	77.46	77.81
07.07.2023	76.53	78.58	76.06	78.12
06.07.2023	76.66	77.12	75.06	76.53
05.07.2023	75.98	77.03	75.3	76.51
04.07.2023	74.92	76.34	74.76	76.12
03.07.2023	75.17	76.62	74.57	74.93
02.07.2023	75.2	75.39	75.03	75.15
30.06.2023	74.37	75.86	74.28	75.21
29.06.2023	73.96	75.21	73.6	74.38
28.06.2023	72.81	74.49	71.88	73.84
27.06.2023	74.45	75.13	72.79	73.28
26.06.2023	74.82	75	73.63	74.46
25.06.2023	74.37	74.94	74.35	74.82
23.06.2023	74.21	74.55	72.32	74.38
22.06.2023	77.03	77.21	73.83	74.39
21.06.2023	75.51	77.28	75.51	76.93
20.06.2023	76.07	77.07	74.53	75.43
19.06.2023	76.1	76.93	75.34	76.09
18.06.2023	76.23	76.34	76.03	76.08
16.06.2023	75.66	76.75	75.15	76.23
15.06.2023	73.35	75.96	72.89	75.57
14.06.2023	74.03	75.46	73.01	73.62
13.06.2023	72.17	74.66	71.95	74.08
12.06.2023	74.43	74.6	72.07	72.23
11.06.2023	75.03	75.03	74.4	74.42
09.06.2023	75.5	76.6	74.73	75.02
08.06.2023	76.79	77.73	76.46	77.38
07.06.2023	76.25	77.66	75.51	76.78
06.06.2023	76.56	76.76	74.74	76.15
05.06.2023	77.86	78.23	76.31	76.58
04.06.2023	76.23	78.72	76.2	77.83
02.06.2023	74.29	76.56	74.17	76.22
01.06.2023	72.23	75.25	72.05	74.3
31.05.2023	73.85	73.99	71.51	72.14
30.05.2023	76.99	77.67	73.32	73.83
29.05.2023	77.47	77.84	76.17	77.09
28.05.2023	77.19	77.77	77.17	77.47
26.05.2023	76.04	77.33	75.66	77.2
25.05.2023	78.27	78.42	75.11	76.13
24.05.2023	77.65	78.51	76.97	78.25
23.05.2023	76.06	77.7	75.52	77.33
22.05.2023	75.55	76.36	74.44	75.79
21.05.2023	75.62	75.7	75.44	75.54
19.05.2023	76.04	77.52	75.13	75.63
18.05.2023	76.77	77.01	75.5	75.88
17.05.2023	74.65	77.34	74.11	76.77
16.05.2023	75.53	76.03	74.51	74.73
15.05.2023	74.11	75.79	73.48	75.54
14.05.2023	74.19	74.34	74.06	74.13
12.05.2023	75.32	75.84	74.04	74.18
11.05.2023	76.71	77.43	74.64	75.44
10.05.2023	77.36	77.63	75.73	76.58
09.05.2023	76.78	77.53	75.12	77.29
08.05.2023	75.41	77.44	74.95	76.6
07.05.2023	75.36	75.81	75.24	75.42
05.05.2023	72.66	75.73	72.41	75.37
04.05.2023	71.49	73.72	71.43	72.54
03.05.2023	75.3	75.59	71.71	71.93
02.05.2023	79.28	79.84	75.1	75.2
01.05.2023	79.77	79.91	78.13	79.39
30.04.2023	80.2	80.27	79.71	79.8
28.04.2023	78.26	80.55	77.52	80.22
27.04.2023	77.81	78.58	77.38	78.31
26.04.2023	80.83	81.38	77.51	77.8
25.04.2023	82.42	82.96	80.23	80.6
24.04.2023	81.37	82.83	80.3	82.34
23.04.2023	81.55	81.67	81.26	81.35
21.04.2023	80.54	81.86	80.2	81.55
20.04.2023	82.45	82.6	80.5	80.52
19.04.2023	84.87	85.18	82.42	82.48
18.04.2023	84.74	85.44	83.82	84.86
17.04.2023	86.38	86.58	84.39	84.86
16.04.2023	86.51	86.51	86.21	86.38
14.04.2023	86.15	86.95	85.57	86.5
13.04.2023	87.14	87.49	86.07	86.26
12.04.2023	85.57	87.51	85.42	87.23
11.04.2023	84.26	85.7	83.75	85.54
10.04.2023	85.07	85.43	84.1	84.27
06.04.2023	84.9	85.49	84.06	84.78
05.04.2023	85.26	85.6	84.05	84.83
04.04.2023	84.91	86.08	83.89	85.25
03.04.2023	79.85	85.37	79.83	84.83
31.03.2023	78.51	79.98	77.85	79.86
30.03.2023	77.48	78.87	77.18	78.54
29.03.2023	78.49	79.07	77.31	77.53
28.03.2023	77.89	78.72	77.14	78.42
27.03.2023	74.6	78.05	74.57	77.79
24.03.2023	75.12	75.95	72.36	74.57
23.03.2023	75.42	77.07	74.72	75.13
22.03.2023	74.79	76.8	74.28	75.43
21.03.2023	73.58	75.16	72.64	74.8
20.03.2023	72.24	73.67	70.07	73.59
19.03.2023	72.23	72.24	72.21	72.23
17.03.2023	74.17	75.58	71.41	72.24
16.03.2023	73.1	75.12	71.53	74.15
15.03.2023	77	78.27	71.32	73.11
14.03.2023	80.06	80.4	76.48	76.99
13.03.2023	82.44	82.72	77.82	80.06
12.03.2023	82.08	82.65	82.05	82.44
10.03.2023	81.03	82.47	80.26	82.08
09.03.2023	82.5	84.04	81.01	81.05
08.03.2023	83.11	83.65	82.06	82.48
07.03.2023	86.27	86.81	82.85	83.09
06.03.2023	85.5	86.44	84.36	86.25
05.03.2023	86.02	86.11	85.41	85.49
03.03.2023	84.33	86.11	82.4	86
02.03.2023	84.38	85.11	83.84	84.33
01.03.2023	83.12	84.57	82.62	84.36
28.02.2023	82.06	84.02	81.84	83.14
27.02.2023	83.16	83.33	81.42	82.09
26.02.2023	82.87	83.24	82.85	83.15
24.02.2023	82.18	83.11	80.75	82.88
23.02.2023	80.32	82.5	80.31	82.2
22.02.2023	82.49	82.99	80.3	80.33
21.02.2023	83.5	83.9	82.26	82.48
20.02.2023	82.85	84.04	82.44	83.48
19.02.2023	82.7	83.01	82.67	82.85
17.02.2023	84.41	84.61	81.55	82.68
16.02.2023	84.95	85.85	84.24	84.42
15.02.2023	85.25	85.9	83.9	84.94
14.02.2023	85.76	86.51	84.16	85.26
13.02.2023	85.96	86.97	85.11	85.77
12.02.2023	86.45	86.65	85.88	85.94
10.02.2023	84.11	86.93	83.96	86.46
09.02.2023	85.04	85.59	83.09	84.09
08.02.2023	84.08	85.24	83.55	85.03
07.02.2023	81.42	84.24	81.2	84.1
06.02.2023	79.96	81.49	79.12	81.4
05.02.2023	79.84	80.24	79.72	79.97
03.02.2023	82.1	84.23	79.65	79.84
02.02.2023	83.07	83.7	81.25	82.11
01.02.2023	85.55	86.26	82.39	83.08
31.01.2023	84.44	85.83	83.17	85.55
30.01.2023	87.06	87.28	84.26	84.47
29.01.2023	86.17	87.28	86.15	87.02
27.01.2023	87.49	88.72	85.54	86.17
26.01.2023	86.24	87.75	85.82	87.48
25.01.2023	86.54	86.99	85.5	86.25
24.01.2023	88.08	88.65	85.93	86.52
23.01.2023	87.21	89.03	87.07	88.06
22.01.2023	87.5	87.87	87.13	87.2
20.01.2023	86.46	87.91	85.76	87.5
19.01.2023	84.76	87.07	84.08	86.45
18.01.2023	86.64	88.08	84.65	84.76
17.01.2023	84.33	87.02	84.22	86.63
16.01.2023	85.59	85.63	84.13	84.33
15.01.2023	85.42	85.89	85.4	85.58
13.01.2023	83.82	85.63	83.51	85.43
12.01.2023	82.91	84.63	82.42	83.79
11.01.2023	79.62	83.07	79.31	82.91
10.01.2023	79.81	80.93	78.83	79.63
09.01.2023	78.81	81.41	78.79	79.81
08.01.2023	78.37	78.94	78.34	78.8
06.01.2023	78.87	80.57	78.08	78.34
05.01.2023	78.1	79.97	77.65	78.87
04.01.2023	82.27	82.7	77.76	78.09
03.01.2023	85.67	87.04	81.79	82.25
01.01.2023	86.01	86.12	85.99	86.02
30.12.2022	83.7	86.12	82.93	86.01
29.12.2022	83.68	83.88	81.87	83.68
28.12.2022	85.19	85.2	82.55	83.67
27.12.2022	85.09	86.16	84.19	85.2
25.12.2022	84.56	84.66	84.53	84.53
23.12.2022	82.19	84.71	81.9	84.53
22.12.2022	82.64	84.26	81.35	82.19
21.12.2022	80.24	83.03	80.08	82.66
20.12.2022	80.38	81.26	79.01	80.24
19.12.2022	80.06	81.17	79.03	80.37
18.12.2022	79.02	80.13	79	80.06
16.12.2022	81.5	81.88	78.77	79
15.12.2022	82.82	83.18	80.93	81.51
14.12.2022	80.54	83.23	80.3	82.81
13.12.2022	78	81.37	78	80.54
12.12.2022	77.03	78.58	75.26	78.02
11.12.2022	76.17	77.34	76.15	77.01
09.12.2022	76.5	77.48	75.13	76.16
08.12.2022	77.38	79.21	75.78	76.51
07.12.2022	79.73	80.5	76.95	77.36
06.12.2022	82.94	83.69	78.71	79.73
05.12.2022	86.99	88.45	82.55	82.94
04.12.2022	85.26	87.02	85.25	87.01
02.12.2022	87.27	87.93	85.24	85.28
01.12.2022	86.63	89.36	86.27	87.25
30.11.2022	84.98	87.4	84.46	86.61
29.11.2022	83.26	86.66	83.24	84.96
28.11.2022	83.4	84.65	80.84	83.25
27.11.2022	83.85	83.86	83.31	83.39
25.11.2022	85.05	86.93	83.67	83.86
24.11.2022	84.41	85.4	84.01	85.07
23.11.2022	87.69	88.8	83.95	84.43
22.11.2022	87.39	89.17	86.98	87.72
21.11.2022	87.38	87.48	82.31	87.39
20.11.2022	87.23	87.57	87.2	87.4
18.11.2022	89.16	89.83	85.35	87.23
17.11.2022	91.41	91.63	88.49	89.19
16.11.2022	92.65	93.57	90.61	91.39
15.11.2022	91.23	94.55	90.51	92.63
14.11.2022	96.81	96.99	91.21	91.24
13.11.2022	95.8	96.82	95.76	96.8
11.11.2022	93.35	96.95	93.32	95.76
10.11.2022	92.47	94.3	91.73	93.35
09.11.2022	95.05	95.66	92.33	92.47
08.11.2022	97.94	98.31	95	95.03
07.11.2022	96.97	99.57	96.84	97.93
06.11.2022	98.73	98.85	96.63	96.94
04.11.2022	94.56	98.88	94.32	98.74
03.11.2022	95.49	96	94.21	94.57
02.11.2022	94.75	96.48	94.05	95.46
01.11.2022	92.82	95.56	92.33	94.75
31.10.2022	94.19	94.4	91.49	92.8
30.10.2022	94.05	94.26	94.01	94.17
28.10.2022	94.63	94.92	93.02	94.04
27.10.2022	94.11	95.34	93.19	94.66
26.10.2022	91.1	94.28	90.4	94.19
25.10.2022	91.48	92.52	89.76	91.15
24.10.2022	91.69	92.28	89.05	91.43
23.10.2022	90.83	91.85	90.8	91.68
21.10.2022	90.45	91.78	89.17	90.82
20.10.2022	90.41	92.72	90.02	90.62
19.10.2022	89.29	89.83	87.97	89.37
18.10.2022	90.61	91.24	87.56	89.14
17.10.2022	92.37	93.25	90.38	90.41
16.10.2022	91.56	92.47	91.56	92.37
14.10.2022	94.46	95.11	92.75	92.82
13.10.2022	92.46	94.96	91.12	94.65
12.10.2022	93.74	95.18	91.61	92.41
11.10.2022	95.86	96.48	93.12	93.81
10.10.2022	97.9	98.65	95.6	96.06
09.10.2022	98.21	98.66	97.65	97.92
07.10.2022	94.86	98.63	93.93	98.22
06.10.2022	93.72	95.05	92.72	94.93
05.10.2022	91.78	94.03	91.03	93.68
04.10.2022	88.81	92.37	88.81	91.77
03.10.2022	87.94	89.79	87.12	88.63
02.10.2022	85.33	88.02	85.3	87.95
30.09.2022	87.54	88.64	85.02	85.33
29.09.2022	87.62	88.82	86.22	87.35
28.09.2022	84.83	88.24	82.98	87.95
27.09.2022	82.84	85.8	82.82	84.41
26.09.2022	85.64	86.46	82.46	82.73
25.09.2022	85.55	85.81	85.27	85.58
23.09.2022	89.42	89.91	84.57	85.57
22.09.2022	88.83	91.73	88.27	89.41
21.09.2022	89.62	92.22	88.33	88.99
20.09.2022	90.88	91.56	88.59	89.73
19.09.2022	90.56	91.17	87.21	90.02
18.09.2022	90.03	90.72	90	90.54
16.09.2022	89.21	91.28	89.03	90.03
15.09.2022	93.66	93.66	89.1	89.5
14.09.2022	92.48	94.66	91.06	93.57
13.09.2022	93.13	94.38	90.22	92.09
12.09.2022	92.45	95.2	91.22	93.16
11.09.2022	92.18	92.86	92.17	92.48
09.09.2022	88.67	93.17	88.58	92.21
08.09.2022	87.89	89.83	87.24	88.47
07.09.2022	92.81	93.82	87.42	87.73
06.09.2022	95.33	95.94	92.3	92.83
05.09.2022	94.53	97.05	94.24	95.2
04.09.2022	92.95	94.55	92.93	94.53
02.09.2022	92.78	95.34	92.71	92.94
01.09.2022	95.24	95.69	91.85	92.2
31.08.2022	98.39	99.05	94.43	94.97
30.08.2022	102.8	103.5	96.64	98.52
29.08.2022	98.99	103.2	98.77	103
28.08.2022	98.7	99.23	98.24	99
26.08.2022	98.97	100.2	96.98	98.69
25.08.2022	100.9	101.6	98.25	98.99
24.08.2022	99.09	100.9	98.29	100.4
23.08.2022	96.16	99.5	95.8	98.98
22.08.2022	95.1	96.64	92.03	95.33
21.08.2022	94.77	95.25	94.72	95.1
19.08.2022	95.86	97.12	93.62	94.79
18.08.2022	92.75	96.54	92.41	95.58
17.08.2022	92.09	93.82	90.95	92.02
16.08.2022	92.9	95.17	91.09	91.24
15.08.2022	96.5	96.84	91.85	92.73
14.08.2022	98.03	98.04	96.41	96.51
12.08.2022	99.36	100.4	96.98	98.04
11.08.2022	97.04	100.2	96.66	99.32
10.08.2022	96.44	98.02	93.64	97.06
09.08.2022	96.29	98.42	94.93	96.56
08.08.2022	93.88	96.78	93.08	96.52
07.08.2022	94.29	94.4	93.75	93.89
05.08.2022	93.6	96.41	92.81	94.29
04.08.2022	97.14	97.76	93.24	93.62
03.08.2022	99.76	102.5	96.55	97.08
02.08.2022	99.84	102.4	98.5	99.94
01.08.2022	103.5	104.4	99.16	99.86
31.07.2022	103.8	104	103.1	103.5
29.07.2022	102.6	106.6	101.6	103.8
28.07.2022	102.4	104.2	101	102.4
27.07.2022	99.76	102.9	98.86	102.3
26.07.2022	99.81	102.4	99.06	99.71
25.07.2022	98.84	100.4	96.75	99.89
24.07.2022	98.35	99.31	98.34	98.87
22.07.2022	99.31	101	97.54	98.34
21.07.2022	101.9	102.3	97.34	99.19
20.07.2022	102.7	103	100.8	102
19.07.2022	101.3	103.2	99.33	102.8
18.07.2022	96.83	102.1	95.46	100.9
17.07.2022	96.7	97.5	96.7	96.8
15.07.2022	96.13	98.58	94.43	96.73
14.07.2022	99.38	100.4	94.52	95.8
13.07.2022	98.49	101.2	98.29	99.73
12.07.2022	106.3	106.6	98.92	99.12
11.07.2022	107	107.7	103.8	106.2
10.07.2022	107	107.1	106.2	107
08.07.2022	104.8	107.5	103.7	107
07.07.2022	100.2	106.4	98.54	104.3
06.07.2022	105	105.8	98.59	99.82
05.07.2022	113.5	114.7	101.2	104.8
04.07.2022	111.4	114.1	110.4	113.8
03.07.2022	111.5	111.8	111.3	111.4
01.07.2022	109.5	112.5	108	111.5
30.06.2022	112.3	113.3	108.2	109.2
29.06.2022	113.9	116.2	111.7	112.3
28.06.2022	111.7	114.1	111.5	113.8
27.06.2022	107.9	111.9	107.2	111.2
26.06.2022	108.8	108.8	107.4	108
24.06.2022	106.4	110.1	105.7	108.8
23.06.2022	106.4	109.3	105	106.1
22.06.2022	111.5	111.6	104.4	106.7
21.06.2022	111.6	113.4	111.2	111.8
20.06.2022	111.2	111.7	109.1	111.5
19.06.2022	109.5	111.7	109.5	111.2
17.06.2022	116.2	118.1	109.1	109.5
16.06.2022	116.5	117.4	112.9	116.2
15.06.2022	117.4	118.4	114.7	115.5
14.06.2022	118.8	121.7	115.7	116.6
13.06.2022	120.3	123.7	119	122
12.06.2022	121.7	121.7	120	120.2
10.06.2022	122.9	124.4	119.9	121.7
09.06.2022	123.7	124.4	122.6	122.9
08.06.2022	120.5	124.5	120.5	123.8
07.06.2022	119.9	121.4	118.6	120.8
06.06.2022	121.5	121.6	118.8	120
05.06.2022	120.9	121.9	120.9	121.5
03.06.2022	118.2	121.5	116.1	120.9
02.06.2022	114.6	118.5	112.5	118.1
01.06.2022	116.3	118.6	115.4	115.9
31.05.2022	118.3	120.8	115.2	116.3
30.05.2022	116.2	117.9	115.9	117.7
29.05.2022	115.3	116.3	115.3	116.3
27.05.2022	114.3	115.8	113.2	115.3
26.05.2022	111.4	114.8	110.9	114.2
25.05.2022	111.2	112.4	110.2	111.4
24.05.2022	110.2	111.9	109.1	110.8
23.05.2022	110.2	111.6	109.4	110.8
22.05.2022	110	110.3	109.4	110.2
20.05.2022	109.3	110.7	108.3	110
19.05.2022	106	110.1	103.8	108.5
18.05.2022	110.8	111.9	106.2	107.2
17.05.2022	112.3	113.5	109.1	110.5
16.05.2022	112.3	114.8	109	111.8
15.05.2022	111.4	112.5	111.3	112.3
13.05.2022	108.5	111.7	107.8	111.3
12.05.2022	107.7	108.7	104.7	107.9
11.05.2022	101.7	108.3	101.3	107.5
10.05.2022	105.3	106.9	101.6	101.6
09.05.2022	111.9	113.2	105	105.3
08.05.2022	112.8	113	111.5	111.9
06.05.2022	111.2	113.6	109.9	112.8
05.05.2022	110.5	114	109.3	111
04.05.2022	105.8	111	105.5	110.1
03.05.2022	107.6	108.3	104.7	105.9
02.05.2022	107	108.4	103.2	107.6
01.05.2022	106.1	107.4	105.7	106.9
29.04.2022	107.2	110.1	106.1	106.1
28.04.2022	104.7	107.7	102.9	107.1
27.04.2022	105.2	106	103	104.8
26.04.2022	102.3	105.8	100.9	104.9
25.04.2022	104.5	105	99.28	102.2
24.04.2022	105.3	105.3	104.2	104.5
22.04.2022	107.9	108.4	105.1	105.3
21.04.2022	106.6	109.3	106.4	108.2
20.04.2022	107.6	108.5	104.3	106.8
19.04.2022	111.7	112.8	106.2	106.7
18.04.2022	112.3	113.7	109.7	111.3
17.04.2022	111.2	112.6	111.1	112.3
14.04.2022	107.5	111.4	106	109.5
13.04.2022	104.9	108.3	103.5	107.6
12.04.2022	99.19	105.6	98.95	104.7
11.04.2022	101.3	101.7	97.6	99.38
10.04.2022	102.5	102.9	101.2	101.3
08.04.2022	101.5	103.3	99.69	102.5
07.04.2022	102	103.6	98.5	101.4
06.04.2022	105.7	108.7	100.6	101.7
05.04.2022	108.8	110	104.6	105.6
04.04.2022	103.5	108.5	103.1	107.9
03.04.2022	104.4	104.4	102.9	103.5
01.04.2022	105.5	106.1	102.4	104.4
31.03.2022	110	112.3	104.2	105.7
30.03.2022	110	112.3	107.9	110.4
29.03.2022	107.2	111.8	102.3	108.6
28.03.2022	113.9	114.8	106.1	106.6
27.03.2022	116.5	116.5	113.6	113.9
25.03.2022	114.6	117.7	112	116.4
24.03.2022	117.5	119.7	113.5	114.6
23.03.2022	110.9	118.2	110.8	117.5
22.03.2022	112.6	115.5	109.4	110.9
21.03.2022	106.5	113.1	106.5	112.6
20.03.2022	104.8	106.6	104.8	106.5
18.03.2022	103.2	106.5	103	104.8
17.03.2022	96.26	104.4	95.45	103.2
16.03.2022	96.26	101.2	95.7	96.58
15.03.2022	102.1	102.4	94.72	96.27
14.03.2022	107.1	107.5	100.7	102.1
13.03.2022	108.5	108.6	106.9	107.1
11.03.2022	105	109.9	103.2	108.5
10.03.2022	112.5	118.3	105	105
09.03.2022	129.2	131.7	107	112.5
08.03.2022	124.4	133.1	121.4	129.2
07.03.2022	129.8	130.7	119.1	124.4
06.03.2022	117.9	138	117.9	129.8
04.03.2022	110.4	119	109.7	117.9
03.03.2022	114.5	119.8	109.5	110.4
02.03.2022	107.6	115.2	106.9	114.5
01.03.2022	98.16	107.6	98.13	107.6
28.02.2022	99.52	100.1	97.04	98.16
27.02.2022	94.57	101.2	94.56	99.71
25.02.2022	95.89	98.42	92.79	94.57
24.02.2022	94.77	102.3	94.16	95.86
23.02.2022	93.48	95.74	92.82	94.75
22.02.2022	94.82	96.46	92.98	93.49
21.02.2022	92.38	95	90.43	94.83
20.02.2022	91.17	92.66	91.14	92.38
18.02.2022	90.77	92	88.43	91.16
17.02.2022	89.68	92.17	89.67	90.74
16.02.2022	91.28	93.54	89.01	89.68
15.02.2022	93.74	94.07	90.1	91.29
14.02.2022	95.34	96.72	93.5	95.75
13.02.2022	95.08	95.54	94.77	95.33
11.02.2022	91.4	95.66	90.54	95.07
10.02.2022	91.8	93.12	90.92	91.41
09.02.2022	91.31	92.12	90.06	91.81
08.02.2022	92.98	92.99	89.97	91.32
07.02.2022	92.95	94.03	92.13	92.95
06.02.2022	92.55	93.09	92.47	92.98
04.02.2022	91	93.76	90.97	92.54
03.02.2022	89.23	91.38	88.03	90.98
02.02.2022	89.33	90.51	88.31	89.24
01.02.2022	89.34	89.99	87.8	89.3
31.01.2022	89.37	89.9	88.1	89.31
30.01.2022	88.89	89.53	88.87	89.38
28.01.2022	88.88	90.25	88.18	88.91
27.01.2022	88.48	89.82	87.8	88.88
26.01.2022	86.96	89.33	86.71	88.52
25.01.2022	86.05	87.37	85.28	86.96
24.01.2022	87.72	88.13	84.22	86.04
23.01.2022	86.04	87.76	86.02	87.74
21.01.2022	86.2	87.42	84.96	86.05
20.01.2022	86.85	88.68	86.2	86.2
19.01.2022	87.91	88.33	86.7	86.84
18.01.2022	86.53	88.7	86.45	88.54
17.01.2022	86.54	86.74	85.56	86.52
16.01.2022	86.32	86.7	86.32	86.55
14.01.2022	84.09	86.57	84.01	86.34
13.01.2022	84.81	85.1	83.8	84.09
12.01.2022	83.76	85.31	83.53	84.81
11.01.2022	81.02	84.04	80.89	83.76
10.01.2022	81.44	82.32	80.51	81.02
09.01.2022	81.71	81.93	81.27	81.46
07.01.2022	81.94	83.01	81.49	81.71
06.01.2022	80.18	82.82	79.63	81.93
05.01.2022	80.15	81.51	79.59	80.2
04.01.2022	78.89	80.56	78.63	80.16
03.01.2022	78.42	79.29	77.04	78.91
02.01.2022	77.9	78.49	77.89	78.41
31.12.2021	79.07	79.71	77.57	77.9
30.12.2021	79.21	80.04	78.42	79.08
29.12.2021	78.85	80.03	78.12	79.22
28.12.2021	78.6	79.5	78.05	78.84
27.12.2021	76.14	78.73	75.4	78.6
26.12.2021	75.57	76.27	75.56	76.16
24.12.2021	76.35	76.54	75.38	75.57
23.12.2021	75.58	76.84	74.78	76.35
22.12.2021	73.94	75.66	73.6	75.58
21.12.2021	72.08	74.29	71.29	73.93
20.12.2021	72.11	72.46	69.34	72.1
19.12.2021	72.77	72.78	71.73	72.09
17.12.2021	74.44	74.91	72.69	72.76
16.12.2021	74.28	75.48	73.9	74.44
15.12.2021	72.73	74.47	72.47	74.26
14.12.2021	74.21	75.02	72.57	72.74
13.12.2021	75.84	76.4	74.2	74.21
12.12.2021	75.21	75.94	75.2	75.85
10.12.2021	74.04	75.7	73.81	75.21
09.12.2021	75.92	76.7	73.86	74.02
08.12.2021	75.31	76.39	74.39	75.94
07.12.2021	73.57	76.32	73.22	75.32
06.12.2021	71.01	73.79	70.84	73.55
05.12.2021	70.08	71.28	70.05	71.02
03.12.2021	70.45	72.62	69.25	70.05
02.12.2021	68.86	70.68	65.79	70.46
01.12.2021	70.24	72.87	68.15	68.86
30.11.2021	73.22	74.34	67.52	70.25
29.11.2021	74.08	75.94	72.21	73.23
28.11.2021	71.73	74.17	71.71	74.17
26.11.2021	80.98	80.99	71.3	71.72
25.11.2021	81.02	81.49	80.52	80.98
24.11.2021	81.05	81.91	80.67	81.02
23.11.2021	78.53	81.67	77.87	81.05
22.11.2021	77.57	79.32	77.41	78.53
21.11.2021	77.76	77.76	76.84	77.56
19.11.2021	80.01	81.41	77.33	77.75
18.11.2021	79.27	80.54	78.39	80.03
17.11.2021	81.27	81.27	78.92	79.27
16.11.2021	81.02	82.13	80.6	81.26
15.11.2021	82.37	82.42	80.69	81.04
14.11.2021	82.58	82.86	81.33	82.38
11.11.2021	82.71	83.45	81.69	82.57
10.11.2021	85.22	85.57	82.1	82.7
09.11.2021	83.68	85.34	83.17	85.21
08.11.2021	82.98	84.09	82.88	83.65
07.11.2021	82.53	83.13	82.51	82.99
05.11.2021	80.93	83.16	80.27	82.54
04.11.2021	81.31	84.5	80.25	80.94
03.11.2021	84.1	84.21	81.11	81.32
02.11.2021	84.52	85.28	83.77	84.11
01.11.2021	83.18	85.17	83.11	84.54
31.10.2021	83.49	83.49	83.02	83.19
29.10.2021	83.72	84.3	82.58	83.48
28.10.2021	83.54	84.09	81.62	83.91
27.10.2021	85.32	85.59	83.35	83.49
26.10.2021	85.27	85.81	84.57	85.36
25.10.2021	84.73	85.87	84.65	85.14
24.10.2021	84.74	84.94	84.53	84.74
22.10.2021	83.83	85.08	83.17	84.73
21.10.2021	85.17	85.47	82.71	84
20.10.2021	84.48	85.32	82.98	85.23
19.10.2021	84.23	85.44	83.74	85.15
18.10.2021	85.36	86.09	83.96	84.14
17.10.2021	84.81	85.45	84.79	85.34
15.10.2021	84.32	85.16	84.17	84.8
14.10.2021	83.51	84.54	83.2	84.1
13.10.2021	83.1	83.7	82.26	83.35
12.10.2021	83.53	84.23	82.75	83.27
11.10.2021	82.65	84.66	82.54	83.67
10.10.2021	82.59	83.21	82.56	82.63
08.10.2021	82.38	83.44	81.96	82.6
07.10.2021	81	82.58	79.1	82.45
06.10.2021	82.59	83.48	80.61	80.85
05.10.2021	81.25	83.14	81.18	82.56
04.10.2021	79.24	82.01	78.76	81.27
03.10.2021	79.26	79.51	79.12	79.22
01.10.2021	78.55	79.4	77.58	79.24
30.09.2021	77.86	79.32	76.52	78.33
29.09.2021	77.52	78.79	76.77	77.92
28.09.2021	78.63	79.99	77.36	77.45
27.09.2021	77.91	79.08	77.85	78.58
26.09.2021	77.17	77.97	77.14	77.9
24.09.2021	76.51	77.42	76.11	77.17
23.09.2021	75.08	76.58	74.82	76.45
22.09.2021	73.77	75.5	73.68	75.06
21.09.2021	73.54	74.4	72.53	73.86
20.09.2021	74.3	74.42	72.68	73.36
19.09.2021	74.46	74.63	74.08	74.3
17.09.2021	74.95	75.12	73.93	74.46
16.09.2021	74.69	75.22	73.85	74.91
15.09.2021	73.27	75.47	73.13	74.81
14.09.2021	73.64	74.28	73.08	73.94
13.09.2021	73.27	73.96	73.03	73.67
12.09.2021	72.9	73.38	72.69	73.24
10.09.2021	71.31	73.17	70.97	72.9
09.09.2021	72.55	73.27	70.9	71.34
08.09.2021	71.7	72.95	71.55	72.68
07.09.2021	72.2	72.85	71.11	71.53
06.09.2021	72.06	72.82	71.51	72.09
05.09.2021	72.49	72.6	72.07	72.07
03.09.2021	72.88	73.69	72.39	72.48
02.09.2021	71.32	73.51	70.92	72.8
01.09.2021	71.67	72.42	70.45	71.29
31.08.2021	72.15	72.44	71.38	71.7
30.08.2021	72.62	72.68	71.03	72.08
29.08.2021	71.63	72.75	71.62	72.63
27.08.2021	70.61	71.81	70.23	71.64
26.08.2021	70.93	71.17	69.78	70.52
25.08.2021	70.23	71.46	69.8	71
24.08.2021	68.22	70.66	68.11	70.43
23.08.2021	65.08	68.51	64.96	68.37
22.08.2021	64.49	65.12	64.44	65.07
20.08.2021	66.12	66.48	64.46	64.51
19.08.2021	67.15	67.26	65.14	66.02
18.08.2021	68.54	69.56	66.76	67.03
17.08.2021	69.39	69.61	68.35	68.7
16.08.2021	69.87	70	67.82	69.19
15.08.2021	70.2	70.21	69.48	69.87
13.08.2021	71.09	71.42	70.02	70.19
12.08.2021	71.56	71.93	70.71	71.18
11.08.2021	70.81	71.73	69.11	71.62
10.08.2021	69.37	71.27	68.96	70.86
09.08.2021	69.61	69.66	67.61	69.21
08.08.2021	70.3	70.31	69.08	69.59
06.08.2021	71.2	72.44	70.27	70.29
05.08.2021	70.3	71.56	69.76	71.17
04.08.2021	72.34	72.85	70.12	70.29
03.08.2021	73.11	73.61	71.06	72.29
02.08.2021	75.13	75.19	72.32	73.22
01.08.2021	75.22	75.39	75.11	75.15
30.07.2021	74.79	75.71	74.4	75.24
29.07.2021	73.87	75.19	73.71	74.81
28.07.2021	73.84	74.36	73.53	73.88
27.07.2021	73.86	74.22	73.09	73.76
26.07.2021	73.72	74.03	72.08	73.96
25.07.2021	73.35	73.85	73.33	73.73
23.07.2021	72.97	73.59	72.68	73.36
22.07.2021	71.59	73.28	71.1	72.97
21.07.2021	68.38	71.8	68.03	71.52
20.07.2021	68.46	69.14	66.94	67.9
19.07.2021	73.04	73.26	67.92	68.68
18.07.2021	73.2	73.38	72.63	73.02
16.07.2021	73.15	74.12	72.35	73.19
15.07.2021	74.51	74.57	73.2	73.26
14.07.2021	76.27	76.74	73.84	74.55
13.07.2021	75.28	76.65	74.95	76.35
12.07.2021	75.69	75.76	74.24	75.19
11.07.2021	75.5	75.86	75.5	75.68
09.07.2021	74.34	75.81	73.79	75.52
08.07.2021	73.39	74.46	72.14	74.37
07.07.2021	74.74	76.03	72.61	73.35
06.07.2021	77.09	77.88	74.14	74.94
05.07.2021	76.13	77.28	75.71	77.11
04.07.2021	75.99	76.27	75.97	76.13
02.07.2021	75.62	76.48	75.25	76
01.07.2021	74.66	76.76	74.55	75.62
30.06.2021	74.66	75.39	73.93	74.65
29.06.2021	74.1	75	73.38	74.66
28.06.2021	75.47	75.81	73.94	74.01
27.06.2021	75.23	75.56	75.21	75.52
25.06.2021	74.8	75.48	74.18	75.24
24.06.2021	74.59	75.06	73.83	74.81
23.06.2021	74.03	75.26	74.02	74.69
22.06.2021	73.99	74.45	73.53	74.04
21.06.2021	72.88	74.17	72.18	74
20.06.2021	72.3	73.05	72.29	72.92
18.06.2021	72.13	73.01	71.42	72.3
17.06.2021	73.02	73.71	71.25	72.17
16.06.2021	73.55	74.17	73	73.01
15.06.2021	72.44	73.63	72.2	73.48
14.06.2021	72.85	73.68	72.62	73.12
13.06.2021	72.6	72.9	72.6	72.84
11.06.2021	72.4	73.11	71.88	72.62
10.06.2021	72.01	72.93	70.97	72.4
09.06.2021	72.15	72.91	71.83	72.05
08.06.2021	71.4	72.46	70.73	72.08
07.06.2021	71.89	72.3	71.11	71.45
06.06.2021	71.69	71.99	71.67	71.89
04.06.2021	71.25	72.19	70.75	71.67
03.06.2021	71.22	72.05	70.67	71.37
02.06.2021	70.5	71.51	70.36	71.2
01.06.2021	69.45	71.42	69.29	70.61
31.05.2021	68.92	69.86	68.75	69.46
30.05.2021	69.02	69.14	68.87	68.92
28.05.2021	69.47	69.76	68.59	69.02
27.05.2021	68.68	69.3	67.97	69.18
26.05.2021	68.4	69	67.89	68.61
25.05.2021	68.42	68.82	67.78	68.42
24.05.2021	66.47	68.55	66.4	68.3
23.05.2021	66.43	66.59	66.39	66.45
21.05.2021	65.12	66.87	64.51	66.45
20.05.2021	66.48	67.04	64.66	64.95
19.05.2021	68.2	68.26	65.2	66.38
18.05.2021	69.57	70.29	67.29	68.51
17.05.2021	68.94	69.67	68.23	69.53
16.05.2021	68.77	69.06	68.75	68.91
14.05.2021	67.02	68.9	66.51	68.75
13.05.2021	68.88	69.07	66.48	67.02
12.05.2021	68.77	69.93	68.17	69.01
11.05.2021	68.37	68.8	67.14	68.68
10.05.2021	68.89	69.22	67.42	68.23
09.05.2021	68.22	68.98	68.2	68.9
07.05.2021	68.28	68.69	67.4	68.22
06.05.2021	68.51	69.41	67.99	68.27
05.05.2021	69.42	69.95	68.35	68.52
04.05.2021	67.77	69.55	67.36	69.46
03.05.2021	66.95	67.88	66.13	67.63
02.05.2021	66.45	66.97	66.44	66.93
30.04.2021	67.91	68	66.29	66.45
29.04.2021	66.74	68.45	66.64	68.01
28.04.2021	66.02	67.36	65.54	66.51
27.04.2021	65.2	66.27	65.07	66.03
26.04.2021	65.22	65.57	63.95	65.16
25.04.2021	65.12	65.53	65.11	65.23
23.04.2021	65.1	65.65	64.5	65.13
22.04.2021	64.46	65.22	63.97	64.94
21.04.2021	65.62	65.87	64.3	64.3
20.04.2021	66.63	67.41	64.96	65.64
19.04.2021	66.05	66.73	65.71	66.33
18.04.2021	66.7	66.8	65.92	66.05
16.04.2021	66.83	67.43	66.47	66.72
15.04.2021	66.3	67.06	65.97	66.79
14.04.2021	64	66.94	63.88	66.26
13.04.2021	63.25	64.19	63.21	63.93
12.04.2021	63.23	64.33	62.41	63.13
11.04.2021	62.99	63.31	62.97	63.22
09.04.2021	63.27	63.49	62.57	63
08.04.2021	63.03	63.47	62.39	63.33
07.04.2021	62.64	63.53	61.61	62.92
06.04.2021	62.34	64.29	62.06	62.67
05.04.2021	64.75	64.79	61.27	62.24
04.04.2021	64.74	64.79	64.29	64.71
01.04.2021	63.2	65.19	62.44	64.6
31.03.2021	64.08	64.83	62.54	63.02
30.03.2021	65.35	65.37	63.53	64.05
29.03.2021	64.38	65.36	63.01	65.17
28.03.2021	64.22	64.47	63.94	64.38
26.03.2021	61.66	64.76	61.65	64.22
25.03.2021	64.04	64.08	60.87	61.67
24.03.2021	60.44	64.38	60.44	64.04
23.03.2021	64.18	64.26	60.32	60.46
22.03.2021	63.85	64.92	63.32	64.19
21.03.2021	64.28	64.29	63.81	63.85
19.03.2021	62.69	64.71	61.98	64.28
18.03.2021	67.22	67.78	61.34	62.67
17.03.2021	67.53	68.39	66.6	67.22
16.03.2021	68.01	68.38	66.89	67.54
15.03.2021	69.18	70.08	67.89	68
12.03.2021	69.57	69.93	69.04	69.18
11.03.2021	68.11	69.85	67.99	69.56
10.03.2021	67.31	68.47	66.51	68.13
09.03.2021	68.09	69.38	67.11	67.3
08.03.2021	70.42	71.38	67.82	68.12
07.03.2021	69.69	71.1	69.67	70.44
05.03.2021	67.23	69.77	66.67	69.68
04.03.2021	63.95	67.73	63.39	67.23
03.03.2021	62.54	64.7	62.48	63.95
02.03.2021	63.3	64.15	62.38	62.56
01.03.2021	65.38	65.92	63.17	63.31
28.02.2021	64.4	65.4	64.4	65.4
26.02.2021	66.04	66.06	64.26	64.43
25.02.2021	66.43	66.87	65.67	66.04
24.02.2021	64.2	66.53	63.92	66.42
23.02.2021	64.88	65.81	63.61	64.21
22.02.2021	62.52	65	62.4	64.87
21.02.2021	61.82	62.63	61.81	62.61
19.02.2021	62.61	63.17	61.4	61.82
18.02.2021	63.99	64.69	62.46	62.61
17.02.2021	62.84	64.12	62.16	63.99
16.02.2021	62.56	63.15	62.14	62.85
15.02.2021	62.58	63.19	62.44	62.57
14.02.2021	62.61	62.82	62.27	62.6
12.02.2021	60.85	62.85	60.35	62.63
11.02.2021	61.09	61.54	60.74	60.85
10.02.2021	61.27	61.69	60.88	61.08
09.02.2021	60.71	61.34	60.07	61.27
08.02.2021	59.86	60.77	59.77	60.7
07.02.2021	59.61	59.88	59.52	59.85
05.02.2021	59.06	59.84	59.05	59.6
04.02.2021	58.64	59.11	58.06	59.06
03.02.2021	57.83	58.92	57.5	58.64
02.02.2021	56.22	58.05	56.21	57.81
01.02.2021	54.87	56.58	54.78	56.22
31.01.2021	54.95	55.02	54.6	54.88
29.01.2021	55.01	56.03	54.91	54.95
28.01.2021	55.27	56.21	54.91	55.02
27.01.2021	55.82	56.17	54.95	55.28
26.01.2021	55.74	56.12	55.19	55.82
25.01.2021	55.24	55.86	54.9	55.74
24.01.2021	54.82	55.32	54.81	55.23
22.01.2021	56.06	56.07	54.41	54.83
21.01.2021	55.56	56.14	55.41	56.06
20.01.2021	55.95	56.51	55.55	55.57
19.01.2021	54.75	56.11	54.74	55.95
18.01.2021	54.91	55.21	54.49	54.75
15.01.2021	56.43	56.49	54.66	54.89
14.01.2021	55.91	56.53	55.25	56.42
13.01.2021	56.73	57.46	55.8	55.92
12.01.2021	55.62	56.82	55.52	56.73
11.01.2021	55.91	56.02	55	55.62
10.01.2021	56.25	56.33	55.89	55.91
08.01.2021	54.51	56.35	54.38	56.26
07.01.2021	54.14	54.91	53.96	54.51
06.01.2021	53.54	54.73	53.16	54.15
05.01.2021	50.64	53.88	50.63	53.53
04.01.2021	51.72	53.33	50.57	50.64
03.01.2021	51.48	51.84	51.4	51.72
01.01.2021	51.72	51.79	51.72	51.74
31.12.2020	51.46	51.86	50.91	51.73
30.12.2020	51.25	51.93	50.94	51.46
29.12.2020	50.9	51.72	50.88	51.25
28.12.2020	50.92	52.07	50.8	50.89
27.12.2020	51.24	51.24	50.6	50.93
25.12.2020	51.36	51.37	51.35	51.37
24.12.2020	51.16	51.8	50.7	51.37
23.12.2020	49.81	51.61	49.29	51.16
22.12.2020	50.87	50.93	49.63	49.81
21.12.2020	51.61	51.65	49.3	50.88
20.12.2020	52.25	52.25	51.49	51.61
18.12.2020	51.54	51.61	51.31	51.59
17.12.2020	51.14	51.87	51.09	51.54
16.12.2020	50.63	51.19	50.34	51.13
15.12.2020	50.34	50.83	49.78	50.64
14.12.2020	50.09	50.81	49.22	50.35
13.12.2020	49.93	50.19	49.93	50.09
11.12.2020	50.39	50.76	49.77	49.95
10.12.2020	48.97	51.1	48.86	50.38
09.12.2020	48.76	49.54	48.4	48.96
08.12.2020	48.6	49.01	48.12	48.76
07.12.2020	49.1	49.45	48.4	48.61
06.12.2020	48.93	49.25	48.93	49.11
04.12.2020	48.79	49.89	48.78	48.95
03.12.2020	47.97	48.94	47.67	48.78
02.12.2020	47.25	48.75	46.82	47.99
01.12.2020	47.66	48.31	46.92	47.25
30.11.2020	47.76	48.29	47.07	47.67
29.11.2020	48.29	48.29	47.51	47.75
27.11.2020	47.76	48.52	47.34	48.27
26.11.2020	48.74	49	47.5	47.76
25.11.2020	47.84	48.93	47.64	48.74
24.11.2020	45.51	48.01	45.51	47.84
23.11.2020	45.23	46.14	45	45.53
22.11.2020	45.11	45.33	45.1	45.21
20.11.2020	44.23	45.33	44.21	45.1
19.11.2020	44.15	44.71	43.95	44.22
18.11.2020	43.3	45.08	43.3	44.14
17.11.2020	43.69	44.43	43.28	43.3
16.11.2020	43.19	44.8	43.15	43.68
15.11.2020	42.66	43.2	42.65	43.19
13.11.2020	43.27	43.34	42.63	42.66
12.11.2020	43.7	44.49	43.26	43.27
11.11.2020	44.06	45.3	43.6	43.71
10.11.2020	41.97	44.07	41.72	44.05
09.11.2020	40.05	43.47	39.95	41.96
08.11.2020	39.56	40.15	39.47	40.06
06.11.2020	41.21	41.53	39.36	39.56
05.11.2020	41.21	41.53	40.32	40.82
04.11.2020	40.08	41.36	39.42	41.21
03.11.2020	39.23	40.44	38.65	40.08
02.11.2020	36.3	39.39	36.04	39.22
01.11.2020	37.86	37.88	35.77	36.29
30.10.2020	38.08	38.69	37.41	37.86
29.10.2020	39.49	40	37.26	38.07
28.10.2020	41.1	41.11	39.25	39.48
27.10.2020	40.82	41.88	40.8	41.1
26.10.2020	41.43	41.7	40.59	40.82
25.10.2020	41.87	41.87	41.23	41.43
23.10.2020	42.68	43.1	41.83	41.85
22.10.2020	41.97	43.11	41.8	42.51
21.10.2020	43.27	43.42	41.81	42.07
20.10.2020	42.85	43.67	42.58	43.06
19.10.2020	43.37	43.57	42.7	42.85
18.10.2020	43.11	43.47	43.06	43.39
16.10.2020	43.43	43.56	42.62	43.12
15.10.2020	43.42	43.48	41.57	43.01
14.10.2020	42.42	43.49	42.13	43.43
13.10.2020	41.88	42.68	41.66	42.41
12.10.2020	42.49	42.63	41.38	41.73
11.10.2020	42.74	42.74	42.42	42.5
09.10.2020	43.37	43.56	42.63	42.72
08.10.2020	42.14	43.48	41.86	43.45
07.10.2020	41.84	42.43	41.37	42.15
06.10.2020	41.41	42.87	41.22	41.95
05.10.2020	39.41	41.54	39.4	41.54
04.10.2020	38.9	39.42	38.9	39.4
02.10.2020	40.69	40.78	38.8	38.91
01.10.2020	42.15	42.57	39.94	40.66
30.09.2020	41.37	42.49	40.84	42.12
29.09.2020	42.84	43.01	40.87	41.32
28.09.2020	42.38	43.06	41.96	42.88
27.09.2020	42.24	42.47	42.23	42.37
25.09.2020	42.36	42.8	42	42.23
24.09.2020	41.82	42.58	41.74	42.27
23.09.2020	42.2	43.06	41.69	41.98
22.09.2020	42.34	42.71	41.69	42.25
21.09.2020	43.53	43.85	41.51	42.15
20.09.2020	43.52	43.58	43.24	43.53
18.09.2020	43.71	44.31	43.07	43.54
17.09.2020	42.83	44.04	42.06	43.79
16.09.2020	41.32	43	41.21	42.83
15.09.2020	40.34	41.43	40.04	41.23
14.09.2020	40.41	40.72	39.93	40.16
13.09.2020	40.3	40.51	40.09	40.41
11.09.2020	39.95	40.35	39.38	40.31
10.09.2020	40.52	40.99	39.7	39.72
09.09.2020	39.67	41.23	39.36	40.59
08.09.2020	42.1	42.23	39.32	39.71
07.09.2020	41.65	42.44	41.65	42.05
06.09.2020	42.36	42.37	41.52	41.66
04.09.2020	43.73	44.58	42.3	42.36
03.09.2020	44.49	44.61	43.16	43.97
02.09.2020	45.84	46.08	44.21	44.41
01.09.2020	45.61	46.24	45.47	45.78
31.08.2020	45.95	46.56	45.24	45.51
30.08.2020	45.79	45.99	45.79	45.95
28.08.2020	45.57	45.94	45.34	45.8
27.08.2020	46.17	46.35	45.29	45.65
26.08.2020	46.47	46.56	46.02	46.31
25.08.2020	45.62	46.51	45.57	46.32
24.08.2020	45.08	45.7	44.85	45.46
23.08.2020	44.57	45.28	44.57	45.09
21.08.2020	45.58	45.68	44.17	44.59
20.08.2020	45.68	45.72	44.59	45.4
19.08.2020	45.76	45.98	45.34	45.56
18.08.2020	45.81	46.1	45.32	45.52
17.08.2020	45.57	45.98	45.1	45.79
16.08.2020	44.92	45.69	44.92	45.56
14.08.2020	45.19	45.19	44.48	44.93
13.08.2020	45.26	45.6	44.82	45.03
12.08.2020	44.53	45.62	44.5	45.32
11.08.2020	45.01	45.78	44.41	44.48
10.08.2020	44.69	45.3	44.59	44.95
09.08.2020	44.56	44.8	44.44	44.68
07.08.2020	45.16	45.31	44.28	44.56
06.08.2020	45.17	45.71	44.86	45.11
05.08.2020	44.27	46.24	44.24	45.35
04.08.2020	43.75	44.83	43.26	44.35
03.08.2020	43.46	44.47	42.89	43.86
02.08.2020	43.68	43.68	43.29	43.43
31.07.2020	43.64	43.82	42.93	43.68
30.07.2020	44.12	44.23	41.78	43.56
29.07.2020	43.67	44.31	43.55	44.09
28.07.2020	44.04	44.34	43.41	43.63
27.07.2020	43.62	44.21	42.93	43.91
26.07.2020	43.64	43.83	43.4	43.63
24.07.2020	43.66	44.23	43.25	43.63
23.07.2020	44.4	45.1	43.5	43.61
22.07.2020	44.2	44.67	43.89	44.4
21.07.2020	43.38	45.09	43.37	44.12
20.07.2020	43.33	43.61	42.58	43.35
19.07.2020	43.24	43.33	43.15	43.33
17.07.2020	43.55	43.61	42.78	43.25
16.07.2020	43.64	43.8	43.13	43.27
15.07.2020	43.09	43.84	42.72	43.63
14.07.2020	42.24	43.23	41.8	43.08
13.07.2020	42.91	43.34	42.14	42.17
12.07.2020	43.07	43.2	42.7	42.9
10.07.2020	42.43	42.58	41.59	41.85
09.07.2020	43.3	43.52	41.93	42.32
08.07.2020	42.82	43.48	42.76	43.34
07.07.2020	43.1	43.47	42.47	42.98
06.07.2020	42.97	43.73	42.77	43.07
05.07.2020	42.78	43.13	42.78	42.96
03.07.2020	42.69	43	42.32	42.78
02.07.2020	41.76	43.22	41.73	42.94
01.07.2020	41.47	42.63	41.04	42.09
30.06.2020	41.76	41.98	41	41.6
29.06.2020	40.38	41.98	40.01	41.85
28.06.2020	40.6	40.62	40.23	40.38
26.06.2020	41.36	41.78	40.29	40.61
25.06.2020	40.53	41.63	39.72	41.4
24.06.2020	42.61	42.96	39.91	40.51
23.06.2020	43.24	43.98	42.24	42.45
22.06.2020	42.23	43.17	41.85	42.86
21.06.2020	41.86	42.28	41.55	42.23
19.06.2020	41.72	42.83	41.04	41.85
18.06.2020	40.32	41.58	40.09	41.21
17.06.2020	40.71	41.58	40.18	40.38
16.06.2020	40.01	41.8	39.17	40.39
15.06.2020	38.41	40.08	37.52	39.48
14.06.2020	39.07	39.08	38.29	38.37
12.06.2020	38.27	39.68	37.28	39.07
11.06.2020	40.84	41	37.82	38.46
10.06.2020	40.55	41.99	40.14	41.37
09.06.2020	41.18	41.45	39.86	40.82
08.06.2020	43.33	43.38	40.69	40.77
07.06.2020	41.92	43.4	41.9	43.32
05.06.2020	39.84	42.47	39.72	41.91
04.06.2020	39.68	40.09	39.04	39.83
03.06.2020	39.76	40.52	38.77	39.43
02.06.2020	38.37	39.75	38.29	39.47
01.06.2020	37.74	38.73	37.19	38.53
31.05.2020	37.58	38.29	37.36	37.74
29.05.2020	35.86	38.14	34.85	37.58
28.05.2020	34.71	36.63	34.37	36.11
27.05.2020	36.55	36.71	34.7	34.91
26.05.2020	36.25	37.23	35.84	36.6
25.05.2020	35.23	36.48	34.98	36.14
24.05.2020	35.36	35.65	34.96	35.23
22.05.2020	36.54	36.66	33.94	35.36
21.05.2020	36.09	37.16	36.07	36.11
20.05.2020	36.74	38.46	36.01	36.02
19.05.2020	37.82	38.02	36.62	36.73
18.05.2020	35.79	37.92	35.79	37.26
17.05.2020	35.09	35.94	34.86	35.8
16.05.2020	35.08	35.09	35.08	35.08
15.05.2020	34.37	35.46	34.07	35.09
14.05.2020	29.45	34.51	28.88	34.45
13.05.2020	29.4	30.54	28.88	29.44
12.05.2020	30.04	30.69	29.35	29.4
11.05.2020	30.68	31.45	29.38	30.14
10.05.2020	30.86	30.86	30.49	30.68
09.05.2020	30.86	30.86	30.85	30.85
08.05.2020	29.61	31.1	29.43	30.86
07.05.2020	29.77	31.83	29.07	29.28
06.05.2020	32.13	32.13	28.68	29.72
05.05.2020	28.06	32.01	27.78	31.98
04.05.2020	25.87	28.07	25.5	27.96
03.05.2020	26.61	26.61	25.61	25.87
02.05.2020	26.61	26.61	26.6	26.61
01.05.2020	26.97	27.79	25.76	26.61
30.04.2020	24.64	26.98	24.41	26.67
29.04.2020	22.77	25.19	22.73	24.41
28.04.2020	22.7	23.16	21.92	22.79
27.04.2020	24.81	25.11	22.5	22.95
26.04.2020	24.98	24.99	24.55	24.8
25.04.2020	24.97	24.98	24.97	24.97
24.04.2020	25.39	26.13	23.95	24.98
23.04.2020	24.57	26.99	23.81	24.96
22.04.2020	24.36	25.98	19.99	23.86
21.04.2020	29.83	30.17	22.06	23.35
20.04.2020	31.3	31.84	29.1	29.33
19.04.2020	31.62	31.62	31.24	31.3
18.04.2020	31.61	31.62	31.61	31.62
17.04.2020	28.84	31.62	27.6	31.61
16.04.2020	28.08	28.98	27.2	28.31
15.04.2020	30.26	30.33	27.17	27.91
14.04.2020	32.2	32.32	29.39	29.95
13.04.2020	31.83	33.25	30.63	31.84
12.04.2020	32.89	32.89	31.11	31.82
09.04.2020	33.77	36.39	31.39	31.48
08.04.2020	32.59	33.8	31.54	33.66
07.04.2020	33.84	34.17	31.76	32.37
06.04.2020	31.97	34.24	31.77	33.17
05.04.2020	34.36	34.36	30.54	31.99
04.04.2020	34.35	34.36	34.35	34.36
03.04.2020	29.64	34.99	28.26	34.36
02.04.2020	29.31	30.87	27.21	29.64
31.03.2020	26.62	27.86	25.69	25.78
30.03.2020	26.83	27.17	25.31	26.45
29.03.2020	29.32	29.33	26.59	26.84
28.03.2020	28.25	29.35	28.25	29.31
27.03.2020	29.31	29.35	27.21	28.26
26.03.2020	30.05	30.19	28.36	29.31
25.03.2020	30.22	30.86	28.41	30.05
24.03.2020	29.79	30.95	29.22	30.22
23.03.2020	27.21	29.81	27.21	29.79
22.03.2020	29.95	32.83	26.94	27.19
21.03.2020	29.05	29.96	29.05	29.96
20.03.2020	29.96	32.83	28.84	29.05
19.03.2020	28.21	30.93	26.75	29.95
18.03.2020	30.46	30.89	26.36	28.2
17.03.2020	31.2	32.89	30.14	30.46
16.03.2020	33.85	34.75	31.2	31.21
15.03.2020	34.4	37.4	33.17	33.86
14.03.2020	36.33	36.33	34.39	34.4
13.03.2020	34.39	37.41	34.3	36.32
12.03.2020	35.81	36.46	32.52	34.4
11.03.2020	37.79	39.55	35.37	35.81
10.03.2020	33.3	38.19	33.3	37.78
09.03.2020	35.75	37.37	31.27	33.31
08.03.2020	50.12	50.51	35.35	35.75
07.03.2020	45.38	50.18	45.38	50.13
06.03.2020	50.11	50.48	45.18	45.39
05.03.2020	51.52	52.06	49.7	50.13
04.03.2020	51.61	53.03	51.08	51.51
03.03.2020	53.07	53.75	51.25	51.61
02.03.2020	49.3	53.22	49.18	53.06
01.03.2020	50.1	50.1	48.41	49.3
29.02.2020	50.1	50.1	50.08	50.09
28.02.2020	50.91	51.12	48.94	50.09
27.02.2020	52.79	52.8	50.39	50.91
26.02.2020	54.18	54.81	52.38	52.8
25.02.2020	55.54	56.39	53.97	54.18
24.02.2020	56.44	56.68	54.59	55.54
23.02.2020	57.61	57.62	56.16	56.45
22.02.2020	57.62	57.62	57.6	57.62
21.02.2020	58.56	58.74	57.25	57.61
20.02.2020	58.73	59.55	58.45	58.55
19.02.2020	57.37	59.06	57.25	58.74
18.02.2020	57.32	57.59	56.16	57.37
17.02.2020	57.18	57.54	56.75	57.32
16.02.2020	57.16	57.33	57.09	57.18
15.02.2020	57.01	57.01	56.99	57.01
14.02.2020	56.46	57.43	56.16	57.01
13.02.2020	56.33	56.84	54.97	56.45
12.02.2020	54.26	56.38	54.25	56.35
11.02.2020	53.37	54.69	53.35	54.25
10.02.2020	53.84	54.7	53.11	53.36
09.02.2020	54.5	54.51	53.63	53.83
08.02.2020	54.5	54.51	54.49	54.51
07.02.2020	55.07	55.43	54.23	54.51
06.02.2020	55.57	56.59	54.25	55.07
05.02.2020	53.78	56.49	53.77	55.57
04.02.2020	54.22	55.65	53.71	53.77
03.02.2020	55.82	56.77	54.07	54.22
02.02.2020	58.1	58.56	55.82	55.83
01.02.2020	56.67	58.16	56.65	58.1
31.01.2020	58.14	58.55	55.96	56.66
30.01.2020	58.62	58.82	56.76	58.1
29.01.2020	59.31	59.85	58.39	58.62
28.01.2020	58.07	59.4	57.9	59.31
27.01.2020	58.33	59	57.75	58.07
26.01.2020	59.62	59.62	57.97	58.3
25.01.2020	59.62	59.62	59.6	59.62
24.01.2020	61.32	61.71	59.49	59.61
23.01.2020	61.93	61.93	60.54	60.92
22.01.2020	63.42	63.81	61.86	61.88
21.01.2020	65.23	65.25	63.25	63.43
20.01.2020	65.75	65.84	64.95	65.23
19.01.2020	64.67	66.05	64.49	65.74
18.01.2020	65.27	65.28	64.63	64.66
17.01.2020	64.67	65.44	64.48	65.26
16.01.2020	64.25	65	63.92	64.66
15.01.2020	64.41	64.64	63.57	64.25
14.01.2020	64.23	65.09	63.96	64.42
13.01.2020	64.86	65.3	63.93	64.22
12.01.2020	65.35	65.69	64.72	64.86
11.01.2020	65.09	65.36	65.07	65.33
10.01.2020	65.35	65.69	64.87	65.09
09.01.2020	65.78	66.12	64.56	65.33
08.01.2020	68.52	71.27	64.96	65.79
07.01.2020	68.56	68.82	67.69	68.53
06.01.2020	69.47	70.76	68.22	68.56
05.01.2020	66.25	69.83	66.24	69.46
04.01.2020	68.72	68.76	66.23	66.26
03.01.2020	66.25	69.49	66.24	68.71
02.01.2020	66.36	66.61	65.73	66.26
01.01.2020	66.05	66.11	66.02	66.03
31.12.2019	66.66	66.98	65.64	66.02
30.12.2019	66.93	67.58	66.07	66.66
29.12.2019	66.8	67.13	66.37	66.93
28.12.2019	66.84	66.84	66.78	66.8
27.12.2019	66.8	67.13	66.37	66.83
26.12.2019	66.27	66.87	66.12	66.8
25.12.2019	66.2	66.25	66.18	66.2
24.12.2019	65.59	66.28	65.39	66.2
23.12.2019	65.24	65.7	64.88	65.6
22.12.2019	65.09	65.24	65.08	65.19
21.12.2019	65.09	65.11	65.08	65.1
20.12.2019	65.41	65.78	64.89	65.09
19.12.2019	65.24	65.86	65.14	65.41
18.12.2019	64.83	65.48	64.64	65.25
17.12.2019	64.32	65.29	64.24	64.82
16.12.2019	64	64.71	63.93	64.33
15.12.2019	64.92	64.94	63.98	64
14.12.2019	64.92	64.94	64.91	64.93
13.12.2019	64.49	65.76	64.46	64.94
12.12.2019	63.91	64.86	63.87	64.47
11.12.2019	64.16	64.27	63.02	63.92
10.12.2019	64.05	64.69	63.79	64.15
09.12.2019	64.23	64.56	63.62	64.06
08.12.2019	63.04	64.42	62.74	64.19
07.12.2019	64.29	64.3	63.21	63.23
06.12.2019	63.22	64.87	62.85	64.29
05.12.2019	63.04	63.92	62.74	63.23
04.12.2019	61.16	63.51	61	63.04
03.12.2019	60.88	61.58	60.31	61.18
02.12.2019	61.08	62.11	60.77	60.87
01.12.2019	63.31	63.36	60.37	61.09
29.11.2019	63.31	63.36	60.37	60.73
28.11.2019	63.09	63.37	62.52	63.34
27.11.2019	63.05	63.59	62.46	63.09
26.11.2019	62.39	63.31	62.38	63.04
25.11.2019	62.58	62.78	61.92	62.39
24.11.2019	62.46	63.23	61.95	62.57
23.11.2019	62.47	62.48	62.44	62.44
22.11.2019	62.46	63.23	61.95	62.47
21.11.2019	61.46	63.05	61.04	62.44
20.11.2019	60.1	61.9	59.44	61.46
19.11.2019	62.28	62.58	60.71	60.79
18.11.2019	63.31	63.61	61.94	62.28
17.11.2019	62.44	63.67	61.71	63.32
16.11.2019	63.46	63.48	62.38	62.42
15.11.2019	62.44	63.67	61.71	63.45
14.11.2019	62.62	63.26	62.16	62.42
13.11.2019	62	62.78	61.23	62.6
12.11.2019	62.26	62.87	61.84	61.98
11.11.2019	62.4	62.82	61.59	62.26
10.11.2019	62.39	62.74	60.69	62.41
09.11.2019	62.59	62.59	62.31	62.38
08.11.2019	62.39	62.74	60.69	62.58
07.11.2019	61.75	62.92	61.65	62.38
06.11.2019	62.94	63.26	61.6	61.75
05.11.2019	62.14	63.22	61.95	62.95
04.11.2019	61.73	62.78	61.28	62.14
03.11.2019	59.47	61.85	59.41	61.73
02.11.2019	61.53	61.54	59.46	59.47
01.11.2019	59.47	61.83	59.41	61.53
31.10.2019	60.18	60.84	59.21	59.47
30.10.2019	61.27	61.61	60.02	60.2
29.10.2019	61.15	61.66	60.34	61.26
28.10.2019	61.8	62.1	60.92	61.14
27.10.2019	61.28	61.87	60.68	61.8
26.10.2019	61.66	61.67	61.1	61.12
25.10.2019	61.28	61.83	60.68	61.66
24.10.2019	60.65	61.67	60.4	61.12
23.10.2019	59.25	60.99	58.66	60.65
22.10.2019	58.66	59.93	58.46	59.25
21.10.2019	58.83	59.23	57.97	58.39
20.10.2019	59.31	59.84	58.6	58.84
19.10.2019	58.61	59.88	58.6	59.88
18.10.2019	59.31	59.84	58.6	58.61
17.10.2019	58.91	60.02	58.7	59.88
16.10.2019	58.93	59.75	58.36	59.06
15.10.2019	59.26	59.71	58.04	58.81
14.10.2019	60.6	60.63	58.52	59.19
13.10.2019	59.5	60.76	59.21	60.6
12.10.2019	60.61	60.62	59.49	59.56
11.10.2019	59.5	60.76	59.21	60.61
10.10.2019	58.03	59.62	57.8	59.56
09.10.2019	57.95	59.35	57.91	58.27
08.10.2019	58.54	58.92	57.38	58.11
07.10.2019	58.23	59.69	58.03	58.44
06.10.2019	57.74	58.98	57.69	58.22
05.10.2019	58.44	58.45	57.59	57.6
04.10.2019	57.74	58.98	57.69	58.45
03.10.2019	57.41	57.98	56.19	57.6
02.10.2019	59.33	59.5	57.23	57.53
01.10.2019	59.38	60.12	58.42	59.22
30.09.2019	61.19	61.35	59.22	59.39
29.09.2019	61.37	61.85	59.86	61.2
28.09.2019	60.98	61.61	60.97	61.58
27.09.2019	61.37	61.85	59.86	60.99
26.09.2019	61.65	61.93	60.51	61.58
25.09.2019	61.51	61.81	60.34	61.58
24.09.2019	63.26	63.57	61.35	61.39
23.09.2019	63.85	64.16	62.52	63.28
22.09.2019	63.52	64.27	63.5	63.84
21.09.2019	63.52	63.53	63.5	63.53
20.09.2019	63.78	64.25	63.04	63.51
19.09.2019	62.55	64.49	62.55	63.07
18.09.2019	63.32	64	62.15	62.57
17.09.2019	66.91	67.87	62.56	63.01
16.09.2019	66.89	68.32	63.57	66.38
15.09.2019	60.43	69.82	59.62	66.89
14.09.2019	60.5	60.51	60.44	60.46
13.09.2019	60.43	60.79	59.62	60.19
12.09.2019	61.17	61.41	58.95	60.46
11.09.2019	62.92	63.3	60.54	61.02
10.09.2019	63.06	63.75	62.17	62.68
09.09.2019	61.82	63.07	61.58	62.63
08.09.2019	60.86	61.99	59.43	61.8
07.09.2019	61.77	61.79	60.71	60.72
06.09.2019	60.86	61.88	59.43	61.79
05.09.2019	60.5	62.37	60.26	60.72
04.09.2019	58.13	60.97	58.12	60.43
03.09.2019	58.41	58.91	57.24	58.23
02.09.2019	58.87	59.31	58.11	58.62
01.09.2019	59.14	59.15	58.61	58.87
31.08.2019	59.14	59.15	59.13	59.15
30.08.2019	60.37	60.66	58.5	59.14
29.08.2019	59.87	60.61	59.43	60.32
28.08.2019	59.53	60.46	59.33	59.84
27.08.2019	58.23	59.7	58.07	59.58
26.08.2019	57.91	59.6	57.84	58.27
25.08.2019	59.74	59.87	57.75	57.93
24.08.2019	58.22	59.63	58.2	59.62
23.08.2019	59.74	59.87	57.93	58.21
22.08.2019	60.02	60.47	59.09	59.62
21.08.2019	59.72	60.93	59.62	59.96
20.08.2019	58.57	59.9	58.27	59.58
18.08.2019	57.44	58.57	57.32	58.55
17.08.2019	58.16	58.17	57.25	57.27
16.08.2019	57.44	58.5	57.32	58.15
15.08.2019	58.36	58.58	56.87	57.27
14.08.2019	60.24	60.24	57.45	57.73
13.08.2019	58.57	61.51	58.02	60.92
12.08.2019	58.24	58.89	57.88	58.35
11.08.2019	57.67	59.09	57.11	58.23
10.08.2019	58.39	58.4	57.66	57.67
09.08.2019	57.67	59.09	57.11	58.39
08.08.2019	57.48	58.02	56.78	57.67
07.08.2019	58.6	59.19	55.89	57.44
06.08.2019	59.42	60.55	58.54	58.61
05.08.2019	61.21	61.57	59.67	60.06
04.08.2019	61.13	62.94	60.99	61.22
03.08.2019	61.16	61.17	60.98	61
02.08.2019	61.13	62.94	60.99	61.17
01.08.2019	64.04	64.57	60.05	61
31.07.2019	64.84	65.44	64.18	64.24
30.07.2019	63.83	65.06	63.8	64.95
29.07.2019	63.02	63.87	62.86	63.71
28.07.2019	63.2	63.8	62.93	63.02
27.07.2019	63.17	63.19	62.9	62.97
26.07.2019	63.2	63.8	62.93	63.17
25.07.2019	63.09	64.1	62.9	62.97
24.07.2019	63.99	64.63	62.52	62.96
23.07.2019	62.99	64.32	62.55	64.07
22.07.2019	62.98	63.83	62.6	63.08
21.07.2019	61.92	63.06	61.9	62.98
20.07.2019	62.2	63.15	61.64	61.9
19.07.2019	62.2	63.15	61.64	61.92
18.07.2019	63.51	64.54	61.3	62.19
17.07.2019	64.46	65.3	63.24	63.57
16.07.2019	66.36	67.13	63.84	64.38
15.07.2019	66.65	67.52	66.12	66.16
14.07.2019	66.84	67.32	66.55	66.64
13.07.2019	66.92	66.94	66.77	66.79
12.07.2019	66.84	67.32	66.55	66.92
11.07.2019	66.84	67.7	66.44	66.79
10.07.2019	64.77	67.16	64.63	66.7
09.07.2019	63.82	64.79	63.75	64.53
08.07.2019	64.36	65.16	63.79	63.9
07.07.2019	63.31	64.55	62.92	64.37
06.07.2019	64.4	64.43	63.17	63.18
05.07.2019	63.31	64.55	62.92	64.43
04.07.2019	63.89	64.08	62.96	63.18
03.07.2019	62.9	64.02	62.09	63.84
02.07.2019	64.78	65.51	62.26	62.82
01.07.2019	65.73	66.78	64.24	65.2
30.06.2019	65.57	66.05	64.02	65.74
29.06.2019	64.51	65.47	64.5	65.42
28.06.2019	65.57	65.94	64.02	64.51
27.06.2019	65.08	65.94	64.87	65.42
26.06.2019	65.03	66	64.78	65.53
25.06.2019	64.19	65.18	63.51	65.02
24.06.2019	64.77	65.01	63.37	64.08
23.06.2019	64.51	64.8	64.49	64.78
22.06.2019	64.5	64.52	60.88	64.52
21.06.2019	64.28	65.04	63.25	64.52
20.06.2019	61.7	64.13	61.64	64
19.06.2019	61.61	61.77	60.7	61.41
18.06.2019	59.99	61.94	59.38	61.46
17.06.2019	61.22	61.37	59.62	59.96
16.06.2019	61.04	61.32	60.85	61.21
15.06.2019	61.23	62.62	60.75	61.04
14.06.2019	61.23	62.62	60.75	61.05
13.06.2019	59.98	62.65	59.79	61.35
12.06.2019	61.62	61.75	59.58	59.79
11.06.2019	62.29	62.93	62.02	62.07
10.06.2019	63.73	63.88	62.08	62.32
09.06.2019	62.37	64.1	61.78	63.69
08.06.2019	63.26	63.27	62.23	62.24
07.06.2019	62.37	63.61	61.78	63.26
06.06.2019	60.41	62.48	60.26	62.24
05.06.2019	61.55	62.32	59.48	60.55
04.06.2019	60.99	62.13	60.26	61.41
03.06.2019	61.15	62.87	60.64	60.91
02.06.2019	61.63	61.66	60.56	61.17
01.06.2019	61.63	61.63	61.61	61.63
31.05.2019	64.84	64.93	61.39	61.62
30.05.2019	68.05	68.38	64.96	65.19
29.05.2019	68.56	68.68	66.68	68.1
28.05.2019	68.67	69.3	68.18	68.7
27.05.2019	67.99	68.86	67.29	68.68
26.05.2019	67.96	68.12	67.77	67.96
25.05.2019	67.96	67.97	67.94	67.95
24.05.2019	66.77	68.15	66.24	67.96
23.05.2019	69.88	70	65.92	66.75
22.05.2019	70.99	71.11	69.48	69.85
21.05.2019	72.25	72.56	71.04	71.09
20.05.2019	72.9	73.41	71.6	72.07
19.05.2019	72.85	73.25	71.81	72.87
18.05.2019	72.19	72.8	72.16	72.78
17.05.2019	72.85	73.25	71.81	72.17
16.05.2019	72.05	73.39	71.84	72.78
15.05.2019	70.88	72.3	70.43	71.95
14.05.2019	70.01	71.68	69.92	70.96
13.05.2019	70.49	72.58	69.72	69.97
12.05.2019	70.47	71.25	70.18	70.49
11.05.2019	70.75	70.76	70.25	70.33
10.05.2019	70.47	71.25	70.18	70.73
09.05.2019	70.21	70.67	69.41	70.33
08.05.2019	69.95	70.71	69.34	70.29
07.05.2019	71.14	71.38	69.4	69.85
06.05.2019	69.71	71.82	68.89	70.94
05.05.2019	70.76	70.79	69.21	69.7
04.05.2019	70.77	70.79	70.76	70.78
03.05.2019	70.53	71.55	69.96	70.77
02.05.2019	71.99	72.27	69.7	70.31
01.05.2019	71.76	72.42	71.3	72.07
30.04.2019	71.47	72.81	71.19	71.65
29.04.2019	71.11	72.07	70.64	71.46
28.04.2019	71.07	71.42	71.05	71.1
27.04.2019	71.07	71.09	71.06	71.08
26.04.2019	73.54	73.69	70.62	71.06
25.04.2019	73.68	74.83	73.32	73.62
24.04.2019	73.62	74.06	73.4	73.77
23.04.2019	73.7	74.12	73.36	73.59
22.04.2019	71.88	73.85	71.82	73.43
21.04.2019	71.32	71.9	71.32	71.84
18.04.2019	71.61	72.09	71.2	71.32
17.04.2019	71.88	72.33	71.45	71.63
16.04.2019	71.21	72.01	70.76	71.83
15.04.2019	71.38	71.63	70.8	71.24
14.04.2019	71.47	71.62	71.29	71.39
13.04.2019	71.46	71.48	71.45	71.47
12.04.2019	70.99	71.92	70.9	71.47
11.04.2019	71.57	71.75	70.58	70.97
10.04.2019	70.77	71.82	70.57	71.55
09.04.2019	71.14	71.37	70.3	70.77
08.04.2019	70.75	71.24	70.44	71.04
07.04.2019	70.46	70.8	70.45	70.74
06.04.2019	70.47	70.48	70.45	70.46
05.04.2019	69.1	70.55	68.92	70.46
04.04.2019	69.44	70.1	68.88	69.25
03.04.2019	69.45	69.98	68.81	69.53
02.04.2019	69.19	69.65	68.7	69.57
01.04.2019	67.88	69.25	67.86	69.18
31.03.2019	67.56	67.99	67.55	67.88
30.03.2019	67.57	67.58	67.55	67.57
29.03.2019	67.33	68.32	67.15	67.56
28.03.2019	67.27	67.39	65.94	67.31
27.03.2019	67.38	67.75	66.62	67.27
26.03.2019	66.79	67.81	66.77	67.38
25.03.2019	66.54	67.32	66.04	66.79
24.03.2019	66.62	66.64	66.51	66.52
23.03.2019	66.62	66.64	66.61	66.62
22.03.2019	67.43	67.82	65.96	66.63
21.03.2019	68.09	68.51	67.41	67.43
20.03.2019	67.53	68.33	66.99	68.09
19.03.2019	66.9	68	66.88	67.53
18.03.2019	67.08	67.58	66.58	66.9
17.03.2019	66.84	67.11	66.82	67.06
16.03.2019	66.84	66.85	66.82	66.84
15.03.2019	67.07	67.6	66.07	66.83
14.03.2019	67.48	68.11	66.95	67.08
13.03.2019	66.82	67.78	66.7	67.47
12.03.2019	66.63	67.42	66.39	66.8
11.03.2019	65.78	66.8	65.66	66.64
10.03.2019	65.72	65.93	65.7	65.79
09.03.2019	65.72	65.73	65.7	65.71
08.03.2019	66.05	66.15	64.04	65.73
07.03.2019	65.94	67.04	65.77	66.05
06.03.2019	65.57	66.19	65.23	65.95
05.03.2019	65.58	66.25	65.05	65.59
04.03.2019	65.26	66.36	65.08	65.57
03.03.2019	64.94	65.49	64.91	65.27
02.03.2019	64.91	64.94	64.91	64.92
01.03.2019	66.29	67.15	64.6	64.92
28.02.2019	66.46	66.81	65.91	66.3
27.02.2019	65.77	66.97	65.42	66.47
26.02.2019	64.92	65.89	64.49	65.77
25.02.2019	67.38	67.62	64.71	64.93
24.02.2019	67.02	67.43	67.01	67.36
23.02.2019	67.01	67.04	67.01	67.02
22.02.2019	67.08	67.9	66.97	67.02
21.02.2019	66.96	67.45	66.79	67.06
20.02.2019	66.47	67.47	65.71	66.94
19.02.2019	66.51	66.66	65.66	66.47
18.02.2019	66.54	66.83	65.9	66.5
17.02.2019	66.19	66.6	66.16	66.54
16.02.2019	66.18	66.19	66.16	66.18
15.02.2019	64.6	66.46	64.43	66.18
14.02.2019	63.61	64.82	63.32	64.58
13.02.2019	62.56	64.03	62.54	63.62
12.02.2019	61.56	63.37	61.54	62.55
11.02.2019	61.99	62.33	60.92	61.55
10.02.2019	62.01	62.11	61.93	62
08.02.2019	61.62	62.4	61.06	62.01
07.02.2019	62.57	62.91	60.61	61.62
06.02.2019	62.1	62.81	61.06	62.57
05.02.2019	62.81	63.08	61.73	62.1
04.02.2019	62.67	63.64	61.31	62.82
03.02.2019	62.88	62.96	62.62	62.68
02.02.2019	62.89	62.89	62.86	62.87
01.02.2019	61.18	62.97	60.46	62.88
31.01.2019	61.68	62.5	60.64	61.18
30.01.2019	61.08	62.53	60.97	61.68
29.01.2019	59.8	61.68	59.63	61.08
28.01.2019	61.22	61.64	59.41	59.82
27.01.2019	61.08	61.46	61.07	61.22
26.01.2019	61.09	61.09	61.07	61.08
25.01.2019	61.01	61.94	60.72	61.09
24.01.2019	60.72	61.49	60.34	61
23.01.2019	61.48	62.19	60.16	60.72
22.01.2019	62.78	62.8	60.59	61.48
21.01.2019	62.35	63.13	62.26	62.78
20.01.2019	62.59	62.73	62.27	62.34
19.01.2019	62.6	62.61	62.58	62.6
18.01.2019	61.15	63.02	61.13	62.59
17.01.2019	61.27	61.55	60.05	61.13
16.01.2019	60.54	61.48	60.05	61.28
15.01.2019	59.28	60.85	59.13	60.55
14.01.2019	60.82	60.91	58.93	59.28
13.01.2019	60.55	61.04	60.53	60.82
12.01.2019	60.55	60.55	60.53	60.54
11.01.2019	61.18	62.48	60.11	60.54
10.01.2019	61.34	61.92	60.45	61.17
09.01.2019	58.56	61.69	58.55	61.36
08.01.2019	57.55	58.84	57.14	58.55
07.01.2019	57.72	58.96	57.28	57.54
06.01.2019	57.34	57.78	57.24	57.73
05.01.2019	57.34	57.34	57.32	57.33
04.01.2019	55.55	58.31	55.37	57.33
03.01.2019	54.66	56.28	53.97	55.57
02.01.2019	54.17	56.55	52.52	54.66
01.01.2019	54.15	54.16	54.14	54.16
31.12.2018	53.28	54.82	52.67	54.15
30.12.2018	52.79	53.5	52.78	53.29
29.12.2018	52.8	52.8	52.78	52.8
28.12.2018	53.52	54.42	52.03	52.79
27.12.2018	55.18	55.18	52.53	53.52
26.12.2018	51.19	55.58	50.3	55.17
25.12.2018	50.69	50.69	50.67	50.68
24.12.2018	53.91	54.85	50.64	50.67
23.12.2018	53.51	54.09	53.5	53.93
22.12.2018	53.52	53.52	53.5	53.5
21.12.2018	54.55	55.58	53.09	53.51
20.12.2018	56.41	56.96	54.53	54.53
19.12.2018	55.87	58.08	55.86	56.41
18.12.2018	58.67	59.27	55.86	55.87
17.12.2018	60.44	61.26	58.65	58.66
16.12.2018	60.26	60.49	60.25	60.45
14.12.2018	61.66	61.68	59.94	60.27
13.12.2018	60.22	62.02	59.35	61.68
12.12.2018	60.48	61.45	60.01	60.22
11.12.2018	59.78	61.11	59.59	60.47
10.12.2018	61.81	62.33	59.62	59.8
09.12.2018	61.34	61.94	61.27	61.82
08.12.2018	61.36	61.36	61.34	61.35
07.12.2018	60.25	63.68	59.11	61.36
06.12.2018	61.54	61.97	58.43	60.25
05.12.2018	61.31	63.31	60.82	61.53
04.12.2018	61.89	63.62	61.24	61.29
03.12.2018	60.77	62.6	60.6	61.89
02.12.2018	58.99	60.81	58.97	60.78
30.11.2018	59.72	60.42	58.07	58.97
29.11.2018	58.93	60.72	57.79	59.71
28.11.2018	61.03	61.41	58.89	58.92
27.11.2018	60.58	61.23	59.19	61.03
26.11.2018	59.34	61.23	59.19	60.46
25.11.2018	59.32	59.58	58.81	59.33
23.11.2018	63.39	64.1	59.3	59.31
22.11.2018	63.39	64.1	62.61	62.81
21.11.2018	67.26	67.26	62.08	63.4
20.11.2018	67.26	67.26	62.08	62.54
19.11.2018	67.52	67.92	65.58	67.23
18.11.2018	66.91	67.65	66.9	67.53
16.11.2018	66.67	68.41	66.16	66.92
15.11.2018	65.8	67.44	65.78	66.66
14.11.2018	65.37	67.62	65.03	65.81
13.11.2018	70.97	71.91	64.69	65.36
12.11.2018	70.97	71.91	68.89	68.97
11.11.2018	69.82	71	69.81	70.96
09.11.2018	70.97	71	69.15	69.83
08.11.2018	72	73.12	70.57	70.96
07.11.2018	71.67	73.58	71.38	72
06.11.2018	72.74	73.3	71.21	71.67
05.11.2018	72.74	74.14	72.26	72.71
04.11.2018	72.58	72.78	72.55	72.73
03.11.2018	72.58	72.58	72.55	72.56
02.11.2018	72.73	73.51	72.18	72.56
01.11.2018	74.6	75.01	72.58	72.73
31.10.2018	76.18	77.13	74.57	74.58
30.10.2018	76.86	77.43	75.29	76.15
29.10.2018	77.81	78.08	76.6	76.85
28.10.2018	77.66	77.86	77.62	77.77
27.10.2018	77.66	77.67	77.64	77.67
26.10.2018	76.56	77.98	75.8	77.67
25.10.2018	75.59	77.12	75.41	76.5
24.10.2018	76.1	77.46	75.18	75.52
23.10.2018	79.68	79.72	75.7	75.86
22.10.2018	79.4	79.95	78.57	79.57
21.10.2018	79.49	79.58	79.13	79.39
20.10.2018	79.49	79.57	79.46	79.48
19.10.2018	78.9	80.28	78.66	79.48
18.10.2018	79.77	79.97	78.26	78.74
17.10.2018	81.72	81.92	79.12	79.13
16.10.2018	80.89	81.77	79.81	81.57
15.10.2018	81.76	81.95	79.87	80.78
14.10.2018	80.5	81.94	80.47	81.75
12.10.2018	80.32	81.47	79.24	80.5
11.10.2018	82.54	82.64	79.82	80.31
10.10.2018	84.96	85.2	82.33	82.62
09.10.2018	83.51	85.47	82.67	84.89
07.10.2018	84.8	85.68	83.2	83.48
04.10.2018	84.78	85.68	84.02	84.6
02.10.2018	84.96	85.39	84.33	84.62
01.10.2018	83.04	85.46	82.56	84.94
30.09.2018	82.84	83.13	82.75	83.1
28.09.2018	81.39	83.43	81.29	82.83
27.09.2018	80.9	81.91	80.54	81.3
25.09.2018	80.64	81.82	80.47	80.85
24.09.2018	79.23	80.85	79.06	80.72
23.09.2018	78.46	79.34	77.99	79.25
18.09.2018	77.25	79.22	77.04	78.21
17.09.2018	77.5	78.44	77.28	77.42
16.09.2018	77.49	77.69	77.47	77.5
14.09.2018	77.59	80.14	77.47	77.5
13.09.2018	80.05	80.14	77.37	77.87
12.09.2018	79.47	80.12	77.25	80.07
11.09.2018	77.43	79.59	77.37	79.49
10.09.2018	77.2	77.97	76.9	77.32
09.09.2018	77.85	78.13	76.99	77.22
04.09.2018	78.21	79.77	77.5	77.88
03.09.2018	77.73	78.53	77.31	78.02
02.09.2018	77.64	77.9	77.64	77.75
31.08.2018	77.78	78.25	77.27	77.66
30.08.2018	76.36	78.33	76.01	77.74
28.08.2018	76.65	77.26	76.06	76.22
27.08.2018	75.98	76.72	75.71	76.36
26.08.2018	75.77	76.06	75.75	75.98
24.08.2018	75.09	76.75	75.05	75.76
23.08.2018	75.05	75.26	74.59	75.08
22.08.2018	72.74	75.32	72.71	75.03
21.08.2018	72.22	73.29	72.21	72.73
20.08.2018	71.94	73	71.66	72.22
19.08.2018	71.7	72.01	70.71	71.94
17.08.2018	71.67	72.81	71.55	71.72
16.08.2018	70.78	71.83	70.75	71.64
15.08.2018	72.2	72.51	70.31	70.77
14.08.2018	72.81	73.96	72.16	72.18
13.08.2018	72.9	73.11	71.05	72.83
12.08.2018	72.93	73.01	72.68	72.92
10.08.2018	72.04	73.19	71.42	72.92
09.08.2018	72.24	72.9	71.87	72.02
08.08.2018	74.46	74.91	71.68	72.22
07.08.2018	73.62	74.96	73.57	74.47
06.08.2018	73.2	74.48	73.16	73.62
05.08.2018	73.36	73.36	73.09	73.19
03.08.2018	73.4	73.75	72.5	73.33
02.08.2018	72.58	73.78	71.84	73.42
01.08.2018	74.2	74.28	72.17	72.59
31.07.2018	75.33	75.7	73.86	74.22
30.07.2018	74.78	75.82	74.63	75.34
29.07.2018	74.85	74.94	74.73	74.78
28.07.2018	74.84	74.85	74.82	74.83
27.07.2018	75.07	75.43	74.36	74.84
26.07.2018	74.85	75.33	74.32	75.07
25.07.2018	74.23	75.08	73.49	74.85
