Date;Highprice;Lowprice;Closingprice;Averageprice;Totalvolume;Turnover;
2023-09-04;2,327.17;2,301.31;2,303.50;;1;;
2023-09-01;2,321.25;2,290.09;2,299.22;;1;;
2023-08-31;2,343.32;2,257.96;2,280.57;;1;;
2023-08-30;2,343.00;2,322.49;2,329.80;;1;;
2023-08-29;2,350.23;2,316.29;2,341.91;;1;;
2023-08-28;2,315.99;2,300.54;2,312.00;;1;;
2023-08-25;2,310.64;2,290.62;2,291.25;;1;;
2023-08-24;2,346.06;2,298.89;2,299.83;;1;;
2023-08-23;2,352.40;2,317.23;2,320.42;;1;;
2023-08-22;2,356.10;2,342.68;2,344.46;;1;;
2023-08-21;2,351.28;2,328.11;2,335.76;;1;;
2023-08-18;2,327.11;2,311.58;2,322.93;;1;;
2023-08-17;2,343.79;2,323.85;2,328.05;;1;;
2023-08-16;2,356.62;2,316.95;2,341.88;;1;;
2023-08-15;2,362.69;2,329.67;2,333.22;;1;;
2023-08-14;2,356.18;2,328.97;2,351.21;;1;;
2023-08-11;2,362.69;2,336.42;2,344.77;;1;;
2023-08-10;2,387.80;2,363.87;2,367.87;;1;;
2023-08-09;2,387.19;2,372.49;2,375.79;;1;;
2023-08-08;2,371.30;2,343.67;2,359.05;;1;;
2023-08-07;2,365.17;2,327.25;2,365.17;;1;;
2023-08-04;2,408.31;2,339.28;2,349.26;;1;;
2023-08-03;2,399.20;2,379.78;2,384.12;;1;;
2023-08-02;2,414.38;2,382.91;2,387.98;;1;;
2023-08-01;2,419.55;2,400.75;2,419.01;;1;;
2023-07-31;2,434.70;2,408.12;2,428.65;;1;;
2023-07-28;2,415.64;2,387.13;2,410.99;;1;;
2023-07-27;2,472.63;2,434.70;2,464.62;;1;;
2023-07-26;2,464.32;2,410.32;2,424.84;;1;;
2023-07-25;2,471.65;2,437.29;2,457.45;;1;;
2023-07-24;2,509.28;2,486.57;2,487.95;;1;;
2023-07-21;2,526.28;2,492.59;2,498.68;;1;;
2023-07-20;2,547.70;2,514.15;2,536.64;;1;;
2023-07-19;2,536.14;2,510.69;2,525.39;;1;;
2023-07-18;2,524.80;2,492.19;2,523.82;;1;;
2023-07-17;2,501.62;2,469.56;2,492.57;;1;;
2023-07-14;2,513.06;2,464.25;2,500.99;;1;;
2023-07-13;2,488.31;2,453.38;2,484.37;;1;;
2023-07-12;2,458.68;2,419.13;2,456.23;;1;;
2023-07-11;2,435.80;2,414.60;2,435.68;;1;;
2023-07-10;2,406.62;2,370.02;2,397.81;;1;;
2023-07-07;2,394.43;2,355.27;2,389.92;;1;;
2023-07-06;2,414.20;2,376.80;2,377.11;;1;;
2023-07-05;2,446.44;2,412.33;2,414.48;;1;;
2023-07-04;2,453.15;2,438.21;2,447.65;;1;;
2023-07-03;2,424.23;2,393.41;2,419.08;;1;;
2023-06-30;2,411.92;2,374.10;2,395.77;;1;;
2023-06-29;2,371.64;2,356.94;2,364.04;;1;;
2023-06-28;2,373.97;2,336.85;2,367.06;;1;;
2023-06-27;2,342.71;2,314.36;2,332.73;;1;;
2023-06-26;2,328.53;2,305.61;2,322.95;;1;;
2023-06-23;2,325.70;2,289.88;2,321.59;;1;;
2023-06-22;2,321.15;2,283.60;2,317.11;;1;;
2023-06-21;2,317.59;2,296.97;2,310.00;;1;;
2023-06-20;2,337.43;2,316.00;2,319.10;;1;;
2023-06-19;2,343.55;2,327.92;2,331.02;;1;;
2023-06-16;2,377.15;2,337.22;2,351.67;;1;;
2023-06-15;2,394.97;2,361.72;2,381.53;;1;;
2023-06-14;2,397.99;2,381.49;2,383.99;;1;;
2023-06-13;2,381.40;2,340.22;2,377.25;;1;;
2023-06-12;2,355.53;2,325.07;2,328.22;;1;;
2023-06-09;2,382.74;2,348.95;2,353.69;;1;;
2023-06-08;2,387.82;2,336.51;2,380.75;;1;;
2023-06-07;2,347.21;2,310.92;2,341.75;;1;;
2023-06-06;2,380.79;2,303.02;2,342.85;;1;;
2023-06-02;2,365.97;2,337.01;2,359.53;;1;;
2023-06-01;2,343.37;2,306.38;2,325.95;;1;;
2023-05-31;2,316.79;2,281.29;2,302.05;;1;;
2023-05-30;2,349.57;2,309.12;2,315.43;;1;;
2023-05-26;2,305.20;2,257.96;2,299.84;;1;;
2023-05-25;2,264.18;2,244.40;2,253.10;;1;;
2023-05-24;2,281.58;2,242.13;2,249.16;;1;;
2023-05-23;2,318.47;2,291.55;2,296.89;;1;;
2023-05-22;2,332.67;2,311.24;2,320.70;;1;;
2023-05-17;2,308.87;2,291.07;2,295.12;;1;;
2023-05-16;2,331.20;2,305.25;2,310.19;;1;;
2023-05-15;2,331.52;2,317.38;2,320.46;;1;;
2023-05-12;2,328.49;2,299.77;2,323.04;;1;;
2023-05-11;2,321.77;2,289.43;2,308.20;;1;;
2023-05-10;2,299.88;2,272.09;2,282.77;;1;;
2023-05-09;2,294.32;2,268.01;2,293.70;;1;;
2023-05-08;2,302.30;2,282.05;2,299.05;;1;;
2023-05-04;2,286.79;2,240.49;2,264.63;;1;;
2023-05-03;2,287.53;2,267.59;2,281.30;;1;;
2023-05-02;2,302.30;2,268.84;2,275.02;;1;;
2023-05-01;2,311.55;2,291.71;2,305.10;;1;;
2023-04-28;2,292.51;2,248.72;2,281.64;;1;;
2023-04-27;2,283.65;2,236.89;2,270.81;;1;;
2023-04-26;2,259.33;2,215.57;2,226.36;;1;;
2023-04-25;2,320.27;2,247.68;2,256.53;;1;;
2023-04-24;2,321.19;2,299.55;2,311.32;;1;;
2023-04-21;2,342.17;2,300.24;2,312.34;;1;;
2023-04-20;2,354.35;2,331.55;2,342.55;;1;;
2023-04-19;2,401.69;2,343.31;2,347.54;;1;;
2023-04-18;2,428.10;2,392.54;2,393.10;;1;;
2023-04-17;2,407.45;2,380.00;2,404.31;;1;;
2023-04-14;2,365.89;2,304.12;2,363.60;;1;;
2023-04-13;2,323.62;2,270.64;2,323.62;;1;;
2023-04-12;2,281.21;2,242.48;2,268.55;;1;;
2023-04-11;2,265.71;2,243.28;2,259.79;;1;;
2023-04-05;2,263.78;2,214.04;2,218.74;;1;;
2023-04-04;2,293.28;2,268.80;2,270.25;;1;;
2023-04-03;2,324.99;2,261.47;2,261.62;;1;;
2023-03-31;2,362.31;2,336.42;2,349.03;;1;;
2023-03-30;2,365.98;2,327.54;2,353.94;;1;;
2023-03-29;2,313.47;2,242.18;2,312.93;;1;;
2023-03-28;2,527.70;2,479.44;2,487.69;;1;;
2023-03-27;2,526.94;2,479.52;2,495.52;;1;;
2023-03-24;2,522.51;2,450.23;2,493.08;;1;;
2023-03-23;2,557.02;2,515.61;2,527.40;;1;;
2023-03-22;2,542.05;2,511.87;2,541.46;;1;;
2023-03-21;2,537.12;2,497.19;2,523.86;;1;;
2023-03-20;2,494.73;2,406.47;2,491.13;;1;;
2023-03-17;2,537.87;2,463.24;2,481.46;;1;;
2023-03-16;2,514.34;2,438.37;2,484.92;;1;;
2023-03-15;2,543.03;2,462.22;2,488.11;;1;;
2023-03-14;2,528.08;2,441.80;2,523.80;;1;;
2023-03-13;2,523.11;2,423.74;2,445.59;;1;;
2023-03-10;2,535.37;2,489.35;2,504.85;;1;;
2023-03-09;2,563.45;2,537.79;2,551.09;;1;;
2023-03-08;2,560.82;2,530.88;2,546.13;;1;;
2023-03-07;2,604.04;2,555.17;2,559.42;;1;;
2023-03-06;2,622.15;2,594.66;2,609.28;;1;;
2023-03-03;2,618.42;2,603.45;2,611.46;;1;;
2023-03-02;2,607.86;2,582.78;2,600.09;;1;;
2023-03-01;2,607.31;2,550.33;2,591.38;;1;;
2023-02-28;2,572.60;2,536.12;2,550.48;;1;;
2023-02-27;2,559.19;2,504.50;2,559.19;;1;;
2023-02-24;2,569.84;2,523.50;2,534.24;;1;;
2023-02-23;2,541.06;2,507.19;2,534.04;;1;;
2023-02-22;2,525.33;2,496.40;2,509.94;;1;;
2023-02-21;2,562.71;2,531.27;2,543.38;;1;;
2023-02-20;2,564.28;2,515.48;2,550.24;;1;;
2023-02-17;2,532.61;2,495.88;2,526.08;;1;;
2023-02-16;2,542.53;2,495.83;2,518.37;;1;;
2023-02-15;2,509.08;2,481.15;2,495.42;;1;;
2023-02-14;2,527.50;2,493.75;2,499.39;;1;;
2023-02-13;2,502.54;2,461.05;2,488.10;;1;;
2023-02-10;2,519.11;2,459.22;2,483.72;;1;;
2023-02-09;2,542.17;2,491.55;2,517.58;;1;;
2023-02-08;2,555.62;2,466.17;2,491.62;;1;;
2023-02-07;2,524.17;2,500.40;2,506.16;;1;;
2023-02-06;2,547.49;2,506.86;2,513.11;;1;;
2023-02-03;2,540.48;2,504.67;2,540.05;;1;;
2023-02-02;2,533.96;2,413.31;2,533.96;;1;;
2023-02-01;2,416.69;2,367.30;2,403.61;;1;;
2023-01-31;2,352.63;2,325.87;2,349.93;;1;;
2023-01-30;2,350.86;2,320.00;2,348.12;;1;;
2023-01-27;2,339.48;2,309.13;2,329.20;;1;;
2023-01-26;2,341.56;2,316.22;2,320.90;;1;;
2023-01-25;2,373.39;2,282.18;2,287.44;;1;;
2023-01-24;2,400.34;2,365.35;2,374.18;;1;;
2023-01-23;2,390.00;2,365.66;2,387.73;;1;;
2023-01-20;2,365.87;2,347.19;2,363.19;;1;;
2023-01-19;2,398.08;2,342.37;2,342.37;;1;;
2023-01-18;2,416.37;2,378.38;2,415.26;;1;;
2023-01-17;2,392.28;2,351.17;2,376.96;;1;;
2023-01-16;2,369.38;2,314.23;2,369.38;;1;;
2023-01-13;2,306.93;2,287.93;2,298.46;;1;;
2023-01-12;2,332.50;2,296.01;2,310.82;;1;;
2023-01-11;2,328.11;2,283.78;2,305.33;;1;;
2023-01-10;2,347.44;2,321.80;2,321.96;;1;;
2023-01-09;2,378.03;2,353.91;2,363.26;;1;;
2023-01-06;2,343.17;2,306.63;2,340.74;;1;;
2023-01-05;2,378.06;2,335.02;2,351.08;;1;;
2023-01-04;2,398.65;2,366.07;2,373.62;;1;;
2023-01-03;2,437.41;2,378.78;2,395.13;;1;;
2023-01-02;2,420.10;2,360.95;2,419.86;;1;;
2022-12-30;2,382.54;2,343.14;2,343.93;;1;;
2022-12-29;2,376.96;2,345.96;2,374.23;;1;;
2022-12-28;2,391.04;2,355.68;2,365.79;;1;;
2022-12-27;2,388.24;2,365.90;2,381.73;;1;;
2022-12-23;2,357.34;2,306.74;2,350.95;;1;;
2022-12-22;2,347.19;2,306.84;2,306.84;;1;;
2022-12-21;2,330.72;2,277.57;2,324.41;;1;;
2022-12-20;2,281.65;2,245.22;2,272.34;;1;;
2022-12-19;2,297.03;2,259.01;2,275.69;;1;;
2022-12-16;2,274.54;2,237.76;2,268.03;;1;;
2022-12-15;2,282.74;2,244.81;2,253.75;;1;;
2022-12-14;2,317.68;2,288.88;2,299.54;;1;;
2022-12-13;2,329.64;2,254.94;2,301.30;;1;;
2022-12-12;2,281.52;2,247.05;2,259.41;;1;;
2022-12-09;2,297.72;2,257.91;2,290.13;;1;;
2022-12-08;2,275.15;2,238.27;2,244.94;;1;;
2022-12-07;2,297.06;2,263.25;2,280.27;;1;;
2022-12-06;2,315.07;2,282.68;2,285.92;;1;;
2022-12-05;2,351.20;2,310.85;2,329.74;;1;;
2022-12-02;2,342.89;2,297.46;2,322.55;;1;;
2022-12-01;2,373.64;2,322.90;2,334.60;;1;;
2022-11-30;2,336.75;2,310.32;2,327.83;;1;;
2022-11-29;2,324.82;2,274.29;2,300.80;;1;;
2022-11-28;2,330.28;2,301.71;2,319.47;;1;;
2022-11-25;2,343.41;2,313.88;2,343.37;;1;;
2022-11-24;2,345.12;2,302.48;2,307.55;;1;;
2022-11-23;2,309.96;2,277.51;2,299.63;;1;;
2022-11-22;2,295.26;2,255.90;2,289.09;;1;;
2022-11-21;2,305.16;2,262.94;2,272.51;;1;;
2022-11-18;2,296.34;2,241.30;2,285.88;;1;;
2022-11-17;2,285.70;2,254.26;2,276.01;;1;;
2022-11-16;2,322.22;2,258.36;2,265.38;;1;;
2022-11-15;2,351.19;2,281.87;2,318.95;;1;;
2022-11-14;2,336.68;2,303.34;2,316.95;;1;;
2022-11-11;2,356.99;2,308.61;2,332.85;;1;;
2022-11-10;2,340.98;2,208.13;2,320.20;;1;;
2022-11-09;2,288.08;2,241.74;2,254.51;;1;;
2022-11-08;2,304.08;2,241.90;2,294.66;;1;;
2022-11-07;2,259.46;2,185.79;2,258.82;;1;;
2022-11-04;2,205.97;2,156.65;2,192.73;;1;;
2022-11-03;2,199.89;2,146.29;2,150.84;;1;;
2022-11-02;2,233.23;2,183.28;2,204.21;;1;;
2022-11-01;2,277.65;2,246.21;2,260.01;;1;;
2022-10-31;2,247.86;2,202.35;2,235.41;;1;;
2022-10-28;2,203.69;2,170.09;2,198.25;;1;;
2022-10-27;2,263.35;2,217.27;2,224.79;;1;;
2022-10-26;2,262.12;2,222.45;2,258.50;;1;;
2022-10-25;2,251.41;2,175.37;2,238.81;;1;;
2022-10-24;2,210.86;2,170.80;2,184.53;;1;;
2022-10-21;2,179.21;2,128.25;2,164.72;;1;;
2022-10-20;2,177.95;2,108.60;2,159.15;;1;;
2022-10-19;2,201.77;2,129.55;2,133.04;;1;;
2022-10-18;2,202.40;2,147.66;2,196.25;;1;;
2022-10-17;2,147.67;2,078.03;2,127.00;;1;;
2022-10-14;2,133.33;2,079.50;2,099.56;;1;;
2022-10-13;2,055.94;1,986.77;2,041.35;;1;;
2022-10-12;2,041.91;1,998.59;2,031.56;;1;;
2022-10-11;2,028.77;1,980.90;2,005.78;;1;;
2022-10-10;2,074.33;1,974.76;2,039.09;;1;;
2022-10-07;2,064.60;1,990.22;1,999.20;;1;;
2022-10-06;2,066.94;2,022.78;2,051.77;;1;;
2022-10-05;2,096.28;2,021.09;2,026.50;;1;;
2022-10-04;2,103.85;2,044.11;2,102.28;;1;;
2022-10-03;2,034.86;1,967.84;2,030.42;;1;;
2022-09-30;2,000.08;1,946.77;1,991.55;;1;;
2022-09-29;2,010.24;1,931.18;1,935.80;;1;;
2022-09-28;2,020.28;1,966.42;2,018.03;;1;;
2022-09-27;2,036.32;1,991.52;2,032.12;;1;;
2022-09-26;2,009.44;1,952.20;2,000.24;;1;;
2022-09-23;2,033.96;1,949.85;1,975.33;;1;;
2022-09-22;2,085.46;2,028.48;2,039.86;;1;;
2022-09-21;2,107.87;2,075.93;2,095.08;;1;;
2022-09-20;2,174.97;2,104.33;2,104.33;;1;;
2022-09-19;2,149.08;2,104.78;2,145.54;;1;;
2022-09-16;2,172.99;2,099.09;2,130.09;;1;;
2022-09-15;2,303.24;2,230.13;2,236.89;;1;;
2022-09-14;2,324.76;2,277.67;2,292.75;;1;;
2022-09-13;2,385.41;2,293.54;2,294.00;;1;;
2022-09-12;2,389.55;2,341.37;2,365.33;;1;;
2022-09-09;2,338.93;2,296.65;2,322.69;;1;;
2022-09-08;2,311.72;2,258.86;2,285.85;;1;;
2022-09-07;2,304.55;2,256.38;2,290.93;;1;;
2022-09-06;2,343.61;2,281.63;2,300.82;;1;;
2022-09-05;2,341.79;2,303.78;2,326.39;;1;;
2022-09-02;2,384.46;2,328.41;2,378.25;;1;;
2022-09-01;2,413.06;2,339.02;2,354.01;;1;;
2022-08-31;2,481.55;2,436.60;2,441.92;;1;;
2022-08-30;2,501.31;2,452.12;2,463.38;;1;;
2022-08-29;2,491.14;2,421.08;2,469.86;;1;;
2022-08-26;2,583.58;2,501.11;2,510.55;;1;;
2022-08-25;2,599.58;2,557.64;2,574.96;;1;;
2022-08-24;2,584.67;2,535.61;2,566.10;;1;;
2022-08-23;2,602.29;2,547.84;2,570.09;;1;;
2022-08-22;2,669.08;2,605.17;2,623.22;;1;;
2022-08-19;2,698.90;2,657.29;2,680.36;;1;;
2022-08-18;2,711.90;2,671.36;2,679.68;;1;;
2022-08-17;2,760.03;2,681.18;2,682.62;;1;;
2022-08-16;2,747.26;2,725.64;2,732.48;;1;;
2022-08-15;2,756.53;2,699.05;2,716.27;;1;;
2022-08-12;2,788.42;2,695.38;2,701.82;;1;;
2022-08-11;2,802.52;2,749.28;2,784.38;;1;;
2022-08-10;2,778.50;2,674.92;2,767.85;;1;;
2022-08-09;2,750.19;2,677.82;2,709.33;;1;;
2022-08-08;2,766.85;2,706.60;2,732.55;;1;;
2022-08-05;2,828.55;2,712.36;2,731.93;;1;;
2022-08-04;2,854.58;2,757.99;2,813.34;;1;;
2022-08-03;2,752.57;2,679.35;2,746.10;;1;;
2022-08-02;2,691.79;2,658.02;2,682.39;;1;;
2022-08-01;2,703.64;2,658.18;2,659.77;;1;;
2022-07-29;2,676.19;2,607.49;2,666.23;;1;;
2022-07-28;2,615.41;2,538.20;2,601.44;;1;;
2022-07-27;2,551.25;2,516.08;2,516.08;;1;;
2022-07-26;2,514.38;2,474.06;2,509.21;;1;;
2022-07-25;2,515.78;2,450.84;2,487.75;;1;;
2022-07-22;2,513.37;2,483.21;2,508.35;;1;;
2022-07-21;2,521.87;2,485.14;2,504.39;;1;;
2022-07-20;2,506.88;2,462.72;2,490.82;;1;;
2022-07-19;2,481.18;2,437.34;2,473.47;;1;;
2022-07-18;2,466.66;2,400.03;2,464.71;;1;;
2022-07-15;2,373.65;2,312.65;2,373.40;;1;;
2022-07-14;2,376.10;2,316.87;2,316.87;;1;;
2022-07-13;2,376.29;2,311.33;2,335.70;;1;;
2022-07-12;2,335.22;2,295.06;2,331.53;;1;;
2022-07-11;2,364.53;2,303.48;2,333.52;;1;;
2022-07-08;2,374.35;2,309.61;2,373.50;;1;;
2022-07-07;2,321.75;2,223.81;2,319.22;;1;;
2022-07-06;2,230.41;2,194.32;2,202.45;;1;;
2022-07-05;2,281.50;2,194.31;2,202.79;;1;;
2022-07-04;2,281.62;2,246.30;2,247.18;;1;;
2022-07-01;2,296.70;2,245.36;2,259.76;;1;;
2022-06-30;2,290.80;2,223.61;2,250.93;;1;;
2022-06-29;2,328.17;2,287.94;2,314.12;;1;;
2022-06-28;2,400.58;2,333.41;2,334.27;;1;;
2022-06-27;2,394.64;2,344.33;2,385.44;;1;;
2022-06-24;2,327.23;2,247.29;2,325.05;;1;;
2022-06-23;2,265.33;2,206.91;2,247.79;;1;;
2022-06-22;2,300.31;2,264.65;2,272.78;;1;;
2022-06-21;2,346.59;2,299.92;2,336.04;;1;;
2022-06-20;2,320.81;2,235.54;2,291.69;;1;;
2022-06-17;2,314.42;2,247.54;2,259.30;;1;;
2022-06-16;2,414.61;2,264.13;2,294.01;;1;;
2022-06-15;2,436.92;2,369.38;2,424.01;;1;;
2022-06-14;2,453.67;2,369.84;2,412.65;;1;;
2022-06-13;2,439.69;2,404.17;2,419.35;;1;;
2022-06-10;2,509.32;2,424.43;2,473.36;;1;;
2022-06-09;2,538.99;2,477.59;2,518.49;;1;;
2022-06-08;2,697.43;2,541.17;2,565.79;;1;;
2022-06-07;2,737.53;2,690.60;2,706.92;;1;;
2022-06-03;2,732.66;2,702.68;2,713.28;;1;;
2022-06-02;2,711.64;2,656.04;2,711.64;;1;;
2022-06-01;2,695.85;2,612.18;2,662.27;;1;;
2022-05-31;2,684.36;2,642.57;2,661.07;;1;;
2022-05-30;2,733.75;2,657.66;2,696.47;;1;;
2022-05-25;2,654.87;2,614.65;2,634.67;;1;;
2022-05-24;2,671.67;2,608.02;2,609.44;;1;;
2022-05-23;2,724.69;2,654.31;2,656.01;;1;;
2022-05-20;2,689.85;2,636.03;2,682.99;;1;;
2022-05-19;2,595.59;2,535.35;2,582.77;;1;;
2022-05-18;2,703.84;2,623.38;2,644.97;;1;;
2022-05-17;2,671.49;2,593.81;2,651.80;;1;;
2022-05-16;2,584.85;2,525.76;2,569.78;;1;;
2022-05-12;2,526.62;2,420.06;2,525.50;;1;;
2022-05-11;2,550.41;2,471.96;2,503.70;;1;;
2022-05-10;2,583.74;2,476.92;2,533.26;;1;;
2022-05-09;2,642.75;2,493.29;2,496.36;;1;;
2022-05-06;2,711.31;2,646.57;2,656.57;;1;;
2022-05-05;2,784.95;2,709.96;2,722.89;;1;;
2022-05-04;2,712.47;2,648.55;2,707.36;;1;;
2022-05-03;2,675.75;2,617.61;2,641.05;;1;;
2022-05-02;2,676.93;2,464.38;2,651.59;;1;;
2022-04-29;2,720.32;2,631.66;2,699.32;;1;;
2022-04-28;2,641.51;2,608.20;2,619.76;;1;;
2022-04-27;2,632.09;2,549.86;2,589.78;;1;;
2022-04-26;2,627.48;2,536.66;2,538.53;;1;;
2022-04-25;2,553.91;2,497.21;2,512.36;;1;;
2022-04-22;2,619.22;2,569.57;2,579.61;;1;;
2022-04-21;2,649.70;2,617.23;2,638.00;;1;;
2022-04-20;2,635.96;2,569.66;2,634.61;;1;;
2022-04-19;2,586.83;2,480.81;2,578.03;;1;;
2022-04-13;2,491.88;2,462.73;2,489.87;;1;;
2022-04-12;2,494.61;2,419.35;2,475.66;;1;;
2022-04-11;2,531.18;2,452.57;2,457.06;;1;;
2022-04-08;2,573.86;2,526.49;2,540.27;;1;;
2022-04-07;2,551.35;2,520.79;2,527.35;;1;;
2022-04-06;2,632.70;2,510.70;2,541.16;;1;;
2022-04-05;2,705.29;2,620.91;2,634.41;;1;;
2022-04-04;2,786.26;2,656.76;2,695.90;;1;;
2022-04-01;2,788.99;2,742.77;2,782.52;;1;;
2022-03-31;2,828.25;2,774.63;2,777.93;;1;;
2022-03-30;2,824.48;2,780.93;2,800.39;;1;;
2022-03-29;2,841.85;2,798.37;2,803.18;;1;;
2022-03-28;2,858.32;2,768.86;2,844.33;;1;;
2022-03-25;2,840.86;2,745.74;2,765.68;;1;;
2022-03-24;2,934.12;2,825.77;2,825.77;;1;;
2022-03-23;2,957.17;2,886.23;2,915.35;;1;;
2022-03-22;2,965.05;2,914.34;2,934.51;;1;;
2022-03-21;2,975.43;2,915.86;2,967.22;;1;;
2022-03-18;2,980.07;2,900.96;2,949.35;;1;;
2022-03-17;2,961.24;2,882.81;2,923.36;;1;;
2022-03-16;2,909.74;2,788.19;2,876.18;;1;;
2022-03-15;2,918.80;2,781.36;2,891.14;;1;;
2022-03-14;2,850.57;2,759.57;2,831.31;;1;;
2022-03-11;2,764.61;2,655.50;2,743.02;;1;;
2022-03-10;2,712.65;2,651.60;2,669.60;;1;;
2022-03-09;2,672.64;2,558.91;2,672.64;;1;;
2022-03-08;2,632.85;2,558.53;2,577.02;;1;;
2022-03-07;2,661.72;2,592.42;2,621.08;;1;;
2022-03-04;2,765.82;2,689.73;2,689.73;;1;;
2022-03-03;2,804.19;2,722.03;2,772.43;;1;;
2022-03-02;2,745.86;2,632.34;2,721.87;;1;;
2022-03-01;2,764.47;2,668.28;2,693.70;;1;;
2022-02-28;2,753.05;2,683.03;2,734.68;;1;;
2022-02-25;2,754.76;2,676.39;2,752.85;;1;;
2022-02-24;2,687.45;2,563.96;2,656.88;;1;;
2022-02-23;2,862.14;2,763.36;2,763.36;;1;;
2022-02-22;2,854.14;2,707.93;2,830.21;;1;;
2022-02-21;2,913.79;2,807.70;2,823.77;;1;;
2022-02-18;2,951.90;2,880.49;2,882.87;;1;;
2022-02-17;2,981.04;2,915.70;2,925.39;;1;;
2022-02-16;2,979.50;2,925.96;2,948.51;;1;;
2022-02-15;2,950.90;2,884.04;2,944.76;;1;;
2022-02-14;2,908.81;2,860.64;2,879.82;;1;;
2022-02-11;2,984.43;2,927.41;2,966.33;;1;;
2022-02-10;3,039.80;2,955.10;2,991.82;;1;;
2022-02-09;3,002.01;2,816.67;2,993.18;;1;;
2022-02-08;2,908.47;2,818.02;2,824.24;;1;;
2022-02-07;2,907.29;2,845.14;2,878.65;;1;;
2022-02-04;3,009.33;2,875.60;2,875.60;;1;;
2022-02-03;3,045.59;2,964.49;2,984.38;;1;;
2022-02-02;3,046.85;2,998.59;3,046.85;;1;;
2022-02-01;3,032.91;2,961.54;2,992.47;;1;;
2022-01-31;2,983.82;2,936.28;2,977.56;;1;;
2022-01-28;2,959.85;2,879.86;2,908.57;;1;;
2022-01-27;2,976.84;2,873.27;2,958.27;;1;;
2022-01-26;2,949.20;2,863.51;2,923.59;;1;;
2022-01-25;2,858.90;2,798.38;2,832.66;;1;;
2022-01-24;2,939.21;2,780.58;2,813.18;;1;;
2022-01-21;2,950.68;2,891.13;2,914.86;;1;;
2022-01-20;2,982.78;2,905.65;2,982.53;;1;;
2022-01-19;2,958.19;2,908.56;2,939.47;;1;;
2022-01-18;2,988.81;2,922.69;2,957.61;;1;;
2022-01-17;3,000.16;2,941.34;2,978.07;;1;;
2022-01-14;3,132.22;3,019.34;3,019.34;;1;;
2022-01-13;3,149.28;3,116.28;3,140.69;;1;;
2022-01-12;3,129.26;3,068.73;3,122.04;;1;;
2022-01-11;3,064.79;3,020.10;3,043.20;;1;;
2022-01-10;3,160.48;2,994.95;2,994.95;;1;;
2022-01-06;3,168.71;3,093.97;3,112.94;;1;;
2022-01-05;3,237.86;3,196.34;3,206.66;;1;;
2022-01-04;3,214.33;3,180.62;3,198.49;;1;;
2022-01-03;3,197.59;3,143.56;3,189.27;;1;;
2021-12-30;3,157.88;3,129.91;3,129.91;;1;;
2021-12-29;3,144.08;3,109.39;3,144.08;;1;;
2021-12-28;3,135.98;3,111.97;3,121.92;;1;;
2021-12-27;3,112.15;3,061.66;3,111.90;;1;;
2021-12-23;3,060.74;3,026.48;3,060.74;;1;;
2021-12-22;3,034.00;2,991.00;3,034.00;;1;;
2021-12-21;3,000.59;2,972.70;2,993.04;;1;;
2021-12-20;2,976.94;2,875.28;2,964.87;;1;;
2021-12-17;2,985.12;2,914.05;2,945.61;;1;;
2021-12-16;2,988.31;2,948.69;2,979.59;;1;;
2021-12-15;2,930.31;2,869.65;2,925.18;;1;;
2021-12-14;2,942.04;2,864.80;2,864.80;;1;;
2021-12-13;2,970.92;2,932.62;2,934.69;;1;;
2021-12-10;2,945.59;2,895.24;2,915.84;;1;;
2021-12-09;2,951.44;2,924.19;2,946.96;;1;;
2021-12-08;2,929.46;2,874.86;2,927.10;;1;;
2021-12-07;2,873.72;2,805.80;2,871.05;;1;;
2021-12-06;2,802.63;2,737.30;2,766.42;;1;;
2021-12-03;2,811.67;2,770.66;2,777.78;;1;;
2021-12-02;2,847.99;2,749.14;2,779.59;;1;;
2021-12-01;2,859.56;2,823.90;2,857.72;;1;;
2021-11-30;2,868.74;2,818.52;2,831.54;;1;;
2021-11-29;2,872.51;2,801.98;2,822.48;;1;;
2021-11-26;2,834.35;2,763.00;2,814.01;;1;;
2021-11-25;2,891.69;2,827.72;2,827.78;;1;;
2021-11-24;2,876.80;2,820.74;2,840.72;;1;;
2021-11-23;2,946.65;2,851.20;2,851.20;;1;;
2021-11-22;3,002.62;2,960.79;2,961.88;;1;;
2021-11-19;2,992.22;2,947.33;2,971.68;;1;;
2021-11-18;2,977.76;2,934.20;2,943.27;;1;;
2021-11-17;2,982.85;2,959.97;2,968.51;;1;;
2021-11-16;3,017.12;2,968.66;2,968.66;;1;;
2021-11-15;3,035.99;3,002.36;3,008.90;;1;;
2021-11-12;3,057.85;3,009.94;3,033.35;;1;;
2021-11-11;3,029.82;2,978.11;3,019.12;;1;;
2021-11-10;3,044.13;2,956.55;2,977.20;;1;;
2021-11-09;3,053.10;2,993.01;3,042.50;;1;;
2021-11-08;3,003.73;2,979.16;2,996.26;;1;;
2021-11-05;3,063.96;2,977.32;2,977.32;;1;;
2021-11-04;3,130.94;3,021.95;3,027.54;;1;;
2021-11-03;3,053.25;2,962.14;3,053.25;;1;;
2021-11-02;2,978.13;2,886.19;2,968.30;;1;;
2021-11-01;2,952.65;2,888.70;2,932.33;;1;;
2021-10-29;2,895.72;2,831.04;2,874.69;;1;;
2021-10-28;2,885.15;2,846.86;2,869.22;;1;;
2021-10-27;2,910.70;2,874.72;2,884.36;;1;;
2021-10-26;2,929.99;2,902.82;2,908.23;;1;;
2021-10-25;2,932.75;2,890.09;2,900.33;;1;;
2021-10-22;2,908.61;2,845.60;2,895.85;;1;;
2021-10-21;2,866.68;2,819.56;2,848.63;;1;;
2021-10-20;2,845.05;2,807.12;2,832.94;;1;;
2021-10-19;2,839.89;2,785.54;2,836.11;;1;;
2021-10-18;2,774.19;2,733.86;2,768.86;;1;;
2021-10-15;2,767.50;2,708.42;2,759.53;;1;;
2021-10-14;2,806.90;2,747.95;2,748.26;;1;;
2021-10-13;2,809.15;2,745.54;2,788.99;;1;;
2021-10-12;2,780.44;2,711.21;2,751.68;;1;;
2021-10-11;2,757.32;2,689.51;2,717.99;;1;;
2021-10-08;2,820.13;2,768.59;2,768.59;;1;;
2021-10-07;2,813.81;2,766.66;2,800.03;;1;;
2021-10-06;2,763.88;2,684.72;2,755.01;;1;;
2021-10-05;2,768.03;2,678.74;2,761.70;;1;;
2021-10-04;2,761.55;2,689.80;2,689.80;;1;;
2021-10-01;2,804.98;2,746.81;2,781.09;;1;;
2021-09-30;2,923.51;2,798.25;2,809.06;;1;;
2021-09-29;2,923.82;2,861.65;2,861.65;;1;;
2021-09-28;2,907.50;2,847.30;2,860.18;;1;;
2021-09-27;3,023.43;2,921.41;2,928.65;;1;;
2021-09-24;3,070.34;3,006.16;3,006.16;;1;;
2021-09-23;3,085.45;3,052.52;3,077.48;;1;;
2021-09-22;3,043.30;3,017.46;3,025.73;;1;;
2021-09-21;3,018.06;2,956.67;3,011.88;;1;;
2021-09-20;3,014.09;2,933.80;2,945.96;;1;;
2021-09-17;3,103.70;3,052.98;3,055.36;;1;;
2021-09-16;3,102.90;3,039.64;3,074.90;;1;;
2021-09-15;3,071.70;3,041.95;3,054.87;;1;;
2021-09-14;3,064.02;3,027.51;3,042.84;;1;;
2021-09-13;3,055.81;3,013.32;3,019.77;;1;;
2021-09-10;3,064.21;3,024.91;3,036.99;;1;;
2021-09-09;3,059.60;3,004.13;3,050.55;;1;;
2021-09-08;3,060.90;3,016.93;3,019.94;;1;;
2021-09-07;3,088.31;3,061.25;3,079.61;;1;;
2021-09-06;3,065.87;3,040.92;3,062.37;;1;;
2021-09-03;3,035.02;3,001.39;3,023.30;;1;;
2021-09-02;3,004.88;2,944.59;3,004.88;;1;;
2021-09-01;2,969.23;2,931.24;2,946.43;;1;;
2021-08-31;3,004.59;2,929.14;2,936.43;;1;;
2021-08-30;2,975.56;2,943.54;2,971.22;;1;;
2021-08-27;2,945.15;2,906.18;2,944.72;;1;;
2021-08-26;2,926.45;2,894.02;2,922.26;;1;;
2021-08-25;2,930.09;2,902.20;2,911.46;;1;;
2021-08-24;2,951.18;2,907.77;2,910.81;;1;;
2021-08-23;2,953.49;2,916.74;2,938.68;;1;;
2021-08-20;2,958.58;2,922.05;2,926.32;;1;;
2021-08-19;2,981.89;2,921.79;2,959.38;;1;;
2021-08-18;3,009.90;2,987.69;3,008.57;;1;;
2021-08-17;3,020.86;2,948.53;3,008.73;;1;;
2021-08-16;2,986.72;2,949.06;2,961.77;;1;;
2021-08-13;3,005.06;2,963.30;2,963.30;;1;;
2021-08-12;2,977.61;2,924.50;2,977.61;;1;;
2021-08-11;2,949.26;2,906.75;2,936.52;;1;;
2021-08-10;2,906.06;2,886.80;2,905.48;;1;;
2021-08-09;2,892.39;2,875.34;2,880.65;;1;;
2021-08-06;2,909.68;2,856.82;2,865.86;;1;;
2021-08-05;2,895.07;2,871.66;2,881.39;;1;;
2021-08-04;2,901.88;2,883.03;2,892.05;;1;;
2021-08-03;2,911.49;2,867.40;2,872.83;;1;;
2021-08-02;2,910.28;2,871.34;2,894.61;;1;;
2021-07-30;2,898.62;2,827.49;2,886.83;;1;;
2021-07-29;2,895.91;2,821.12;2,853.75;;1;;
2021-07-28;2,880.57;2,855.00;2,858.06;;1;;
2021-07-27;2,882.27;2,852.47;2,877.02;;1;;
2021-07-26;2,904.93;2,881.23;2,885.61;;1;;
2021-07-23;2,884.46;2,845.50;2,884.46;;1;;
2021-07-22;2,877.03;2,857.59;2,862.92;;1;;
2021-07-21;2,863.34;2,834.35;2,856.20;;1;;
2021-07-20;2,852.63;2,799.18;2,825.25;;1;;
2021-07-19;2,866.67;2,811.19;2,821.60;;1;;
2021-07-16;2,911.79;2,859.69;2,881.37;;1;;
2021-07-15;2,949.53;2,900.30;2,900.30;;1;;
2021-07-14;2,942.34;2,915.30;2,938.22;;1;;
2021-07-13;2,948.59;2,921.23;2,926.90;;1;;
2021-07-12;2,940.38;2,891.65;2,939.22;;1;;
2021-07-09;2,914.06;2,869.92;2,914.06;;1;;
2021-07-08;2,954.77;2,884.70;2,901.24;;1;;
2021-07-07;2,972.50;2,944.74;2,946.50;;1;;
2021-07-06;2,967.11;2,927.91;2,932.71;;1;;
2021-07-05;2,935.88;2,902.94;2,925.61;;1;;
2021-07-02;2,931.03;2,893.71;2,902.38;;1;;
2021-07-01;2,907.29;2,864.26;2,895.78;;1;;
2021-06-30;2,888.59;2,847.99;2,862.81;;1;;
2021-06-29;2,885.18;2,858.02;2,873.07;;1;;
2021-06-28;2,880.14;2,847.40;2,861.46;;1;;
2021-06-25;2,892.82;2,862.92;2,884.24;;1;;
2021-06-24;2,890.70;2,846.92;2,867.44;;1;;
2021-06-23;2,875.11;2,827.68;2,839.44;;1;;
2021-06-22;2,870.84;2,837.77;2,850.60;;1;;
2021-06-21;2,841.52;2,777.23;2,841.52;;1;;
2021-06-18;2,843.76;2,796.74;2,800.26;;1;;
2021-06-17;2,862.61;2,817.97;2,820.91;;1;;
2021-06-16;2,878.36;2,850.74;2,866.10;;1;;
2021-06-15;2,889.60;2,855.81;2,862.46;;1;;
2021-06-14;2,884.40;2,844.80;2,852.64;;1;;
2021-06-11;2,908.71;2,855.06;2,864.69;;1;;
2021-06-10;2,896.52;2,856.57;2,878.48;;1;;
2021-06-09;2,882.33;2,857.94;2,879.09;;1;;
2021-06-08;2,885.90;2,835.67;2,862.55;;1;;
2021-06-07;2,895.90;2,858.37;2,892.57;;1;;
2021-06-04;2,894.45;2,851.34;2,865.07;;1;;
2021-06-03;2,849.40;2,808.79;2,849.40;;1;;
2021-06-02;2,837.92;2,810.87;2,827.91;;1;;
2021-06-01;2,826.19;2,777.75;2,826.19;;1;;
2021-05-31;2,800.54;2,768.93;2,768.93;;1;;
2021-05-28;2,794.34;2,752.27;2,782.82;;1;;
2021-05-27;2,782.92;2,749.32;2,753.61;;1;;
2021-05-26;2,789.83;2,758.05;2,761.05;;1;;
2021-05-25;2,819.42;2,766.92;2,766.92;;1;;
2021-05-21;2,772.31;2,735.69;2,765.93;;1;;
2021-05-20;2,732.60;2,695.60;2,732.56;;1;;
2021-05-19;2,703.48;2,644.37;2,669.46;;1;;
2021-05-18;2,695.00;2,639.06;2,680.91;;1;;
2021-05-17;2,620.29;2,588.04;2,604.45;;1;;
2021-05-12;2,652.19;2,592.45;2,604.01;;1;;
2021-05-11;2,700.41;2,622.42;2,640.45;;1;;
2021-05-10;2,752.28;2,692.09;2,733.02;;1;;
2021-05-07;2,700.19;2,663.18;2,681.18;;1;;
2021-05-06;2,692.58;2,646.53;2,685.88;;1;;
2021-05-05;2,657.84;2,571.77;2,652.05;;1;;
2021-05-04;2,609.60;2,533.33;2,548.49;;1;;
2021-05-03;2,595.51;2,571.57;2,592.57;;1;;
2021-04-29;2,634.51;2,588.38;2,588.38;;1;;
2021-04-28;2,606.03;2,552.41;2,600.89;;1;;
2021-04-27;2,671.96;2,573.64;2,593.84;;1;;
2021-04-26;2,573.31;2,540.67;2,542.13;;1;;
2021-04-23;2,528.40;2,496.82;2,524.52;;1;;
2021-04-22;2,502.21;2,485.43;2,498.77;;1;;
2021-04-21;2,483.02;2,446.94;2,482.85;;1;;
2021-04-20;2,496.66;2,456.62;2,458.14;;1;;
2021-04-19;2,499.50;2,478.41;2,482.71;;1;;
2021-04-16;2,490.47;2,448.23;2,485.92;;1;;
2021-04-15;2,460.92;2,438.92;2,443.27;;1;;
2021-04-14;2,462.29;2,428.27;2,431.15;;1;;
2021-04-13;2,465.27;2,433.57;2,464.91;;1;;
2021-04-12;2,461.17;2,427.46;2,432.78;;1;;
2021-04-09;2,464.28;2,434.70;2,456.36;;1;;
2021-04-08;2,455.46;2,423.75;2,446.36;;1;;
2021-04-07;2,457.83;2,396.57;2,410.07;;1;;
2021-04-06;2,445.67;2,389.51;2,426.08;;1;;
2021-03-31;2,430.38;2,368.38;2,401.79;;1;;
2021-03-30;2,374.90;2,351.32;2,373.84;;1;;
2021-03-29;2,360.19;2,313.26;2,346.82;;1;;
2021-03-26;2,361.36;2,293.40;2,359.74;;1;;
2021-03-25;2,275.97;2,232.96;2,273.40;;1;;
2021-03-24;2,279.46;2,242.85;2,262.38;;1;;
2021-03-23;2,331.74;2,282.81;2,284.25;;1;;
2021-03-22;2,367.81;2,322.67;2,347.62;;1;;
2021-03-19;2,357.81;2,321.26;2,352.05;;1;;
2021-03-18;2,365.94;2,292.08;2,354.04;;1;;
2021-03-17;2,316.44;2,282.26;2,299.88;;1;;
2021-03-16;2,316.10;2,288.30;2,302.42;;1;;
2021-03-15;2,303.22;2,280.18;2,281.49;;1;;
2021-03-12;2,291.19;2,270.14;2,277.13;;1;;
2021-03-11;2,301.77;2,269.39;2,297.10;;1;;
2021-03-10;2,270.63;2,231.17;2,270.63;;1;;
2021-03-09;2,257.72;2,171.20;2,257.72;;1;;
2021-03-08;2,179.24;2,125.58;2,169.32;;1;;
2021-03-05;2,193.77;2,159.15;2,168.07;;1;;
2021-03-04;2,222.02;2,159.42;2,182.23;;1;;
2021-03-03;2,251.58;2,199.77;2,209.66;;1;;
2021-03-02;2,231.05;2,211.80;2,218.73;;1;;
2021-03-01;2,220.43;2,199.27;2,217.06;;1;;
2021-02-26;2,199.41;2,139.79;2,176.46;;1;;
2021-02-25;2,224.25;2,179.65;2,200.12;;1;;
2021-02-24;2,187.79;2,119.89;2,182.18;;1;;
2021-02-23;2,165.85;2,080.48;2,126.42;;1;;
2021-02-22;2,167.35;2,139.85;2,161.97;;1;;
2021-02-19;2,156.89;2,112.58;2,152.09;;1;;
2021-02-18;2,160.70;2,114.33;2,114.34;;1;;
2021-02-17;2,148.34;2,111.49;2,140.52;;1;;
2021-02-16;2,133.99;2,110.73;2,125.46;;1;;
2021-02-15;2,156.85;2,110.59;2,116.53;;1;;
2021-02-12;2,128.32;2,091.56;2,128.32;;1;;
2021-02-11;2,086.06;2,041.79;2,086.03;;1;;
2021-02-10;2,116.31;2,012.12;2,036.38;;1;;
2021-02-09;2,112.16;2,088.79;2,101.62;;1;;
2021-02-08;2,106.93;2,089.87;2,105.37;;1;;
2021-02-05;2,108.00;2,082.31;2,097.60;;1;;
2021-02-04;2,103.54;2,063.37;2,076.52;;1;;
2021-02-03;2,109.14;2,083.51;2,091.70;;1;;
2021-02-02;2,099.64;2,080.56;2,081.43;;1;;
2021-02-01;2,070.75;2,001.55;2,066.01;;1;;
2021-01-29;2,018.91;1,981.05;2,002.28;;1;;
2021-01-28;2,013.07;1,913.32;2,013.07;;1;;
2021-01-27;2,053.93;1,969.95;2,000.95;;1;;
2021-01-26;2,094.95;2,064.89;2,072.60;;1;;
2021-01-25;2,149.96;2,085.15;2,098.95;;1;;
2021-01-22;2,160.80;2,123.94;2,136.27;;1;;
2021-01-21;2,211.03;2,169.90;2,169.90;;1;;
2021-01-20;2,191.63;2,169.78;2,186.64;;1;;
2021-01-19;2,195.63;2,161.82;2,177.66;;1;;
2021-01-18;2,192.48;2,151.89;2,178.68;;1;;
2021-01-15;2,197.37;2,145.45;2,151.08;;1;;
2021-01-14;2,199.58;2,183.31;2,188.31;;1;;
2021-01-13;2,189.66;2,165.90;2,175.74;;1;;
2021-01-12;2,196.48;2,170.48;2,177.21;;1;;
2021-01-11;2,178.19;2,145.33;2,153.65;;1;;
2021-01-08;2,166.84;2,132.93;2,166.11;;1;;
2021-01-07;2,140.41;2,099.30;2,126.48;;1;;
2021-01-06;2,127.16;2,095.59;2,098.13;;1;;
2021-01-05;2,135.28;2,105.05;2,108.79;;1;;
2021-01-04;2,153.70;2,121.32;2,140.98;;1;;
2020-12-30;2,125.95;2,099.75;2,099.75;;1;;
2020-12-29;2,125.31;2,109.08;2,118.20;;1;;
2020-12-28;2,117.43;2,096.48;2,106.48;;1;;
2020-12-23;2,108.73;2,082.02;2,094.85;;1;;
2020-12-22;2,108.67;2,093.90;2,100.70;;1;;
2020-12-21;2,106.23;2,077.85;2,092.63;;1;;
2020-12-18;2,130.51;2,083.33;2,130.51;;1;;
2020-12-17;2,102.96;2,061.15;2,074.40;;1;;
2020-12-16;2,100.96;2,069.96;2,084.78;;1;;
2020-12-15;2,070.29;2,050.55;2,068.62;;1;;
2020-12-14;2,069.36;2,043.37;2,060.55;;1;;
2020-12-11;2,038.14;2,017.42;2,031.53;;1;;
2020-12-10;2,041.30;2,000.31;2,017.83;;1;;
2020-12-09;2,047.05;2,029.73;2,039.98;;1;;
2020-12-08;2,038.22;2,015.05;2,036.61;;1;;
2020-12-07;2,030.53;2,010.04;2,013.23;;1;;
2020-12-04;2,024.76;2,007.32;2,016.14;;1;;
2020-12-03;2,007.22;1,980.09;1,986.47;;1;;
2020-12-02;2,019.39;1,981.90;1,993.33;;1;;
2020-12-01;2,035.37;1,991.97;2,011.71;;1;;
2020-11-30;2,043.89;2,011.53;2,012.23;;1;;
2020-11-27;2,041.53;2,023.61;2,033.00;;1;;
2020-11-26;2,044.28;2,017.66;2,038.81;;1;;
2020-11-25;2,044.91;2,012.90;2,029.04;;1;;
2020-11-24;2,053.85;2,017.44;2,038.20;;1;;
2020-11-23;2,021.83;1,996.35;2,001.91;;1;;
2020-11-20;1,990.81;1,950.26;1,989.99;;1;;
2020-11-19;1,956.86;1,936.67;1,944.94;;1;;
2020-11-18;1,962.90;1,938.46;1,942.60;;1;;
2020-11-17;1,964.42;1,949.09;1,954.28;;1;;
2020-11-16;1,968.20;1,930.03;1,955.51;;1;;
2020-11-13;1,958.57;1,939.68;1,952.02;;1;;
2020-11-12;1,957.63;1,923.63;1,941.30;;1;;
2020-11-11;1,941.71;1,900.22;1,933.51;;1;;
2020-11-10;1,929.04;1,883.41;1,912.80;;1;;
2020-11-09;2,040.35;1,894.20;1,901.92;;1;;
2020-11-06;1,970.15;1,923.06;1,967.11;;1;;
2020-11-05;1,966.17;1,936.38;1,952.07;;1;;
2020-11-04;1,919.24;1,875.91;1,918.82;;1;;
2020-11-03;1,898.46;1,871.41;1,886.95;;1;;
2020-11-02;1,864.74;1,815.33;1,857.60;;1;;
2020-10-30;1,832.09;1,786.00;1,832.09;;1;;
2020-10-29;1,826.50;1,719.68;1,806.81;;1;;
2020-10-28;1,814.62;1,768.21;1,772.99;;1;;
2020-10-27;1,838.91;1,814.54;1,826.47;;1;;
2020-10-26;1,852.93;1,813.10;1,817.86;;1;;
2020-10-23;1,889.35;1,860.92;1,864.26;;1;;
2020-10-22;1,893.06;1,859.88;1,873.89;;1;;
2020-10-21;1,913.85;1,886.32;1,888.49;;1;;
2020-10-20;1,918.51;1,904.64;1,909.75;;1;;
2020-10-19;1,942.98;1,911.69;1,916.29;;1;;
2020-10-16;1,938.33;1,923.89;1,924.94;;1;;
2020-10-15;1,943.62;1,908.04;1,914.31;;1;;
2020-10-14;1,964.62;1,940.37;1,954.54;;1;;
2020-10-13;1,962.53;1,924.64;1,946.31;;1;;
2020-10-12;1,939.00;1,917.83;1,938.14;;1;;
2020-10-09;1,918.97;1,892.14;1,901.72;;1;;
2020-10-08;1,908.95;1,889.19;1,897.45;;1;;
2020-10-07;1,887.59;1,859.36;1,883.70;;1;;
2020-10-06;1,868.29;1,849.76;1,854.43;;1;;
2020-10-05;1,866.12;1,848.44;1,866.12;;1;;
2020-10-02;1,843.08;1,822.12;1,828.22;;1;;
2020-10-01;1,860.95;1,833.57;1,857.63;;1;;
2020-09-30;1,838.26;1,814.16;1,828.20;;1;;
2020-09-29;1,834.18;1,809.10;1,834.18;;1;;
2020-09-28;1,805.20;1,791.10;1,797.99;;1;;
2020-09-25;1,783.67;1,756.72;1,783.67;;1;;
2020-09-24;1,773.83;1,746.36;1,757.71;;1;;
2020-09-23;1,787.31;1,755.11;1,775.76;;1;;
2020-09-22;1,763.53;1,735.99;1,756.21;;1;;
2020-09-21;1,756.59;1,712.18;1,718.56;;1;;
2020-09-18;1,774.10;1,759.09;1,759.09;;1;;
2020-09-17;1,779.95;1,756.48;1,779.95;;1;;
2020-09-16;1,767.26;1,754.99;1,767.26;;1;;
2020-09-15;1,758.82;1,742.65;1,744.61;;1;;
2020-09-14;1,775.53;1,746.40;1,752.23;;1;;
2020-09-11;1,792.90;1,747.89;1,748.72;;1;;
2020-09-10;1,797.47;1,770.38;1,791.33;;1;;
2020-09-09;1,786.02;1,756.51;1,783.62;;1;;
2020-09-08;1,767.45;1,732.68;1,744.58;;1;;
2020-09-07;1,774.08;1,740.45;1,767.19;;1;;
2020-09-04;1,770.53;1,723.79;1,733.50;;1;;
2020-09-03;1,784.95;1,759.94;1,763.51;;1;;
2020-09-02;1,791.47;1,760.57;1,769.38;;1;;
2020-09-01;1,764.95;1,748.39;1,752.70;;1;;
2020-08-31;1,770.03;1,753.61;1,760.83;;1;;
2020-08-28;1,756.96;1,737.99;1,752.33;;1;;
2020-08-27;1,773.65;1,754.40;1,755.03;;1;;
2020-08-26;1,769.98;1,734.37;1,769.42;;1;;
2020-08-25;1,753.37;1,740.61;1,742.97;;1;;
2020-08-24;1,752.64;1,734.60;1,736.65;;1;;
2020-08-21;1,747.07;1,713.88;1,726.09;;1;;
2020-08-20;1,747.31;1,734.13;1,740.61;;1;;
2020-08-19;1,754.65;1,737.82;1,744.98;;1;;
2020-08-18;1,745.11;1,710.78;1,714.03;;1;;
2020-08-17;1,723.22;1,699.10;1,721.13;;1;;
2020-08-14;1,709.85;1,688.74;1,688.74;;1;;
2020-08-13;1,720.79;1,695.55;1,714.81;;1;;
2020-08-12;1,701.83;1,677.66;1,701.57;;1;;
2020-08-11;1,683.66;1,661.07;1,683.66;;1;;
2020-08-10;1,664.34;1,647.27;1,648.12;;1;;
2020-08-07;1,657.77;1,636.88;1,657.77;;1;;
2020-08-06;1,641.34;1,618.80;1,641.34;;1;;
2020-08-05;1,626.03;1,610.09;1,626.03;;1;;
2020-08-04;1,623.86;1,586.94;1,606.56;;1;;
2020-08-03;1,605.28;1,565.80;1,604.17;;1;;
2020-07-31;1,609.30;1,562.28;1,562.28;;1;;
2020-07-30;1,595.81;1,564.56;1,572.77;;1;;
2020-07-29;1,595.30;1,578.55;1,593.01;;1;;
2020-07-28;1,589.03;1,579.16;1,581.91;;1;;
2020-07-27;1,591.13;1,578.68;1,584.61;;1;;
2020-07-24;1,602.35;1,583.43;1,588.05;;1;;
2020-07-23;1,616.21;1,604.73;1,607.62;;1;;
2020-07-22;1,616.31;1,595.25;1,599.54;;1;;
2020-07-21;1,618.59;1,604.33;1,608.30;;1;;
2020-07-20;1,599.25;1,583.88;1,591.34;;1;;
2020-07-17;1,589.38;1,575.34;1,582.53;;1;;
2020-07-16;1,578.23;1,562.46;1,575.44;;1;;
2020-07-15;1,584.89;1,564.25;1,574.29;;1;;
2020-07-14;1,557.71;1,541.47;1,552.58;;1;;
2020-07-10;1,542.04;1,522.86;1,536.61;;1;;
2020-07-09;1,549.16;1,529.63;1,529.63;;1;;
2020-07-08;1,545.04;1,528.56;1,539.45;;1;;
2020-07-07;1,556.37;1,542.21;1,551.77;;1;;
2020-07-06;1,560.15;1,540.10;1,553.32;;1;;
2020-07-03;1,534.22;1,517.86;1,518.80;;1;;
2020-07-02;1,521.74;1,502.84;1,521.74;;1;;
2020-07-01;1,506.82;1,480.24;1,500.65;;1;;
2020-06-30;1,493.98;1,476.91;1,485.97;;1;;
2020-06-29;1,489.66;1,461.49;1,485.68;;1;;
2020-06-26;1,488.10;1,466.23;1,466.23;;1;;
2020-06-25;1,481.19;1,458.47;1,464.79;;1;;
2020-06-24;1,522.20;1,487.15;1,487.15;;1;;
2020-06-23;1,547.98;1,515.01;1,518.35;;1;;
2020-06-22;1,495.73;1,478.71;1,478.81;;1;;
2020-06-19;1,520.77;1,499.45;1,499.45;;1;;
2020-06-18;1,522.52;1,497.85;1,513.91;;1;;
2020-06-17;1,500.94;1,458.02;1,500.58;;1;;
2020-06-16;1,480.24;1,454.93;1,454.93;;1;;
2020-06-15;1,436.75;1,399.67;1,426.88;;1;;
2020-06-12;1,456.21;1,390.09;1,443.12;;1;;
2020-06-11;1,443.64;1,415.94;1,416.63;;1;;
2020-06-10;1,495.41;1,462.51;1,466.71;;1;;
2020-06-09;1,497.53;1,472.13;1,478.02;;1;;
2020-06-08;1,493.01;1,472.03;1,491.63;;1;;
2020-06-04;1,472.70;1,451.73;1,458.69;;1;;
2020-06-03;1,463.13;1,422.06;1,461.08;;1;;
2020-06-02;1,418.31;1,391.80;1,417.41;;1;;
2020-05-29;1,384.67;1,365.72;1,365.72;;1;;
2020-05-28;1,393.25;1,378.77;1,390.25;;1;;
2020-05-27;1,423.84;1,373.21;1,377.55;;1;;
2020-05-26;1,415.88;1,398.04;1,408.95;;1;;
2020-05-25;1,403.38;1,380.57;1,395.45;;1;;
2020-05-20;1,387.92;1,351.25;1,379.31;;1;;
2020-05-19;1,367.85;1,354.84;1,362.19;;1;;
2020-05-18;1,349.58;1,306.44;1,349.31;;1;;
2020-05-15;1,293.55;1,271.40;1,284.48;;1;;
2020-05-14;1,276.52;1,245.81;1,254.55;;1;;
2020-05-13;1,293.00;1,271.30;1,278.58;;1;;
2020-05-12;1,318.22;1,296.75;1,310.17;;1;;
2020-05-11;1,319.93;1,299.36;1,303.65;;1;;
2020-05-07;1,292.79;1,279.50;1,282.00;;1;;
2020-05-06;1,293.23;1,271.13;1,279.91;;1;;
2020-05-05;1,276.03;1,251.55;1,268.79;;1;;
2020-05-04;1,267.94;1,234.37;1,237.47;;1;;
2020-05-01;1,291.40;1,275.12;1,278.64;;1;;
2020-04-30;1,362.49;1,308.15;1,317.55;;1;;
2020-04-29;1,331.58;1,287.14;1,325.00;;1;;
2020-04-28;1,300.82;1,261.74;1,292.11;;1;;
2020-04-27;1,273.91;1,261.13;1,269.63;;1;;
2020-04-24;1,257.83;1,239.66;1,251.44;;1;;
2020-04-23;1,271.64;1,246.29;1,262.24;;1;;
2020-04-22;1,258.83;1,234.38;1,258.35;;1;;
2020-04-21;1,255.87;1,235.11;1,243.34;;1;;
2020-04-20;1,283.18;1,245.83;1,268.50;;1;;
2020-04-17;1,277.47;1,248.95;1,268.39;;1;;
2020-04-16;1,237.41;1,210.33;1,220.20;;1;;
2020-04-15;1,268.89;1,222.43;1,222.99;;1;;
2020-04-14;1,280.12;1,250.14;1,263.97;;1;;
2020-04-08;1,248.31;1,235.13;1,237.34;;1;;
2020-04-07;1,278.75;1,252.09;1,255.88;;1;;
2020-04-06;1,215.30;1,188.13;1,212.81;;1;;
2020-04-03;1,169.58;1,147.25;1,151.01;;1;;
2020-04-02;1,189.03;1,149.02;1,160.09;;1;;
2020-04-01;1,181.66;1,159.32;1,180.42;;1;;
2020-03-31;1,214.90;1,190.21;1,191.89;;1;;
2020-03-30;1,158.32;1,111.90;1,153.79;;1;;
2020-03-27;1,147.19;1,128.28;1,136.84;;1;;
2020-03-26;1,148.83;1,078.91;1,148.53;;1;;
2020-03-25;1,132.90;1,069.20;1,085.63;;1;;
2020-03-24;1,049.43;1,009.30;1,048.54;;1;;
2020-03-23;1,018.23;968.51;977.15;;1;;
2020-03-20;1,066.16;1,014.97;1,040.34;;1;;
2020-03-19;1,007.99;970.11;981.76;;1;;
2020-03-18;1,111.56;1,003.96;1,003.96;;1;;
2020-03-17;1,164.96;1,094.07;1,118.23;;1;;
2020-03-16;1,146.23;1,062.25;1,127.77;;1;;
2020-03-13;1,272.64;1,156.91;1,182.46;;1;;
2020-03-12;1,187.89;1,148.13;1,148.52;;1;;
2020-03-11;1,291.04;1,245.57;1,255.60;;1;;
2020-03-10;1,317.42;1,261.22;1,269.04;;1;;
2020-03-09;1,271.44;1,218.70;1,259.15;;1;;
2020-03-06;1,356.74;1,309.59;1,333.96;;1;;
2020-03-05;1,424.30;1,367.99;1,370.98;;1;;
2020-03-04;1,417.31;1,388.47;1,391.02;;1;;
2020-03-03;1,412.82;1,384.87;1,405.16;;1;;
2020-03-02;1,411.15;1,350.34;1,361.00;;1;;
2020-02-28;1,365.66;1,326.50;1,356.39;;1;;
2020-02-27;1,413.38;1,363.99;1,382.90;;1;;
2020-02-26;1,443.54;1,366.63;1,437.13;;1;;
2020-02-25;1,501.29;1,439.78;1,444.43;;1;;
2020-02-24;1,538.92;1,479.34;1,484.16;;1;;
2020-02-21;1,587.92;1,569.19;1,571.49;;1;;
2020-02-20;1,646.11;1,589.81;1,594.06;;1;;
2020-02-19;1,620.71;1,605.39;1,617.94;;1;;
2020-02-18;1,600.47;1,584.84;1,600.38;;1;;
2020-02-17;1,617.53;1,601.31;1,604.12;;1;;
2020-02-14;1,625.58;1,603.26;1,616.14;;1;;
2020-02-13;1,611.21;1,596.59;1,605.52;;1;;
2020-02-12;1,615.00;1,591.38;1,607.51;;1;;
2020-02-11;1,613.13;1,580.07;1,611.77;;1;;
2020-02-10;1,596.73;1,573.13;1,575.90;;1;;
2020-02-07;1,607.08;1,580.33;1,596.56;;1;;
2020-02-06;1,619.86;1,597.57;1,611.25;;1;;
2020-02-05;1,603.82;1,551.05;1,597.23;;1;;
2020-02-04;1,560.80;1,532.20;1,559.83;;1;;
2020-02-03;1,537.38;1,522.44;1,530.85;;1;;
2020-01-31;1,548.50;1,532.21;1,534.23;;1;;
2020-01-30;1,567.66;1,536.75;1,536.75;;1;;
2020-01-29;1,577.51;1,564.50;1,577.32;;1;;
2020-01-28;1,570.23;1,550.45;1,562.71;;1;;
2020-01-27;1,582.32;1,554.31;1,556.41;;1;;
2020-01-24;1,601.96;1,586.90;1,596.65;;1;;
2020-01-23;1,598.48;1,576.30;1,579.03;;1;;
2020-01-22;1,611.21;1,592.59;1,601.00;;1;;
2020-01-21;1,599.57;1,585.99;1,589.51;;1;;
2020-01-20;1,618.37;1,605.56;1,607.52;;1;;
2020-01-17;1,625.40;1,604.52;1,607.68;;1;;
2020-01-16;1,613.61;1,596.42;1,602.40;;1;;
2020-01-15;1,618.56;1,602.74;1,603.65;;1;;
2020-01-14;1,621.03;1,610.63;1,616.64;;1;;
2020-01-13;1,625.70;1,613.69;1,618.98;;1;;
2020-01-10;1,634.10;1,609.46;1,609.46;;1;;
2020-01-09;1,646.96;1,632.38;1,632.38;;1;;
2020-01-08;1,636.48;1,621.00;1,632.93;;1;;
2020-01-07;1,653.14;1,630.98;1,643.05;;1;;
2020-01-06;1,627.83;1,602.00;1,626.71;;1;;
2020-01-03;1,662.67;1,642.78;1,643.99;;1;;
2020-01-02;1,674.63;1,661.99;1,671.05;;1;;
2019-12-30;1,675.34;1,660.58;1,660.63;;1;;
2019-12-27;1,673.35;1,659.83;1,673.35;;1;;
2019-12-23;1,667.41;1,651.85;1,663.08;;1;;
2019-12-20;1,661.92;1,649.84;1,651.94;;1;;
2019-12-19;1,663.04;1,647.49;1,653.72;;1;;
2019-12-18;1,687.78;1,656.41;1,661.01;;1;;
2019-12-17;1,706.69;1,686.06;1,689.57;;1;;
2019-12-16;1,711.15;1,685.74;1,704.34;;1;;
2019-12-13;1,711.69;1,680.62;1,682.25;;1;;
2019-12-12;1,688.56;1,659.98;1,686.87;;1;;
2019-12-11;1,667.62;1,656.28;1,661.04;;1;;
2019-12-10;1,664.66;1,642.64;1,663.76;;1;;
2019-12-09;1,680.64;1,659.45;1,665.73;;1;;
2019-12-06;1,676.82;1,634.87;1,676.82;;1;;
2019-12-05;1,634.02;1,614.66;1,633.48;;1;;
2019-12-04;1,623.88;1,602.55;1,613.03;;1;;
2019-12-03;1,628.90;1,599.04;1,601.63;;1;;
2019-12-02;1,638.97;1,612.17;1,615.80;;1;;
2019-11-29;1,625.15;1,608.76;1,609.51;;1;;
2019-11-28;1,631.75;1,618.22;1,628.18;;1;;
2019-11-27;1,629.14;1,617.25;1,627.59;;1;;
2019-11-26;1,621.33;1,598.94;1,621.33;;1;;
2019-11-25;1,620.12;1,601.98;1,601.98;;1;;
2019-11-22;1,607.90;1,577.72;1,600.91;;1;;
2019-11-21;1,603.77;1,591.68;1,592.20;;1;;
2019-11-20;1,616.86;1,597.38;1,613.18;;1;;
2019-11-19;1,621.21;1,604.92;1,608.42;;1;;
2019-11-18;1,614.33;1,598.65;1,604.88;;1;;
2019-11-15;1,613.10;1,579.74;1,611.43;;1;;
2019-11-14;1,586.81;1,571.10;1,578.59;;1;;
2019-11-13;1,587.82;1,575.43;1,581.91;;1;;
2019-11-12;1,590.73;1,569.75;1,588.98;;1;;
2019-11-11;1,578.00;1,565.17;1,568.87;;1;;
2019-11-08;1,575.00;1,564.58;1,570.73;;1;;
2019-11-07;1,570.62;1,546.23;1,568.53;;1;;
2019-11-06;1,560.77;1,538.67;1,542.62;;1;;
2019-11-05;1,571.40;1,559.94;1,561.31;;1;;
2019-11-04;1,562.44;1,538.65;1,561.78;;1;;
2019-11-01;1,533.73;1,490.88;1,533.49;;1;;
2019-10-31;1,489.76;1,471.57;1,478.79;;1;;
2019-10-30;1,492.43;1,476.58;1,480.71;;1;;
2019-10-29;1,496.08;1,477.08;1,492.60;;1;;
2019-10-28;1,498.19;1,467.72;1,497.56;;1;;
2019-10-25;1,471.07;1,461.14;1,471.07;;1;;
2019-10-24;1,476.35;1,460.30;1,460.61;;1;;
2019-10-23;1,472.52;1,456.21;1,464.44;;1;;
2019-10-22;1,471.98;1,459.65;1,462.67;;1;;
2019-10-21;1,477.03;1,424.28;1,474.95;;1;;
2019-10-18;1,438.69;1,422.93;1,427.11;;1;;
2019-10-17;1,442.24;1,420.66;1,429.25;;1;;
2019-10-16;1,437.42;1,422.60;1,431.84;;1;;
2019-10-15;1,442.55;1,419.35;1,442.55;;1;;
2019-10-14;1,423.45;1,406.22;1,416.97;;1;;
2019-10-11;1,423.62;1,396.87;1,422.84;;1;;
2019-10-10;1,400.30;1,381.48;1,400.30;;1;;
2019-10-09;1,390.73;1,366.36;1,382.44;;1;;
2019-10-08;1,396.46;1,364.53;1,372.45;;1;;
2019-10-07;1,391.24;1,379.49;1,390.25;;1;;
2019-10-04;1,387.02;1,369.47;1,384.26;;1;;
2019-10-03;1,381.73;1,364.08;1,373.44;;1;;
2019-10-02;1,415.43;1,377.76;1,379.52;;1;;
2019-10-01;1,456.44;1,418.25;1,418.25;;1;;
2019-09-30;1,447.49;1,440.91;1,446.97;;1;;
2019-09-27;1,447.50;1,436.69;1,441.75;;1;;
2019-09-26;1,442.47;1,426.37;1,435.35;;1;;
2019-09-25;1,437.21;1,418.06;1,426.21;;1;;
2019-09-24;1,455.58;1,440.92;1,443.13;;1;;
2019-09-23;1,453.60;1,435.91;1,442.73;;1;;
2019-09-20;1,457.26;1,450.47;1,456.55;;1;;
2019-09-19;1,461.18;1,451.42;1,452.69;;1;;
2019-09-18;1,460.76;1,447.06;1,453.89;;1;;
2019-09-17;1,471.86;1,454.30;1,465.36;;1;;
2019-09-16;1,482.52;1,466.29;1,473.09;;1;;
2019-09-13;1,490.33;1,472.21;1,490.33;;1;;
2019-09-12;1,491.60;1,461.15;1,469.61;;1;;
2019-09-11;1,487.46;1,457.93;1,481.31;;1;;
2019-09-10;1,464.33;1,443.50;1,453.23;;1;;
2019-09-09;1,472.47;1,460.18;1,472.47;;1;;
2019-09-06;1,469.12;1,456.89;1,461.86;;1;;
2019-09-05;1,468.52;1,439.00;1,465.13;;1;;
2019-09-04;1,446.43;1,431.55;1,439.14;;1;;
2019-09-03;1,427.41;1,413.73;1,422.36;;1;;
2019-09-02;1,433.30;1,417.30;1,420.91;;1;;
2019-08-30;1,417.78;1,400.64;1,416.49;;1;;
2019-08-29;1,405.92;1,390.01;1,402.29;;1;;
2019-08-28;1,405.29;1,385.29;1,395.66;;1;;
2019-08-27;1,406.63;1,392.11;1,405.67;;1;;
2019-08-26;1,403.87;1,376.41;1,395.84;;1;;
2019-08-23;1,439.74;1,408.14;1,411.73;;1;;
2019-08-22;1,443.25;1,419.78;1,436.40;;1;;
2019-08-21;1,428.59;1,408.84;1,427.66;;1;;
2019-08-20;1,417.33;1,403.18;1,408.88;;1;;
2019-08-19;1,411.26;1,385.58;1,411.26;;1;;
2019-08-16;1,394.19;1,356.80;1,391.92;;1;;
2019-08-15;1,409.31;1,337.31;1,347.56;;1;;
2019-08-14;1,390.40;1,375.47;1,378.59;;1;;
2019-08-13;1,395.90;1,365.72;1,393.46;;1;;
2019-08-12;1,407.22;1,370.01;1,378.82;;1;;
2019-08-09;1,417.03;1,388.83;1,389.00;;1;;
2019-08-08;1,412.28;1,401.85;1,410.97;;1;;
2019-08-07;1,412.65;1,392.72;1,401.67;;1;;
2019-08-06;1,410.09;1,387.08;1,402.91;;1;;
2019-08-05;1,420.37;1,384.44;1,384.44;;1;;
2019-08-02;1,461.42;1,425.09;1,430.70;;1;;
2019-08-01;1,476.88;1,459.69;1,476.79;;1;;
2019-07-31;1,462.68;1,449.75;1,460.48;;1;;
2019-07-30;1,473.13;1,448.27;1,448.27;;1;;
2019-07-29;1,480.72;1,472.94;1,473.86;;1;;
2019-07-26;1,490.62;1,477.56;1,480.02;;1;;
2019-07-25;1,496.48;1,475.10;1,485.57;;1;;
2019-07-24;1,479.70;1,465.72;1,479.70;;1;;
2019-07-23;1,480.26;1,462.12;1,480.26;;1;;
2019-07-22;1,468.74;1,459.51;1,462.17;;1;;
2019-07-19;1,467.92;1,454.67;1,462.04;;1;;
2019-07-18;1,474.38;1,457.54;1,464.63;;1;;
2019-07-17;1,502.47;1,482.10;1,482.64;;1;;
2019-07-16;1,498.86;1,481.78;1,498.86;;1;;
2019-07-15;1,488.61;1,474.71;1,487.07;;1;;
2019-07-12;1,483.01;1,471.16;1,471.16;;1;;
2019-07-11;1,484.31;1,471.97;1,473.60;;1;;
2019-07-10;1,478.68;1,460.62;1,477.02;;1;;
2019-07-09;1,483.42;1,457.75;1,462.28;;1;;
2019-07-08;1,496.57;1,477.46;1,484.16;;1;;
2019-07-05;1,509.85;1,482.50;1,487.35;;1;;
2019-07-04;1,514.85;1,503.02;1,507.67;;1;;
2019-07-03;1,515.71;1,496.71;1,508.61;;1;;
2019-07-02;1,516.26;1,496.79;1,505.38;;1;;
2019-07-01;1,537.21;1,507.38;1,512.78;;1;;
2019-06-28;1,508.81;1,480.32;1,508.81;;1;;
2019-06-27;1,490.75;1,479.95;1,484.24;;1;;
2019-06-26;1,483.35;1,464.03;1,480.48;;1;;
2019-06-25;1,481.35;1,466.35;1,474.13;;1;;
2019-06-24;1,509.32;1,480.45;1,484.64;;1;;
2019-06-21;1,499.61;1,488.27;1,495.92;;1;;
2019-06-20;1,504.30;1,488.42;1,497.60;;1;;
2019-06-19;1,486.76;1,460.50;1,483.51;;1;;
2019-06-18;1,469.72;1,426.00;1,467.14;;1;;
2019-06-17;1,444.75;1,437.17;1,442.37;;1;;
2019-06-14;1,432.50;1,419.83;1,432.42;;1;;
2019-06-13;1,438.64;1,425.17;1,428.42;;1;;
2019-06-12;1,434.08;1,413.74;1,426.17;;1;;
2019-06-11;1,444.50;1,430.86;1,432.61;;1;;
2019-06-07;1,432.74;1,404.93;1,432.74;;1;;
2019-06-06;1,419.74;1,397.46;1,402.54;;1;;
2019-06-04;1,399.05;1,373.75;1,397.36;;1;;
2019-06-03;1,403.83;1,366.98;1,382.03;;1;;
2019-05-29;1,431.43;1,408.28;1,410.92;;1;;
2019-05-28;1,433.57;1,410.82;1,433.57;;1;;
2019-05-27;1,440.19;1,415.49;1,415.49;;1;;
2019-05-24;1,459.08;1,431.90;1,441.67;;1;;
2019-05-23;1,482.01;1,446.12;1,448.96;;1;;
2019-05-22;1,489.55;1,479.55;1,482.63;;1;;
2019-05-21;1,477.25;1,459.79;1,475.78;;1;;
2019-05-20;1,491.81;1,456.19;1,465.81;;1;;
2019-05-16;1,496.82;1,472.25;1,496.82;;1;;
2019-05-15;1,493.55;1,461.50;1,477.16;;1;;
2019-05-14;1,488.10;1,474.59;1,482.00;;1;;
2019-05-13;1,509.38;1,468.97;1,473.63;;1;;
2019-05-10;1,519.99;1,506.64;1,511.14;;1;;
2019-05-09;1,534.55;1,501.39;1,508.07;;1;;
2019-05-08;1,545.55;1,528.54;1,537.46;;1;;
2019-05-07;1,547.34;1,527.28;1,530.98;;1;;
2019-05-06;1,542.29;1,520.70;1,533.88;;1;;
2019-05-03;1,569.99;1,561.55;1,564.16;;1;;
2019-05-02;1,569.65;1,553.59;1,568.63;;1;;
2019-05-01;1,575.84;1,562.53;1,567.07;;1;;
2019-04-30;1,580.03;1,550.26;1,560.40;;1;;
2019-04-29;1,560.74;1,547.22;1,554.62;;1;;
2019-04-26;1,561.50;1,542.92;1,559.21;;1;;
2019-04-25;1,554.86;1,542.54;1,548.32;;1;;
2019-04-24;1,556.61;1,546.13;1,546.26;;1;;
2019-04-23;1,558.58;1,543.84;1,552.04;;1;;
2019-04-17;1,559.81;1,538.47;1,557.00;;1;;
2019-04-16;1,542.91;1,527.72;1,542.82;;1;;
2019-04-15;1,534.09;1,520.26;1,529.36;;1;;
2019-04-12;1,520.71;1,500.12;1,519.66;;1;;
2019-04-11;1,508.16;1,490.10;1,506.38;;1;;
2019-04-10;1,500.75;1,489.74;1,500.17;;1;;
2019-04-09;1,501.75;1,482.73;1,488.99;;1;;
2019-04-08;1,497.87;1,488.64;1,496.03;;1;;
2019-04-05;1,507.60;1,490.58;1,490.58;;1;;
2019-04-04;1,497.71;1,490.44;1,492.58;;1;;
2019-04-03;1,509.90;1,480.59;1,500.40;;1;;
2019-04-02;1,492.63;1,457.51;1,492.37;;1;;
2019-04-01;1,462.08;1,420.45;1,462.08;;1;;
2019-03-29;1,433.28;1,419.40;1,426.28;;1;;
2019-03-28;1,443.33;1,418.30;1,419.76;;1;;
2019-03-27;1,447.37;1,427.56;1,435.91;;1;;
2019-03-26;1,441.87;1,428.08;1,428.08;;1;;
2019-03-25;1,440.23;1,421.77;1,437.71;;1;;
2019-03-22;1,478.24;1,449.88;1,452.25;;1;;
2019-03-21;1,477.37;1,458.79;1,470.59;;1;;
2019-03-20;1,487.65;1,472.60;1,476.55;;1;;
2019-03-19;1,495.66;1,481.74;1,495.30;;1;;
2019-03-18;1,485.97;1,477.85;1,480.64;;1;;
2019-03-15;1,482.22;1,467.92;1,474.79;;1;;
2019-03-14;1,469.05;1,455.97;1,468.62;;1;;
2019-03-13;1,455.10;1,445.20;1,455.10;;1;;
2019-03-12;1,451.93;1,438.91;1,451.39;;1;;
2019-03-11;1,443.52;1,432.72;1,436.28;;1;;
2019-03-08;1,450.87;1,424.96;1,433.91;;1;;
2019-03-07;1,474.98;1,448.72;1,450.91;;1;;
2019-03-06;1,479.66;1,470.48;1,474.83;;1;;
2019-03-05;1,482.89;1,474.05;1,479.29;;1;;
2019-03-04;1,480.05;1,462.93;1,480.05;;1;;
2019-03-01;1,474.44;1,457.30;1,461.00;;1;;
2019-02-28;1,466.25;1,450.66;1,466.25;;1;;
2019-02-27;1,474.70;1,461.49;1,464.46;;1;;
2019-02-26;1,474.51;1,459.80;1,471.13;;1;;
2019-02-25;1,486.52;1,472.12;1,483.21;;1;;
2019-02-22;1,474.79;1,443.58;1,472.55;;1;;
2019-02-21;1,480.40;1,421.64;1,433.97;;1;;
2019-02-20;1,490.15;1,471.61;1,489.92;;1;;
2019-02-19;1,470.72;1,452.09;1,469.13;;1;;
2019-02-18;1,472.82;1,454.57;1,466.97;;1;;
2019-02-15;1,463.73;1,433.48;1,462.29;;1;;
2019-02-14;1,444.84;1,423.66;1,444.55;;1;;
2019-02-13;1,428.41;1,411.77;1,420.85;;1;;
2019-02-12;1,423.86;1,410.56;1,422.00;;1;;
2019-02-11;1,411.60;1,399.65;1,405.17;;1;;
2019-02-08;1,426.46;1,394.56;1,394.95;;1;;
2019-02-07;1,441.89;1,427.03;1,428.48;;1;;
2019-02-06;1,463.48;1,441.68;1,441.68;;1;;
2019-02-05;1,451.95;1,433.69;1,451.45;;1;;
2019-02-04;1,438.60;1,420.05;1,435.18;;1;;
2019-02-01;1,442.79;1,429.83;1,438.86;;1;;
2019-01-31;1,450.42;1,422.93;1,422.93;;1;;
2019-01-30;1,446.05;1,435.89;1,446.05;;1;;
2019-01-29;1,441.23;1,431.62;1,438.26;;1;;
2019-01-28;1,454.03;1,433.97;1,433.97;;1;;
2019-01-25;1,452.05;1,434.69;1,445.90;;1;;
2019-01-24;1,444.12;1,426.50;1,431.14;;1;;
2019-01-23;1,437.52;1,425.41;1,435.26;;1;;
2019-01-22;1,449.64;1,427.31;1,428.60;;1;;
2019-01-21;1,452.27;1,443.68;1,450.26;;1;;
2019-01-18;1,443.98;1,426.80;1,438.00;;1;;
2019-01-17;1,423.75;1,406.73;1,419.58;;1;;
2019-01-16;1,420.88;1,388.98;1,414.56;;1;;
2019-01-15;1,398.68;1,382.81;1,387.56;;1;;
2019-01-14;1,399.41;1,385.17;1,395.37;;1;;
2019-01-11;1,417.13;1,395.38;1,402.54;;1;;
2019-01-10;1,415.65;1,401.43;1,408.16;;1;;
2019-01-09;1,424.24;1,405.24;1,415.51;;1;;
2019-01-08;1,411.38;1,377.76;1,399.23;;1;;
2019-01-07;1,377.84;1,349.41;1,377.01;;1;;
2019-01-04;1,362.43;1,324.00;1,362.43;;1;;
2019-01-03;1,329.50;1,306.95;1,309.46;;1;;
2019-01-02;1,335.45;1,299.65;1,330.90;;1;;
2018-12-28;1,324.90;1,297.88;1,313.42;;1;;
2018-12-27;1,316.88;1,285.12;1,285.12;;1;;
2018-12-21;1,316.44;1,302.55;1,306.38;;1;;
2018-12-20;1,356.43;1,317.05;1,323.95;;1;;
2018-12-19;1,386.20;1,361.38;1,362.67;;1;;
2018-12-18;1,395.40;1,379.71;1,386.46;;1;;
2018-12-17;1,408.88;1,391.89;1,393.28;;1;;
2018-12-14;1,421.05;1,398.32;1,413.19;;1;;
2018-12-13;1,431.62;1,418.89;1,425.15;;1;;
2018-12-12;1,420.65;1,408.08;1,419.90;;1;;
2018-12-11;1,421.87;1,391.11;1,415.11;;1;;
2018-12-10;1,428.42;1,390.52;1,390.52;;1;;
2018-12-07;1,437.58;1,406.04;1,428.47;;1;;
2018-12-06;1,437.90;1,399.71;1,407.85;;1;;
2018-12-05;1,458.99;1,431.26;1,451.31;;1;;
2018-12-04;1,481.23;1,457.39;1,460.67;;1;;
2018-12-03;1,514.90;1,478.95;1,484.42;;1;;
2018-11-30;1,499.70;1,460.61;1,463.32;;1;;
2018-11-29;1,506.49;1,489.82;1,499.50;;1;;
2018-11-28;1,501.95;1,485.32;1,489.92;;1;;
2018-11-27;1,496.22;1,479.73;1,495.42;;1;;
2018-11-26;1,490.74;1,456.76;1,490.74;;1;;
2018-11-23;1,451.03;1,437.22;1,447.79;;1;;
2018-11-22;1,462.25;1,438.84;1,455.68;;1;;
2018-11-21;1,447.63;1,426.52;1,447.63;;1;;
2018-11-20;1,460.08;1,413.97;1,437.73;;1;;
2018-11-19;1,479.45;1,462.21;1,462.21;;1;;
2018-11-16;1,480.52;1,467.92;1,472.44;;1;;
2018-11-15;1,494.82;1,461.89;1,462.60;;1;;
2018-11-14;1,507.25;1,471.14;1,484.02;;1;;
2018-11-13;1,503.93;1,476.51;1,485.67;;1;;
2018-11-12;1,513.11;1,490.73;1,490.73;;1;;
2018-11-09;1,501.56;1,476.96;1,500.42;;1;;
2018-11-08;1,520.76;1,490.91;1,502.34;;1;;
2018-11-07;1,503.36;1,481.70;1,490.15;;1;;
2018-11-06;1,487.10;1,473.98;1,483.84;;1;;
2018-11-05;1,505.44;1,480.15;1,485.37;;1;;
2018-11-02;1,526.45;1,499.48;1,511.70;;1;;
2018-11-01;1,492.90;1,464.52;1,492.90;;1;;
2018-10-31;1,469.25;1,442.51;1,465.87;;1;;
2018-10-30;1,449.12;1,413.50;1,438.06;;1;;
2018-10-29;1,460.54;1,414.78;1,450.59;;1;;
2018-10-26;1,426.86;1,399.01;1,407.71;;1;;
2018-10-25;1,428.91;1,397.87;1,423.14;;1;;
2018-10-24;1,434.59;1,410.49;1,423.56;;1;;
2018-10-23;1,453.74;1,413.35;1,415.26;;1;;
2018-10-22;1,493.12;1,462.24;1,469.96;;1;;
2018-10-19;1,505.27;1,463.79;1,476.95;;1;;
2018-10-18;1,509.55;1,495.56;1,505.33;;1;;
2018-10-17;1,524.97;1,498.17;1,504.37;;1;;
2018-10-16;1,519.94;1,480.26;1,519.94;;1;;
2018-10-15;1,487.68;1,470.39;1,480.48;;1;;
2018-10-12;1,496.24;1,479.89;1,483.43;;1;;
2018-10-11;1,480.77;1,427.09;1,473.42;;1;;
2018-10-10;1,519.91;1,478.55;1,478.55;;1;;
2018-10-09;1,521.55;1,501.66;1,519.41;;1;;
2018-10-08;1,537.23;1,491.74;1,509.06;;1;;
2018-10-05;1,572.97;1,537.97;1,537.97;;1;;
2018-10-04;1,609.54;1,565.63;1,567.06;;1;;
2018-10-03;1,623.29;1,607.57;1,612.84;;1;;
2018-10-02;1,622.51;1,599.70;1,622.19;;1;;
2018-10-01;1,629.83;1,604.39;1,618.27;;1;;
2018-09-28;1,618.56;1,602.21;1,605.15;;1;;
2018-09-27;1,621.84;1,601.21;1,615.92;;1;;
2018-09-26;1,623.73;1,611.26;1,615.66;;1;;
2018-09-25;1,633.50;1,622.73;1,623.38;;1;;
2018-09-24;1,637.29;1,623.49;1,624.36;;1;;
2018-09-21;1,649.99;1,636.23;1,636.23;;1;;
2018-09-20;1,633.73;1,617.10;1,629.74;;1;;
2018-09-19;1,627.72;1,608.13;1,622.57;;1;;
2018-09-18;1,620.41;1,600.78;1,618.90;;1;;
2018-09-17;1,611.09;1,592.79;1,600.68;;1;;
2018-09-14;1,623.08;1,603.42;1,604.69;;1;;
2018-09-13;1,627.17;1,615.94;1,620.65;;1;;
2018-09-12;1,618.97;1,599.37;1,613.81;;1;;
2018-09-11;1,623.56;1,590.50;1,594.84;;1;;
2018-09-10;1,625.61;1,614.74;1,618.16;;1;;
2018-09-07;1,633.41;1,606.15;1,622.79;;1;;
2018-09-06;1,638.59;1,619.45;1,629.69;;1;;
2018-09-05;1,640.04;1,621.01;1,624.60;;1;;
2018-09-04;1,671.00;1,630.60;1,639.67;;1;;
2018-09-03;1,678.45;1,658.95;1,664.48;;1;;
2018-08-31;1,690.68;1,677.30;1,678.35;;1;;
2018-08-30;1,694.42;1,670.41;1,694.42;;1;;
2018-08-29;1,685.40;1,664.39;1,680.49;;1;;
2018-08-28;1,677.79;1,653.75;1,677.79;;1;;
2018-08-27;1,660.82;1,631.98;1,654.25;;1;;
2018-08-24;1,633.40;1,617.23;1,632.14;;1;;
2018-08-23;1,623.06;1,609.91;1,617.18;;1;;
2018-08-22;1,623.28;1,608.50;1,616.84;;1;;
2018-08-21;1,617.03;1,595.25;1,607.26;;1;;
2018-08-20;1,608.73;1,585.55;1,602.20;;1;;
2018-08-17;1,593.27;1,578.42;1,580.75;;1;;
2018-08-16;1,572.84;1,555.71;1,572.77;;1;;
2018-08-15;1,582.48;1,558.71;1,558.71;;1;;
2018-08-14;1,605.21;1,578.94;1,580.62;;1;;
2018-08-13;1,606.56;1,581.08;1,589.50;;1;;
2018-08-10;1,640.04;1,606.76;1,612.58;;1;;
2018-08-09;1,649.84;1,633.91;1,649.84;;1;;
2018-08-08;1,638.77;1,611.08;1,636.56;;1;;
2018-08-07;1,617.26;1,549.53;1,614.32;;1;;
2018-08-06;1,603.04;1,584.89;1,587.41;;1;;
2018-08-03;1,615.08;1,596.81;1,596.81;;1;;
2018-08-02;1,612.57;1,601.53;1,605.65;;1;;
2018-08-01;1,631.56;1,614.14;1,621.76;;1;;
2018-07-31;1,614.77;1,587.69;1,613.67;;1;;
2018-07-30;1,592.73;1,581.25;1,588.13;;1;;
2018-07-27;1,599.82;1,584.69;1,594.05;;1;;
2018-07-26;1,602.30;1,570.13;1,586.26;;1;;
2018-07-25;1,556.75;1,540.57;1,554.42;;1;;
2018-07-24;1,552.81;1,537.06;1,544.39;;1;;
2018-07-23;1,544.93;1,530.13;1,536.94;;1;;
2018-07-20;1,552.15;1,536.67;1,550.15;;1;;
2018-07-19;1,556.34;1,528.25;1,547.03;;1;;
2018-07-18;1,527.52;1,514.13;1,526.99;;1;;
2018-07-17;1,517.40;1,502.40;1,517.40;;1;;
2018-07-16;1,517.63;1,495.19;1,495.53;;1;;
2018-07-13;1,513.76;1,493.89;1,511.75;;1;;
2018-07-12;1,499.73;1,484.86;1,490.71;;1;;
2018-07-11;1,486.98;1,470.92;1,472.47;;1;;
2018-07-10;1,502.88;1,489.37;1,499.73;;1;;
2018-07-09;1,505.29;1,482.20;1,493.51;;1;;
2018-07-06;1,482.87;1,467.23;1,474.40;;1;;
2018-07-05;1,500.84;1,475.71;1,478.80;;1;;
2018-07-04;1,501.50;1,491.05;1,494.65;;1;;
2018-07-03;1,506.02;1,492.52;1,500.52;;1;;
2018-07-02;1,498.28;1,483.37;1,491.25;;1;;
2018-06-29;1,532.97;1,480.20;1,504.72;;1;;
2018-06-28;1,536.54;1,509.57;1,512.69;;1;;
2018-06-27;1,534.44;1,497.61;1,533.13;;1;;
2018-06-26;1,543.25;1,517.00;1,523.34;;1;;
2018-06-25;1,562.68;1,542.25;1,542.25;;1;;
2018-06-22;1,584.98;1,564.02;1,567.15;;1;;
2018-06-21;1,593.22;1,577.02;1,577.02;;1;;
2018-06-20;1,596.96;1,580.52;1,589.00;;1;;
2018-06-19;1,594.63;1,564.09;1,566.26;;1;;
2018-06-18;1,639.70;1,604.80;1,609.50;;1;;
2018-06-15;1,653.01;1,637.48;1,649.81;;1;;
2018-06-14;1,650.58;1,629.27;1,648.05;;1;;
2018-06-13;1,637.01;1,617.61;1,636.42;;1;;
2018-06-12;1,624.03;1,610.27;1,620.31;;1;;
2018-06-11;1,615.56;1,607.47;1,608.40;;1;;
2018-06-08;1,615.35;1,607.67;1,608.21;;1;;
2018-06-07;1,632.81;1,616.62;1,618.80;;1;;
2018-06-06;1,648.88;1,629.52;1,632.34;;1;;
2018-06-04;1,643.29;1,631.02;1,639.30;;1;;
2018-06-01;1,630.13;1,590.85;1,630.13;;1;;
2018-05-31;1,609.30;1,589.21;1,591.37;;1;;
2018-05-30;1,584.38;1,575.19;1,584.38;;1;;
2018-05-29;1,585.81;1,571.31;1,580.92;;1;;
2018-05-28;1,600.87;1,590.49;1,591.16;;1;;
2018-05-25;1,606.41;1,594.42;1,597.12;;1;;
2018-05-24;1,611.76;1,586.29;1,586.29;;1;;
2018-05-23;1,603.67;1,582.27;1,600.95;;1;;
2018-05-22;1,598.54;1,573.87;1,596.37;;1;;
2018-05-18;1,588.89;1,559.14;1,562.30;;1;;
2018-05-17;1,611.50;1,556.97;1,579.48;;1;;
2018-05-16;1,635.16;1,618.32;1,628.94;;1;;
2018-05-15;1,638.53;1,624.95;1,631.31;;1;;
2018-05-14;1,674.55;1,634.06;1,635.08;;1;;
2018-05-09;1,651.79;1,638.94;1,650.65;;1;;
2018-05-08;1,634.27;1,605.73;1,633.82;;1;;
2018-05-07;1,605.54;1,584.70;1,605.54;;1;;
2018-05-04;1,601.21;1,583.65;1,585.30;;1;;
2018-05-03;1,604.91;1,594.02;1,595.52;;1;;
2018-05-02;1,601.91;1,592.14;1,599.11;;1;;
2018-05-01;1,597.18;1,573.31;1,592.39;;1;;
2018-04-30;1,579.06;1,567.88;1,573.65;;1;;
2018-04-26;1,551.09;1,533.24;1,550.99;;1;;
2018-04-25;1,546.23;1,524.05;1,532.47;;1;;
2018-04-24;1,550.56;1,538.80;1,543.39;;1;;
2018-04-23;1,547.22;1,528.70;1,546.19;;1;;
2018-04-20;1,538.80;1,522.63;1,537.41;;1;;
2018-04-19;1,530.81;1,511.88;1,522.16;;1;;
2018-04-18;1,510.42;1,500.88;1,508.84;;1;;
2018-04-17;1,506.68;1,493.82;1,504.46;;1;;
2018-04-16;1,515.45;1,496.81;1,498.48;;1;;
2018-04-13;1,524.41;1,505.03;1,507.16;;1;;
2018-04-12;1,517.18;1,506.03;1,513.13;;1;;
2018-04-11;1,517.08;1,506.55;1,506.74;;1;;
2018-04-10;1,525.51;1,514.58;1,520.87;;1;;
2018-04-09;1,523.44;1,514.11;1,521.07;;1;;
2018-04-06;1,513.79;1,500.59;1,511.08;;1;;
2018-04-05;1,518.39;1,493.95;1,518.39;;1;;
2018-04-04;1,506.78;1,481.63;1,486.23;;1;;
2018-04-03;1,513.30;1,494.98;1,504.84;;1;;
2018-03-28;1,519.06;1,497.13;1,515.64;;1;;
2018-03-27;1,537.90;1,509.23;1,511.24;;1;;
2018-03-26;1,528.17;1,514.62;1,515.16;;1;;
2018-03-23;1,512.76;1,478.69;1,508.52;;1;;
2018-03-22;1,533.70;1,515.44;1,516.37;;1;;
2018-03-21;1,531.12;1,523.06;1,524.95;;1;;
2018-03-20;1,531.40;1,499.74;1,522.65;;1;;
2018-03-19;1,541.54;1,525.55;1,527.66;;1;;
2018-03-16;1,542.79;1,524.33;1,540.69;;1;;
2018-03-15;1,531.48;1,517.12;1,530.32;;1;;
2018-03-14;1,532.23;1,522.55;1,522.55;;1;;
2018-03-13;1,549.01;1,528.48;1,529.38;;1;;
2018-03-12;1,544.67;1,531.34;1,535.50;;1;;
2018-03-09;1,539.94;1,525.28;1,536.56;;1;;
2018-03-08;1,534.83;1,520.44;1,534.83;;1;;
2018-03-07;1,532.73;1,516.11;1,526.00;;1;;
2018-03-06;1,551.35;1,531.73;1,538.91;;1;;
2018-03-05;1,536.97;1,519.74;1,527.78;;1;;
2018-03-02;1,546.79;1,519.53;1,525.74;;1;;
2018-03-01;1,572.37;1,555.45;1,563.77;;1;;
2018-02-28;1,581.07;1,567.65;1,572.40;;1;;
2018-02-27;1,591.39;1,569.69;1,580.56;;1;;
2018-02-26;1,596.01;1,587.93;1,589.92;;1;;
2018-02-23;1,587.65;1,574.99;1,584.53;;1;;
2018-02-22;1,581.69;1,567.82;1,577.02;;1;;
2018-02-21;1,603.05;1,580.13;1,584.27;;1;;
2018-02-20;1,617.24;1,598.08;1,608.09;;1;;
2018-02-19;1,643.36;1,623.14;1,624.97;;1;;
2018-02-16;1,635.68;1,608.52;1,635.68;;1;;
2018-02-15;1,617.73;1,596.69;1,603.55;;1;;
2018-02-14;1,600.90;1,578.80;1,600.52;;1;;
2018-02-13;1,608.77;1,584.79;1,591.19;;1;;
2018-02-12;1,617.11;1,591.97;1,606.15;;1;;
2018-02-09;1,575.22;1,524.80;1,568.18;;1;;
2018-02-08;1,590.89;1,561.04;1,567.55;;1;;
2018-02-07;1,592.21;1,564.17;1,590.25;;1;;
2018-02-06;1,568.18;1,528.48;1,559.88;;1;;
2018-02-05;1,577.87;1,558.45;1,576.02;;1;;
2018-02-02;1,611.04;1,581.06;1,583.75;;1;;
2018-02-01;1,636.14;1,604.55;1,608.05;;1;;
2018-01-31;1,643.23;1,623.51;1,624.29;;1;;
2018-01-30;1,658.71;1,633.92;1,634.48;;1;;
2018-01-29;1,679.98;1,664.33;1,666.20;;1;;
2018-01-26;1,679.81;1,662.50;1,672.78;;1;;
2018-01-25;1,681.98;1,664.81;1,667.92;;1;;
2018-01-24;1,684.62;1,674.94;1,680.93;;1;;
2018-01-23;1,673.33;1,655.14;1,662.58;;1;;
2018-01-22;1,654.98;1,645.64;1,650.81;;1;;
2018-01-19;1,656.17;1,648.41;1,654.52;;1;;
2018-01-18;1,654.98;1,648.77;1,653.35;;1;;
2018-01-17;1,653.73;1,645.94;1,648.98;;1;;
2018-01-16;1,663.58;1,653.05;1,658.08;;1;;
2018-01-15;1,669.91;1,658.98;1,661.24;;1;;
2018-01-12;1,683.00;1,668.26;1,668.26;;1;;
2018-01-11;1,676.15;1,661.61;1,674.62;;1;;
2018-01-10;1,697.79;1,663.46;1,673.71;;1;;
2018-01-09;1,720.53;1,695.39;1,696.25;;1;;
2018-01-08;1,710.58;1,677.74;1,700.47;;1;;
2018-01-05;1,674.84;1,666.66;1,674.07;;1;;
2018-01-04;1,672.10;1,648.65;1,669.01;;1;;
2018-01-03;1,652.26;1,640.74;1,644.19;;1;;
2018-01-02;1,645.91;1,629.88;1,642.13;;1;