sep=;
Date;Highprice;Lowprice;Closingprice;Averageprice;Totalvolume;Turnover;
2023-09-04;97.66;97.22;97.38;97.53;50,676;4,942,375;
2023-09-01;97.58;97.32;97.32;97.43;4,808;468,445;
2023-08-31;97.68;97.34;97.44;97.51;28,527;2,781,760;
2023-08-30;97.44;97.10;97.44;97.16;49,082;4,768,837;
2023-08-29;97.40;97.10;97.30;97.18;19,525;1,897,437;
2023-08-28;97.22;97.02;97.04;97.10;7,285;707,349;
2023-08-25;97.30;96.54;97.08;97.11;18,679;1,813,962;
2023-08-24;97.42;96.98;96.98;97.23;18,252;1,774,584;
2023-08-23;97.16;96.72;96.94;96.94;35,016;3,394,492;
2023-08-22;96.72;96.40;96.60;96.46;34,699;3,347,065;
2023-08-21;96.72;96.36;96.40;96.52;13,499;1,302,907;
2023-08-18;96.90;96.66;96.72;96.74;6,106;590,671;
2023-08-17;96.76;96.44;96.72;96.62;18,863;1,822,511;
2023-08-16;96.96;96.66;96.80;96.80;43,163;4,178,311;
2023-08-15;97.00;96.54;96.88;96.76;18,919;1,830,559;
2023-08-14;97.40;97.04;97.04;97.33;67,357;6,555,990;
2023-08-11;97.50;97.10;97.10;97.36;15,650;1,523,713;
2023-08-10;97.80;97.44;97.80;97.64;707,388;69,068,964;
2023-08-09;98.00;97.42;97.54;97.68;13,808;1,348,808;
2023-08-08;97.68;97.40;97.42;97.58;40,723;3,973,565;
2023-08-07;97.50;97.10;97.18;97.27;21,594;2,100,508;
2023-08-04;97.80;96.90;97.10;97.11;9,512;923,731;
2023-08-03;97.56;97.16;97.16;97.41;15,247;1,485,143;
2023-08-02;97.76;97.46;97.68;97.61;7,688;750,427;
2023-08-01;98.20;97.86;97.86;98.01;15,079;1,477,901;
2023-07-31;98.00;97.74;97.90;97.89;9,478;927,760;
2023-07-28;98.02;97.80;97.98;97.89;7,781;761,714;
2023-07-27;98.14;97.76;98.12;97.94;17,213;1,685,867;
2023-07-26;98.18;97.80;97.92;97.97;11,580;1,134,550;
2023-07-25;98.12;97.90;98.12;98.07;8,452;828,858;
2023-07-24;98.14;97.70;97.90;97.87;7,164;701,135;
2023-07-21;97.84;97.46;97.80;97.69;26,810;2,619,092;
2023-07-20;98.00;97.76;97.76;97.98;9,650;945,506;
2023-07-19;98.18;97.96;97.98;98.10;12,739;1,249,715;
2023-07-18;98.00;97.50;97.64;97.82;12,688;1,241,127;
2023-07-17;97.54;96.50;97.50;97.33;11,449;1,114,289;
2023-07-14;97.36;97.06;97.20;97.28;2,114;205,660;
2023-07-13;97.12;96.82;97.06;96.98;12,633;1,225,114;
2023-07-12;97.50;96.06;96.72;96.64;20,080;1,940,511;
2023-07-11;96.50;95.02;96.06;96.14;15,055;1,447,391;
2023-07-10;95.92;95.50;95.70;95.90;60,064;5,759,988;
2023-07-07;95.94;95.50;95.50;95.70;7,681;735,065;
2023-07-06;96.80;95.82;95.82;96.32;30,731;2,960,037;
2023-07-05;96.94;96.62;96.70;96.84;13,801;1,336,519;
2023-07-04;96.92;96.68;96.90;96.76;51,560;4,988,696;
2023-07-03;97.00;96.02;96.80;96.71;18,608;1,799,571;
2023-06-30;96.72;96.50;96.64;96.56;23,593;2,278,041;
2023-06-29;96.88;96.56;96.74;96.71;30,810;2,979,598;
2023-06-28;96.92;96.58;96.60;96.68;18,736;1,811,467;
2023-06-27;96.98;96.74;96.98;96.86;25,036;2,425,080;
2023-06-26;97.00;96.72;96.82;96.90;19,943;1,932,475;
2023-06-23;97.00;96.54;97.00;96.79;28,543;2,762,781;
2023-06-22;96.74;96.38;96.54;96.52;9,061;874,554;
2023-06-21;96.88;96.56;96.74;96.65;61,949;5,987,259;
2023-06-20;96.84;96.54;96.60;96.68;35,460;3,428,178;
2023-06-19;96.96;96.68;96.84;96.80;24,853;2,405,654;
2023-06-16;96.94;96.64;96.66;96.76;9,846;952,694;
2023-06-15;97.18;96.78;96.94;97.01;17,457;1,693,578;
2023-06-14;97.36;97.18;97.24;97.26;25,296;2,460,340;
2023-06-13;97.46;97.08;97.32;97.32;27,248;2,651,676;
2023-06-12;97.28;97.00;97.28;97.19;17,719;1,722,031;
2023-06-09;97.06;96.76;96.88;96.94;22,412;2,172,595;
2023-06-08;96.86;96.56;96.64;96.82;34,921;3,380,891;
2023-06-07;96.94;96.56;96.56;96.82;66,619;6,449,783;
2023-06-06;96.82;96.50;96.50;96.61;27,129;2,620,824;
2023-06-02;96.44;96.00;96.36;96.37;27,258;2,626,808;
2023-06-01;96.36;95.98;96.22;96.14;18,087;1,738,955;
2023-05-31;96.10;95.70;96.08;95.85;23,322;2,235,413;
2023-05-30;95.90;95.62;95.68;95.68;37,064;3,546,274;
2023-05-26;95.44;95.12;95.18;95.34;35,493;3,383,735;
2023-05-25;95.80;95.10;95.46;95.46;46,312;4,420,825;
2023-05-24;96.00;95.50;95.94;95.84;14,879;1,426,002;
2023-05-23;95.78;95.52;95.78;95.67;17,938;1,716,157;
2023-05-22;96.02;95.70;95.84;95.92;17,696;1,697,326;
2023-05-17;96.30;95.98;95.98;96.05;33,344;3,202,558;
2023-05-16;96.46;96.02;96.02;96.23;23,908;2,300,782;
2023-05-15;96.22;95.50;95.96;96.15;35,717;3,434,297;
2023-05-12;96.20;96.06;96.14;96.14;10,131;973,994;
2023-05-11;96.30;95.92;96.30;96.24;11,668;1,122,979;
2023-05-10;96.06;95.62;96.02;95.97;32,205;3,090,804;
2023-05-09;96.14;95.86;96.04;96.10;21,348;2,051,541;
2023-05-08;96.04;95.74;95.98;95.98;136,220;13,074,687;
2023-05-04;96.04;95.58;95.98;95.90;7,261;696,315;
2023-05-03;95.80;95.50;95.52;95.64;35,213;3,367,915;
2023-05-02;95.68;95.52;95.68;95.64;10,759;1,029,007;
2023-05-01;95.92;95.62;95.68;95.69;10,334;988,814;
2023-04-28;95.78;95.44;95.56;95.68;6,373;609,774;
2023-04-27;95.64;95.34;95.54;95.43;5,651;539,275;
2023-04-26;95.76;95.46;95.46;95.55;18,823;1,798,614;
2023-04-25;95.64;95.30;95.30;95.48;23,435;2,237,567;
2023-04-24;95.70;95.26;95.26;95.47;26,990;2,576,623;
2023-04-21;95.60;95.40;95.40;95.48;2,084;198,980;
2023-04-20;95.60;95.32;95.40;95.34;23,077;2,200,161;
2023-04-19;95.80;95.50;95.52;95.59;23,539;2,250,027;
2023-04-18;95.94;95.60;95.66;95.76;12,954;1,240,432;
2023-04-17;96.10;95.68;95.68;95.85;3,534;338,745;
2023-04-14;96.20;95.92;95.98;96.05;28,046;2,693,832;
2023-04-13;96.22;95.84;96.20;96.01;9,616;923,263;
2023-04-12;96.28;95.84;95.94;96.07;8,855;850,710;
2023-04-11;96.28;95.84;96.10;96.24;38,854;3,739,306;
2023-04-05;96.56;96.00;96.56;96.32;29,311;2,823,268;
2023-04-04;96.40;96.16;96.28;96.31;4,213;405,741;
2023-04-03;96.20;95.76;96.10;95.95;13,224;1,268,805;
2023-03-31;95.84;95.30;95.84;95.47;4,606;439,723;
2023-03-30;95.60;95.00;95.44;95.48;8,850;845,003;
2023-03-29;95.46;95.02;95.10;95.38;24,653;2,351,458;
2023-03-28;95.46;95.20;95.46;95.34;11,826;1,127,478;
2023-03-27;95.68;95.36;95.36;95.45;43,522;4,154,069;
2023-03-24;95.78;95.46;95.50;95.69;42,543;4,070,758;
2023-03-23;95.32;94.80;95.32;95.11;15,409;1,465,535;
2023-03-22;94.68;94.50;94.64;94.57;12,274;1,160,711;
2023-03-21;94.72;94.44;94.48;94.62;44,332;4,194,672;
2023-03-20;95.38;94.20;95.14;94.93;25,982;2,466,400;
2023-03-17;95.64;94.94;95.38;95.21;28,604;2,723,395;
2023-03-16;95.36;94.64;95.08;95.11;9,136;868,931;
2023-03-15;95.18;94.20;95.12;94.81;47,997;4,550,386;
2023-03-14;95.08;94.70;94.72;94.88;45,177;4,286,350;
2023-03-13;95.70;95.16;95.20;95.41;14,164;1,351,367;
2023-03-10;95.06;94.78;94.88;94.92;32,499;3,084,830;
2023-03-09;94.86;94.44;94.86;94.56;10,308;974,694;
2023-03-08;94.84;94.34;94.66;94.62;43,405;4,106,893;
2023-03-07;94.66;94.30;94.66;94.57;5,511;521,152;
2023-03-06;94.70;94.36;94.48;94.52;19,324;1,826,528;
2023-03-03;94.58;94.20;94.24;94.44;15,631;1,476,223;
2023-03-02;94.46;94.20;94.44;94.42;15,145;1,430,006;
2023-03-01;94.76;94.40;94.40;94.49;5,736;541,974;
2023-02-28;95.00;94.70;94.76;94.80;5,787;548,621;
2023-02-27;95.34;95.10;95.34;95.29;19,419;1,850,412;
2023-02-24;96.20;95.20;95.34;95.62;25,867;2,473,319;
2023-02-23;95.44;95.02;95.44;95.33;21,163;2,017,572;
2023-02-22;96.00;95.06;95.42;95.31;9,740;928,309;
2023-02-21;95.60;95.00;95.40;95.39;9,431;899,625;
2023-02-20;95.82;95.54;95.68;95.67;35,018;3,350,139;
2023-02-17;95.86;95.28;95.86;95.51;8,730;833,830;
2023-02-16;95.86;95.44;95.44;95.61;17,729;1,695,079;
2023-02-15;96.04;95.82;95.82;95.91;26,473;2,539,005;
2023-02-14;96.24;95.84;96.04;96.06;24,484;2,351,901;
2023-02-13;96.26;96.06;96.06;96.21;27,037;2,601,322;
2023-02-10;96.28;96.02;96.26;96.17;20,576;1,978,743;
2023-02-09;96.50;96.18;96.24;96.41;33,479;3,227,760;
2023-02-08;96.38;96.12;96.18;96.33;56,164;5,410,123;
2023-02-07;96.60;96.12;96.20;96.36;14,189;1,367,233;
2023-02-06;96.58;96.30;96.48;96.39;11,694;1,127,162;
2023-02-03;97.08;96.00;96.52;96.79;26,905;2,604,159;
2023-02-02;97.74;95.84;96.44;96.26;39,909;3,841,714;
2023-02-01;96.00;95.72;95.80;95.85;19,269;1,846,953;
2023-01-31;98.50;98.28;98.28;98.40;7,662;753,955;
2023-01-30;98.66;98.46;98.50;98.58;12,105;1,193,315;
2023-01-27;98.90;98.40;98.90;98.56;3,274;322,674;
2023-01-26;99.00;98.20;98.78;98.78;1,751;172,961;
2023-01-25;99.30;98.82;99.00;99.02;12,491;1,236,875;
2023-01-24;98.82;98.44;98.82;98.65;13,037;1,286,127;
2023-01-23;98.76;98.28;98.76;98.63;22,764;2,245,164;
2023-01-20;98.94;98.60;98.86;98.82;19,974;1,973,837;
2023-01-19;99.26;98.88;99.18;99.08;25,979;2,573,920;
2023-01-18;99.56;98.92;99.32;99.10;82,454;8,171,191;
2023-01-17;98.98;98.00;98.92;98.59;21,306;2,100,660;
2023-01-16;98.68;98.36;98.64;98.52;12,449;1,226,452;
2023-01-13;98.50;98.24;98.32;98.26;68,090;6,691,068;
2023-01-12;98.32;98.00;98.22;98.15;22,131;2,172,163;
2023-01-11;97.92;97.66;97.92;97.73;5,672;554,316;
2023-01-10;97.62;97.38;97.40;97.49;13,441;1,310,361;
2023-01-09;98.00;97.34;97.38;97.53;40,143;3,915,314;
2023-01-06;97.54;97.08;97.54;97.35;22,146;2,155,977;
2023-01-05;97.20;96.90;96.90;97.05;22,985;2,230,763;
2023-01-04;97.28;97.04;97.04;97.20;6,061;589,114;
2023-01-03;98.92;96.90;97.16;97.18;8,669;842,415;
2023-01-02;97.00;97.00;97.00;97.00;71;6,887;
2022-12-30;97.24;96.92;96.92;97.11;17,202;1,670,567;
2022-12-29;96.76;96.30;96.76;96.62;20,866;2,016,032;
2022-12-28;96.30;96.18;96.30;96.27;14,619;1,407,345;
2022-12-27;96.50;96.20;96.30;96.32;12,058;1,161,476;
2022-12-23;96.80;96.46;96.46;96.53;7,888;761,396;
2022-12-22;97.18;96.60;97.18;96.78;20,073;1,942,649;
2022-12-21;97.18;96.48;96.90;96.89;22,325;2,163,132;
2022-12-20;97.50;96.80;97.20;97.04;22,722;2,204,861;
2022-12-19;97.66;97.30;97.30;97.58;10,261;1,001,224;
2022-12-16;97.54;97.18;97.24;97.33;20,916;2,035,806;
2022-12-15;98.24;97.50;97.66;98.02;59,101;5,793,080;
2022-12-14;98.34;97.98;97.98;98.04;9,616;942,755;
2022-12-13;98.34;97.70;98.34;97.89;39,191;3,836,480;
2022-12-12;98.22;98.02;98.06;98.08;4,592;450,370;
2022-12-09;98.40;98.12;98.24;98.25;8,393;824,586;
2022-12-08;98.58;98.20;98.30;98.49;38,749;3,816,279;
2022-12-07;98.48;98.22;98.36;98.35;15,073;1,482,462;
2022-12-06;98.48;98.24;98.48;98.40;4,733;465,743;
2022-12-05;98.48;98.06;98.06;98.35;18,643;1,833,450;
2022-12-02;98.56;98.00;98.32;98.42;25,760;2,535,321;
2022-12-01;98.60;98.36;98.36;98.44;18,431;1,814,364;
2022-11-30;98.16;97.92;98.04;98.04;5,073;497,365;
2022-11-29;98.22;97.86;97.92;98.10;24,320;2,385,744;
2022-11-28;97.80;97.38;97.56;97.57;41,928;4,091,013;
2022-11-25;97.90;97.54;97.58;97.68;13,930;1,360,690;
2022-11-24;98.10;97.74;97.98;98.00;12,813;1,255,711;
2022-11-23;98.24;97.28;97.70;97.44;9,668;942,093;
2022-11-22;97.46;97.18;97.28;97.40;14,480;1,410,418;
2022-11-21;97.60;97.16;97.42;97.44;11,552;1,125,644;
2022-11-18;97.22;96.68;97.14;96.91;13,039;1,263,661;
2022-11-17;97.38;96.94;97.04;97.31;5,648;549,628;
2022-11-16;97.46;96.96;97.46;97.14;4,017;390,225;
2022-11-15;97.14;96.58;96.92;96.85;18,026;1,745,749;
2022-11-14;96.76;96.36;96.66;96.66;21,782;2,105,361;
2022-11-11;96.54;96.08;96.20;96.31;27,784;2,675,997;
2022-11-10;96.66;95.70;96.66;96.02;7,973;765,590;
2022-11-09;95.60;95.26;95.48;95.51;12,153;1,160,733;
2022-11-08;95.44;94.88;95.14;95.22;39,231;3,735,592;
2022-11-07;95.50;95.00;95.24;95.14;16,865;1,604,566;
2022-11-04;95.76;95.30;95.32;95.55;11,379;1,087,823;
2022-11-03;95.82;95.58;95.76;95.73;2,558;244,889;
2022-11-02;95.92;95.72;95.92;95.82;7,685;736,367;
2022-11-01;95.92;95.58;95.58;95.71;31,621;3,026,302;
2022-10-31;95.60;95.42;95.58;95.54;15,776;1,507,307;
2022-10-28;95.52;95.18;95.52;95.28;13,921;1,326,350;
2022-10-27;95.24;93.30;95.18;93.72;7,102;665,603;
2022-10-26;93.64;93.32;93.48;93.44;21,040;1,966,054;
2022-10-25;93.56;93.40;93.56;93.45;12,438;1,162,298;
2022-10-24;93.56;93.30;93.30;93.48;15,150;1,416,175;
2022-10-21;93.16;92.92;93.16;92.96;18,149;1,687,068;
2022-10-20;93.42;93.06;93.16;93.19;14,543;1,355,291;
2022-10-19;93.42;93.16;93.16;93.35;3,632;339,045;
2022-10-18;93.80;93.00;93.80;93.39;2,788;260,369;
2022-10-17;94.00;93.50;93.74;93.79;17,340;1,626,390;
2022-10-14;93.70;93.42;93.62;93.66;3,217;301,315;
2022-10-13;93.24;92.80;92.82;92.97;5,421;503,986;
2022-10-12;93.70;92.92;93.20;93.33;14,631;1,365,448;
2022-10-11;93.96;93.54;93.72;93.62;15,179;1,421,073;
2022-10-10;93.72;93.36;93.62;93.59;51,068;4,779,493;
2022-10-07;93.58;93.26;93.28;93.36;4,522;422,161;
2022-10-06;93.94;93.52;93.66;93.72;21,377;2,003,348;
2022-10-05;93.88;93.46;93.50;93.64;15,711;1,471,116;
2022-10-04;93.52;93.26;93.52;93.47;26,594;2,485,712;
2022-10-03;93.08;92.38;93.06;92.55;34,665;3,208,190;
2022-09-30;92.92;92.58;92.64;92.75;10,440;968,317;
2022-09-29;92.64;92.26;92.32;92.54;30,099;2,785,414;
2022-09-28;92.98;92.66;92.88;92.82;48,101;4,464,617;
2022-09-27;94.40;93.82;93.98;94.10;24,572;2,312,305;
2022-09-26;94.54;94.06;94.40;94.35;14,825;1,398,745;
2022-09-23;94.98;94.52;94.64;94.83;29,192;2,768,265;
2022-09-22;95.12;94.64;94.64;94.91;30,637;2,907,616;
2022-09-21;95.28;95.18;95.26;95.22;12,459;1,186,366;
2022-09-20;95.20;94.86;94.86;95.02;3,279;311,579;
2022-09-19;95.32;94.54;94.96;94.85;9,690;919,117;
2022-09-16;95.50;95.24;95.40;95.41;2,570;245,214;
2022-09-15;96.02;95.90;95.90;96.00;5,195;498,694;
2022-09-14;96.32;96.06;96.30;96.22;13,701;1,318,264;
2022-09-13;96.40;96.28;96.32;96.33;44,728;4,308,766;
2022-09-12;96.20;95.76;96.20;96.14;418,273;40,211,943;
2022-09-09;96.12;95.72;95.88;96.04;12,077;1,159,845;
2022-09-08;96.38;95.74;95.94;96.11;81,833;7,865,313;
2022-09-07;96.38;96.12;96.12;96.18;4,451;428,114;
2022-09-06;96.60;96.36;96.38;96.48;10,738;1,035,963;
2022-09-05;96.92;96.60;96.62;96.65;2,880;278,338;
2022-09-02;96.94;96.62;96.94;96.75;8,176;791,069;
2022-09-01;97.02;96.66;96.90;96.80;5,031;486,979;
2022-08-31;97.20;96.88;96.88;97.03;13,286;1,289,199;
2022-08-30;97.80;97.02;97.34;97.39;18,070;1,759,765;
2022-08-29;97.30;97.02;97.02;97.21;6,754;656,565;
2022-08-26;97.66;97.38;97.66;97.57;16,793;1,638,502;
2022-08-25;97.66;97.06;97.66;97.55;2,435;237,525;
2022-08-24;97.94;97.72;97.72;97.81;5,519;539,805;
2022-08-23;98.12;97.64;97.98;97.86;22,553;2,207,092;
2022-08-22;98.08;97.48;97.64;97.74;15,203;1,486,001;
2022-08-19;98.20;97.82;97.96;97.97;25,073;2,456,299;
2022-08-18;98.34;98.04;98.26;98.26;3,434;337,422;
2022-08-17;98.70;98.16;98.30;98.31;31,468;3,093,475;
2022-08-16;98.60;95.80;98.50;98.42;10,488;1,032,194;
2022-08-15;98.50;96.32;98.24;97.71;22,037;2,153,281;
2022-08-12;98.20;97.88;98.20;98.06;48,451;4,751,202;
2022-08-11;97.92;97.70;97.92;97.75;4,491;438,998;
2022-08-10;97.80;97.46;97.70;97.66;22,125;2,160,791;
2022-08-09;97.94;97.56;97.62;97.65;8,117;792,625;
2022-08-08;97.92;97.56;97.92;97.79;39,574;3,870,022;
2022-08-05;97.56;97.30;97.56;97.43;2,393;233,151;
2022-08-04;97.62;97.22;97.24;97.39;7,132;694,575;
2022-08-03;97.50;97.26;97.50;97.36;7,810;760,388;
2022-08-02;97.48;97.24;97.26;97.31;10,733;1,044,478;
2022-08-01;99.00;97.14;97.36;97.38;7,351;715,848;
2022-07-29;97.36;97.08;97.24;97.24;2,249;218,696;
2022-07-28;97.22;96.88;97.06;96.95;4,319;418,738;
2022-07-27;97.04;96.72;97.00;96.85;10,454;1,012,439;
2022-07-26;96.74;96.36;96.54;96.56;13,057;1,260,849;
2022-07-25;96.38;96.02;96.38;96.14;2,864;275,354;
2022-07-22;96.38;96.04;96.04;96.23;788;75,833;
2022-07-21;96.48;96.10;96.24;96.25;6,532;628,707;
2022-07-20;96.38;95.78;96.10;96.28;2,950;284,033;
2022-07-19;95.98;95.72;95.78;95.91;2,026;194,312;
2022-07-18;96.08;93.96;95.98;95.82;5,434;520,670;
2022-07-15;96.26;95.96;96.08;96.03;6,494;623,638;
2022-07-14;96.36;95.92;96.06;96.29;11,276;1,085,797;
2022-07-13;96.18;95.98;96.18;96.13;3,724;357,991;
2022-07-12;96.34;95.92;96.10;96.10;19,653;1,888,621;
2022-07-11;96.62;96.36;96.36;96.55;8,001;772,491;
2022-07-08;96.46;96.18;96.22;96.42;35,621;3,434,619;
2022-07-07;96.00;95.68;95.90;95.85;15,556;1,491,108;
2022-07-06;95.80;95.58;95.80;95.77;1,443;138,200;
2022-07-05;95.92;95.42;95.64;95.75;2,402;229,987;
2022-07-04;95.58;95.26;95.40;95.31;10,220;974,120;
2022-07-01;95.66;95.02;95.66;95.43;37,849;3,611,810;
2022-06-30;95.86;95.38;95.38;95.69;14,661;1,402,839;
2022-06-29;95.72;95.38;95.68;95.48;13,386;1,278,078;
2022-06-28;95.58;95.16;95.32;95.38;11,404;1,087,739;
2022-06-27;95.50;95.28;95.28;95.39;7,601;725,090;
2022-06-24;95.82;95.36;95.64;95.61;14,943;1,428,687;
2022-06-23;95.48;94.66;95.42;95.37;58,592;5,587,634;
2022-06-22;94.66;94.22;94.66;94.39;43,028;4,061,366;
2022-06-21;94.56;94.28;94.50;94.33;20,101;1,896,227;
2022-06-20;94.34;93.96;94.30;94.18;43,720;4,117,724;
2022-06-17;94.14;93.62;93.88;93.90;21,964;2,062,479;
2022-06-16;94.60;93.62;93.62;93.91;13,726;1,288,990;
2022-06-15;94.64;94.20;94.64;94.49;13,243;1,251,320;
2022-06-14;95.66;95.00;95.00;95.28;19,081;1,818,086;
2022-06-13;96.54;95.66;95.66;95.97;30,524;2,929,304;
2022-06-10;96.76;96.46;96.70;96.66;10,837;1,047,516;
2022-06-09;96.76;96.32;96.40;96.58;13,385;1,292,660;
2022-06-08;96.98;96.64;96.68;96.95;37,778;3,662,578;
2022-06-07;97.44;97.12;97.14;97.15;12,106;1,176,125;
2022-06-03;97.60;97.22;97.44;97.38;13,506;1,315,200;
2022-06-02;97.84;97.52;97.60;97.58;13,052;1,273,584;
2022-06-01;97.86;97.60;97.64;97.71;16,319;1,594,552;
2022-05-31;97.86;97.60;97.62;97.61;73,217;7,146,499;
2022-05-30;97.62;97.36;97.40;97.50;27,812;2,711,624;
2022-05-25;97.40;97.32;97.36;97.36;823;80,126;
2022-05-24;97.38;97.08;97.20;97.22;18,827;1,830,301;
2022-05-23;97.12;96.86;97.12;97.05;16,632;1,614,130;
2022-05-20;97.30;96.98;97.12;97.06;28,639;2,779,774;
2022-05-19;97.54;97.14;97.30;97.36;14,025;1,365,433;
2022-05-18;97.44;97.22;97.26;97.32;28,932;2,815,729;
2022-05-17;97.22;97.02;97.10;97.12;3,272;317,775;
2022-05-16;97.00;96.82;97.00;96.97;9,133;885,604;
2022-05-12;96.96;96.54;96.80;96.89;41,413;4,012,488;
2022-05-11;96.44;96.10;96.20;96.17;19,617;1,886,626;
2022-05-10;96.36;96.00;96.12;96.16;21,755;2,092,048;
2022-05-09;97.06;96.30;96.54;96.72;41,771;4,040,067;
2022-05-06;97.76;97.02;97.04;97.41;15,219;1,482,450;
2022-05-05;98.44;98.12;98.20;98.34;9,328;917,338;
2022-05-04;98.54;98.08;98.44;98.09;3,037;297,902;
2022-05-03;98.60;97.96;98.60;98.23;37,311;3,664,927;
2022-05-02;98.42;98.12;98.32;98.20;11,881;1,166,725;
2022-04-29;98.52;98.22;98.52;98.38;4,711;463,462;
2022-04-28;98.70;98.28;98.28;98.54;12,851;1,266,293;
2022-04-27;98.72;98.26;98.36;98.39;45,403;4,467,097;
2022-04-26;98.78;98.16;98.72;98.38;22,278;2,191,663;
2022-04-25;98.78;98.34;98.40;98.55;56,660;5,584,097;
2022-04-22;99.18;98.62;98.64;98.87;89,380;8,837,358;
2022-04-21;99.54;98.98;99.00;99.08;37,043;3,670,172;
2022-04-20;99.74;99.40;99.54;99.52;31,234;3,108,555;
2022-04-19;100.00;99.42;99.42;99.46;102,281;10,172,943;
2022-04-13;100.05;99.60;100.00;99.86;8,456;844,433;
2022-04-12;99.76;99.24;99.60;99.71;13,765;1,372,536;
2022-04-11;100.00;99.24;99.76;99.72;10,261;1,023,264;
2022-04-08;100.30;99.68;99.72;100.16;54,684;5,477,338;
2022-04-07;100.20;99.60;99.62;99.85;22,724;2,268,885;
2022-04-06;99.96;99.66;99.82;99.81;20,445;2,040,626;
2022-04-05;100.05;99.80;99.92;99.88;51,360;5,129,984;
2022-04-04;100.00;99.66;100.00;99.85;28,533;2,848,888;
2022-04-01;99.38;99.16;99.32;99.29;6,284;623,963;
2022-03-31;99.40;99.22;99.24;99.28;16,115;1,599,876;
2022-03-30;99.58;99.02;99.02;99.24;7,517;746,017;
2022-03-29;99.60;99.06;99.20;99.28;4,550;451,735;
2022-03-28;99.88;99.44;99.66;99.56;14,709;1,464,390;
2022-03-25;100.25;99.26;99.48;99.59;11,299;1,125,319;
2022-03-24;99.98;99.58;99.98;99.83;16,087;1,605,945;
2022-03-23;99.38;99.06;99.24;99.22;26,398;2,619,077;
2022-03-22;99.12;98.96;99.04;99.04;7,827;775,213;
2022-03-21;99.00;98.80;98.88;98.90;11,411;1,128,541;
2022-03-18;99.20;98.86;99.00;98.93;31,944;3,160,183;
2022-03-17;98.74;98.50;98.64;98.66;21,666;2,137,586;
2022-03-16;98.98;98.24;98.50;98.45;20,613;2,029,434;
2022-03-15;98.50;98.20;98.50;98.44;15,790;1,554,401;
2022-03-14;98.48;98.18;98.30;98.28;10,084;991,022;
2022-03-11;98.44;98.26;98.34;98.32;13,580;1,335,146;
2022-03-10;98.42;96.08;98.30;98.19;35,876;3,522,702;
2022-03-09;98.50;98.02;98.06;98.15;46,177;4,532,286;
2022-03-08;98.72;98.12;98.50;98.50;44,524;4,385,552;
2022-03-07;99.16;98.44;98.46;98.77;10,898;1,076,387;
2022-03-04;99.26;98.90;99.18;98.96;33,868;3,351,502;
2022-03-03;99.06;98.94;99.06;98.98;17,938;1,775,502;
2022-03-02;99.04;98.68;99.04;98.75;7,312;722,059;
2022-03-01;99.78;98.90;99.04;99.20;26,752;2,653,792;
2022-02-28;100.00;99.60;99.78;99.79;13,575;1,354,640;
2022-02-25;100.25;99.92;100.05;100.16;49,427;4,950,708;
2022-02-23;100.70;100.55;100.55;100.62;20,506;2,063,217;
2022-02-22;100.90;100.60;100.70;100.76;59,752;6,020,528;
2022-02-21;100.90;100.65;100.65;100.81;24,232;2,442,824;
2022-02-18;100.85;100.65;100.70;100.76;7,207;726,149;
2022-02-17;101.05;100.65;100.75;100.77;7,359;741,578;
2022-02-16;100.85;100.40;100.85;100.61;11,929;1,200,222;
2022-02-15;100.90;100.35;100.40;100.69;51,078;5,142,883;
2022-02-14;101.15;100.85;101.05;100.98;31,840;3,215,285;
2022-02-11;101.25;100.95;101.05;101.14;44,875;4,538,631;
2022-02-10;101.35;101.05;101.20;101.23;26,926;2,725,590;
2022-02-09;101.50;101.20;101.30;101.30;22,361;2,265,105;
2022-02-08;101.50;101.10;101.30;101.44;56,650;5,746,401;
2022-02-07;102.50;102.25;102.25;102.38;4,412;451,686;
2022-02-04;102.60;102.40;102.50;102.47;63,480;6,504,913;
2022-02-03;103.50;102.90;102.90;103.19;12,775;1,318,224;
2022-02-02;103.65;103.30;103.30;103.54;30,099;3,116,487;
2022-02-01;103.65;103.15;103.40;103.32;16,418;1,696,287;
2022-01-31;103.90;103.70;103.70;103.70;10,109;1,048,353;
2022-01-28;104.00;103.70;103.70;103.81;13,831;1,435,850;
2022-01-27;103.95;103.75;103.90;103.88;31,235;3,244,779;
2022-01-26;103.80;103.55;103.65;103.64;10,798;1,119,060;
2022-01-25;103.55;103.40;103.50;103.51;12,778;1,322,652;
2022-01-24;104.95;103.05;103.45;103.87;54,080;5,617,118;
2022-01-21;104.00;103.70;103.80;103.86;12,507;1,298,983;
2022-01-20;103.95;103.70;103.85;103.84;23,878;2,479,462;
2022-01-19;104.05;103.65;103.75;103.96;539,901;56,125,924;
2022-01-18;103.90;103.45;103.60;103.82;82,349;8,549,742;
2022-01-17;103.80;103.50;103.65;103.64;23,460;2,431,349;
2022-01-14;103.90;103.55;103.65;103.78;28,341;2,941,139;
2022-01-13;103.85;103.55;103.65;103.65;13,465;1,395,689;
2022-01-12;104.05;103.80;104.00;103.99;28,071;2,919,038;
2022-01-11;104.10;103.75;103.85;103.93;15,920;1,654,506;
2022-01-10;104.10;103.75;103.75;103.99;51,964;5,403,624;
2022-01-07;104.00;103.70;103.80;103.83;8,171;848,383;
2022-01-06;104.00;103.65;103.65;103.74;25,893;2,686,195;
2022-01-05;104.25;103.95;104.15;104.19;19,236;2,004,160;
2022-01-04;104.40;104.10;104.30;104.27;14,957;1,559,619;
2022-01-03;104.35;104.05;104.10;104.11;8,453;880,020;
2021-12-30;104.25;103.90;104.20;104.19;35,905;3,740,776;
2021-12-29;104.20;103.85;104.05;104.02;15,065;1,567,085;
2021-12-28;104.05;103.80;103.85;103.91;22,444;2,332,252;
2021-12-27;104.00;103.85;103.95;103.86;13,412;1,392,961;
2021-12-23;103.95;103.80;103.80;103.89;7,302;758,586;
2021-12-22;104.15;103.85;103.90;104.01;30,777;3,201,034;
2021-12-21;103.80;103.65;103.80;103.73;22,215;2,304,473;
2021-12-20;104.05;103.65;103.65;103.77;8,143;845,030;
2021-12-17;104.05;103.25;103.75;103.72;22,288;2,311,728;
2021-12-16;104.05;103.70;103.80;103.80;37,368;3,878,651;
2021-12-15;104.00;103.70;103.80;103.89;73,096;7,593,984;
2021-12-14;103.90;103.70;103.70;103.75;11,988;1,243,735;
2021-12-13;104.05;103.95;103.95;103.97;40,033;4,162,055;
2021-12-10;104.00;103.85;103.85;103.88;23,776;2,469,921;
2021-12-09;104.00;103.90;104.00;103.91;60,814;6,318,876;
2021-12-08;104.05;103.75;104.05;103.89;70,310;7,304,473;
2021-12-07;103.80;103.50;103.80;103.58;38,436;3,981,240;
2021-12-06;103.40;103.30;103.35;103.35;189,317;19,566,820;
2021-12-03;103.50;103.20;103.30;103.27;10,793;1,114,552;
2021-12-02;103.15;103.00;103.15;103.08;25,234;2,600,994;
2021-12-01;103.05;102.95;102.95;103.00;14,274;1,470,286;
2021-11-30;103.15;102.85;102.95;102.96;20,823;2,143,963;
2021-11-29;103.45;103.05;103.25;103.21;18,893;1,950,024;
2021-11-26;103.25;103.05;103.15;103.18;44,887;4,631,307;
2021-11-25;103.55;103.40;103.50;103.50;25,064;2,594,137;
2021-11-24;103.60;103.30;103.55;103.44;19,946;2,063,305;
2021-11-23;103.55;103.25;103.25;103.40;12,337;1,275,636;
2021-11-22;103.65;103.00;103.55;103.50;22,819;2,361,674;
2021-11-19;103.65;103.30;103.65;103.58;29,683;3,074,658;
2021-11-18;103.65;103.30;103.35;103.57;41,216;4,268,778;
2021-11-17;103.60;103.35;103.40;103.46;17,593;1,820,241;
2021-11-16;103.60;103.35;103.35;103.45;18,196;1,882,374;
2021-11-15;103.50;103.40;103.40;103.44;12,576;1,300,843;
2021-11-12;103.65;103.30;103.40;103.55;7,995;827,880;
2021-11-11;103.55;103.40;103.40;103.48;20,965;2,169,553;
2021-11-10;103.70;103.35;103.40;103.48;25,350;2,623,158;
2021-11-09;103.65;103.55;103.60;103.60;15,406;1,596,041;
2021-11-08;103.70;103.40;103.55;103.56;61,023;6,319,733;
2021-11-05;103.50;103.30;103.50;103.39;23,581;2,438,002;
2021-11-04;103.45;103.05;103.30;103.26;60,897;6,288,390;
2021-11-03;103.15;102.90;103.05;103.03;9,177;945,498;
2021-11-02;103.15;102.85;103.15;103.01;9,014;928,492;
2021-11-01;103.15;102.85;102.85;102.99;15,281;1,573,775;
2021-10-29;103.15;102.85;103.05;102.98;15,800;1,627,095;
2021-10-28;103.25;103.00;103.00;103.11;23,571;2,430,472;
2021-10-27;103.50;103.20;103.25;103.26;34,965;3,610,559;
2021-10-26;103.40;103.15;103.20;103.23;37,235;3,843,672;
2021-10-25;103.20;102.90;103.10;103.11;24,399;2,515,832;
2021-10-22;103.35;103.05;103.10;103.19;7,220;745,063;
2021-10-21;103.15;103.05;103.05;103.06;46,118;4,752,834;
2021-10-20;104.00;103.10;103.10;103.35;18,979;1,961,573;
2021-10-19;103.50;103.20;103.20;103.29;7,936;819,685;
2021-10-18;103.60;103.00;103.30;103.41;10,566;1,092,633;
2021-10-15;103.60;103.35;103.60;103.39;66,148;6,839,029;
2021-10-14;103.40;103.20;103.40;103.35;31,033;3,207,272;
2021-10-13;103.25;103.15;103.25;103.19;4,592;473,866;
2021-10-12;103.25;103.10;103.15;103.13;19,026;1,962,068;
2021-10-11;103.25;103.10;103.10;103.16;24,865;2,565,031;
2021-10-08;103.50;103.15;103.35;103.40;63,862;6,603,540;
2021-10-07;103.20;103.05;103.15;103.15;41,398;4,270,292;
2021-10-06;103.30;103.10;103.20;103.14;6,777;699,007;
2021-10-05;103.30;103.15;103.30;103.25;8,886;917,510;
2021-10-04;103.35;103.05;103.05;103.11;34,443;3,551,475;
2021-10-01;103.30;103.00;103.05;103.12;17,081;1,761,347;
2021-09-30;103.00;102.75;102.95;102.80;53,631;5,513,112;
2021-09-29;102.90;102.70;102.90;102.82;16,364;1,682,497;
2021-09-28;102.90;102.70;102.70;102.74;32,221;3,310,413;
2021-09-27;102.95;102.75;102.90;102.87;10,020;1,030,790;
2021-09-24;102.80;102.60;102.65;102.68;41,591;4,270,478;
2021-09-23;103.15;102.85;102.85;102.92;17,505;1,801,643;
2021-09-22;103.15;102.85;102.85;103.02;21,353;2,199,687;
2021-09-21;103.15;102.90;102.90;103.04;31,498;3,245,479;
2021-09-20;103.20;102.95;103.05;103.03;20,626;2,125,058;
2021-09-17;103.25;102.95;103.00;103.02;7,823;805,888;
2021-09-16;103.35;102.90;102.90;103.11;23,456;2,418,473;
2021-09-15;103.50;103.20;103.20;103.40;4,812;497,585;
2021-09-14;103.55;103.35;103.40;103.46;12,314;1,274,027;
2021-09-13;103.65;103.35;103.35;103.59;37,247;3,858,561;
2021-09-10;103.55;103.10;103.25;103.41;39,637;4,098,956;
2021-09-09;103.30;103.05;103.30;103.25;8,957;924,831;
2021-09-08;103.45;103.15;103.20;103.35;49,179;5,082,807;
2021-09-07;103.35;103.10;103.10;103.21;13,617;1,405,375;
2021-09-06;103.45;103.35;103.35;103.37;12,286;1,270,039;
2021-09-03;103.35;103.25;103.25;103.27;22,124;2,284,777;
2021-09-02;103.60;103.35;103.40;103.38;22,718;2,348,578;
2021-09-01;103.70;103.45;103.45;103.58;3,139;325,128;
2021-08-31;103.60;103.35;103.50;103.54;22,228;2,301,551;
2021-08-30;103.70;103.40;103.60;103.52;19,682;2,037,403;
2021-08-27;103.60;103.35;103.50;103.37;29,056;3,003,605;
2021-08-26;103.65;103.40;103.40;103.51;5,630;582,739;
2021-08-25;103.70;103.40;103.70;103.55;34,429;3,565,172;
2021-08-24;103.60;103.35;103.40;103.43;33,300;3,444,169;
2021-08-23;103.35;103.25;103.25;103.31;10,913;1,127,469;
2021-08-20;103.35;103.10;103.30;103.19;7,610;785,245;
2021-08-19;103.45;103.25;103.40;103.37;12,557;1,298,070;
2021-08-18;103.60;103.45;103.45;103.48;12,501;1,293,551;
2021-08-17;103.70;103.35;103.45;103.42;20,722;2,143,160;
2021-08-16;103.55;103.45;103.45;103.47;16,901;1,748,783;
2021-08-13;103.75;103.50;103.55;103.62;3,985;412,914;
2021-08-12;103.80;103.50;103.55;103.67;14,968;1,551,772;
2021-08-11;103.75;103.50;103.75;103.63;21,127;2,189,349;
2021-08-10;103.70;103.45;103.65;103.51;8,152;843,834;
2021-08-09;103.70;103.40;103.40;103.58;61,446;6,364,614;
2021-08-06;103.70;103.40;103.65;103.48;8,519;881,556;
2021-08-05;103.75;103.30;103.70;103.62;7,191;745,143;
2021-08-04;103.70;103.35;103.70;103.63;6,784;703,054;
2021-08-03;103.65;103.35;103.50;103.54;18,580;1,923,682;
2021-08-02;103.60;103.30;103.40;103.49;23,354;2,416,886;
2021-07-30;103.55;103.35;103.45;103.44;4,015;415,321;
2021-07-29;103.50;103.35;103.35;103.46;8,165;844,751;
2021-07-28;103.45;103.30;103.30;103.32;2,262;233,709;
2021-07-27;103.45;103.15;103.25;103.32;8,470;875,127;
2021-07-26;103.30;103.10;103.15;103.17;33,945;3,502,167;
2021-07-23;103.25;103.15;103.25;103.18;13,932;1,437,432;
2021-07-22;103.05;102.95;103.00;102.98;6,157;634,040;
2021-07-21;102.95;102.80;102.95;102.84;21,367;2,197,292;
2021-07-20;103.10;102.80;102.80;102.90;8,941;920,021;
2021-07-19;103.20;102.95;102.95;103.00;12,605;1,298,374;
2021-07-16;103.25;102.95;103.20;103.23;4,292;443,044;
2021-07-15;103.25;102.85;103.00;103.07;9,225;950,836;
2021-07-14;103.15;102.85;102.90;103.01;25,785;2,656,206;
2021-07-13;103.20;103.00;103.05;103.16;8,415;868,076;
2021-07-12;103.20;102.95;103.15;103.14;36,982;3,814,324;
2021-07-09;106.00;102.95;102.95;103.03;31,247;3,219,467;
2021-07-08;103.20;102.95;102.95;103.19;36,254;3,740,883;
2021-07-07;104.50;102.95;103.15;103.26;10,542;1,088,546;
2021-07-06;103.15;102.95;103.15;103.00;32,172;3,313,621;
2021-07-05;104.15;102.95;103.05;103.10;129,643;13,366,153;
2021-07-02;103.25;103.05;103.20;103.18;15,768;1,626,886;
2021-07-01;103.20;102.90;103.15;103.05;33,948;3,498,220;
2021-06-30;103.25;102.85;103.25;103.10;9,821;1,012,582;
2021-06-29;103.10;102.75;102.85;102.93;42,593;4,384,210;
2021-06-28;103.10;102.80;102.80;102.91;26,652;2,742,752;
2021-06-25;103.10;102.50;102.80;102.87;39,047;4,016,827;
2021-06-24;102.90;102.70;102.85;102.81;16,931;1,740,728;
2021-06-23;102.80;102.55;102.80;102.69;15,075;1,548,120;
2021-06-22;102.60;102.40;102.45;102.48;17,287;1,771,546;
2021-06-21;102.75;102.40;102.55;102.49;47,395;4,857,478;
2021-06-18;102.70;102.55;102.70;102.65;5,938;609,523;
2021-06-17;102.50;102.25;102.45;102.33;6,897;705,796;
2021-06-16;102.45;102.20;102.25;102.39;6,528;668,388;
2021-06-15;102.45;102.15;102.30;102.34;43,466;4,448,544;
2021-06-14;102.50;102.20;102.25;102.32;20,995;2,148,275;
2021-06-11;102.45;102.15;102.45;102.36;15,203;1,556,169;
2021-06-10;102.40;102.10;102.10;102.20;14,721;1,504,468;
2021-06-09;102.45;102.05;102.30;102.29;11,837;1,210,761;
2021-06-08;102.25;101.90;102.20;102.10;35,636;3,638,516;
2021-06-07;102.00;101.80;101.85;101.81;63,047;6,418,986;
2021-06-04;101.95;101.75;101.85;101.85;9,248;941,868;
2021-06-03;102.10;101.80;101.80;101.86;11,838;1,205,873;
2021-06-02;102.00;101.75;101.85;101.79;6,650;676,930;
2021-06-01;102.00;101.75;101.75;101.86;82,565;8,409,936;
2021-05-31;101.95;101.80;101.80;101.84;12,305;1,253,094;
2021-05-28;102.05;101.85;101.95;101.94;12,717;1,296,383;
2021-05-27;102.00;101.20;101.90;101.72;30,926;3,145,767;
2021-05-26;101.90;101.65;101.75;101.77;32,215;3,278,561;
2021-05-25;101.85;101.55;101.60;101.58;79,601;8,086,049;
2021-05-21;101.90;101.30;101.70;101.67;15,703;1,596,525;
2021-05-20;101.55;101.25;101.55;101.41;45,649;4,629,418;
2021-05-19;101.70;101.25;101.25;101.55;31,289;3,177,241;
2021-05-18;101.90;101.70;101.70;101.78;43,294;4,406,280;
2021-05-17;102.35;101.80;101.80;102.08;37,257;3,803,219;
2021-05-12;102.40;102.20;102.20;102.29;8,911;911,470;
2021-05-11;102.45;102.15;102.15;102.28;26,243;2,684,254;
2021-05-10;102.65;102.30;102.32;102.51;65,068;6,670,133;
2021-05-07;102.75;102.30;102.75;102.56;25,911;2,657,388;
2021-05-06;102.55;102.35;102.45;102.45;16,682;1,709,074;
2021-05-05;102.40;102.25;102.30;102.30;252,621;25,844,272;
2021-05-04;102.30;102.00;102.30;102.14;55,559;5,674,901;
2021-05-03;102.20;101.85;102.00;102.01;10,137;1,034,063;
2021-04-29;102.25;101.85;101.85;102.06;19,945;2,035,597;
2021-04-28;102.25;101.95;102.10;101.98;125,447;12,793,452;
2021-04-27;102.35;102.20;102.20;102.22;13,573;1,387,473;
2021-04-26;102.35;102.20;102.30;102.28;31,796;3,252,096;
2021-04-23;102.30;102.15;102.30;102.22;19,082;1,950,611;
2021-04-22;102.35;102.15;102.20;102.26;37,455;3,830,017;
2021-04-21;102.30;102.05;102.10;102.11;62,404;6,372,371;
2021-04-20;102.30;102.05;102.15;102.22;16,784;1,715,721;
2021-04-19;102.55;102.15;102.15;102.26;26,391;2,698,715;
2021-04-16;102.40;102.15;102.35;102.27;27,526;2,815,019;
2021-04-15;102.45;102.15;102.20;102.27;10,499;1,073,688;
2021-04-14;102.35;102.15;102.35;102.23;28,158;2,878,626;
2021-04-13;102.35;102.15;102.15;102.27;69,779;7,136,011;
2021-04-12;102.60;102.35;102.45;102.51;18,078;1,853,198;
2021-04-09;102.65;102.45;102.45;102.56;20,603;2,112,946;
2021-04-08;102.80;102.50;102.80;102.72;40,620;4,172,560;
2021-04-07;102.65;102.45;102.50;102.60;35,869;3,680,144;
2021-04-06;102.70;102.40;102.50;102.53;34,346;3,521,494;
2021-03-31;102.65;102.20;102.55;102.44;21,307;2,182,590;
2021-03-30;102.45;102.20;102.40;102.37;23,048;2,359,370;
2021-03-29;102.70;102.40;102.60;102.49;41,435;4,246,844;
2021-03-26;102.65;102.40;102.50;102.56;15,076;1,546,152;
2021-03-25;102.60;102.30;102.40;102.48;22,899;2,346,729;
2021-03-24;102.70;102.45;102.45;102.65;15,837;1,625,718;
2021-03-23;102.60;102.30;102.45;102.48;15,863;1,625,644;
2021-03-22;102.60;102.30;102.50;102.46;23,351;2,392,592;
2021-03-19;102.70;102.35;102.55;102.54;19,156;1,964,311;
2021-03-18;102.55;102.25;102.45;102.38;22,297;2,282,671;
2021-03-17;102.90;102.35;102.45;102.56;88,089;9,034,135;
2021-03-16;102.95;102.60;102.95;102.81;27,199;2,796,277;
2021-03-15;103.00;102.60;102.60;102.75;30,967;3,181,779;
2021-03-12;102.80;102.50;102.70;102.68;8,880;911,810;
2021-03-11;103.10;102.75;102.90;102.93;65,144;6,705,198;
2021-03-10;102.60;102.45;102.60;102.49;34,518;3,537,756;
2021-03-09;102.50;102.25;102.50;102.41;34,795;3,563,457;
2021-03-08;102.40;102.10;102.30;102.23;75,006;7,667,838;
2021-03-05;102.50;102.20;102.40;102.30;61,018;6,242,372;
2021-03-04;102.60;102.35;102.60;102.49;27,460;2,814,301;
2021-03-03;102.80;102.35;102.35;102.57;28,273;2,900,039;
2021-03-02;102.85;102.45;102.65;102.53;68,787;7,052,420;
2021-03-01;102.80;102.20;102.80;102.47;58,692;6,014,048;
2021-02-26;102.05;101.80;101.90;101.97;39,236;4,000,887;
2021-02-25;102.50;101.85;102.05;102.08;25,323;2,584,961;
2021-02-24;102.80;102.50;102.50;102.71;37,791;3,881,359;
2021-02-23;102.80;102.40;102.70;102.53;52,567;5,389,790;
2021-02-22;103.00;102.50;102.65;102.67;63,679;6,537,989;
2021-02-19;103.30;103.15;103.20;103.30;168,566;17,412,188;
2021-02-18;103.70;103.35;103.35;103.59;15,270;1,581,837;
2021-02-17;103.70;103.55;103.70;103.67;11,324;1,174,013;
2021-02-16;103.90;103.65;103.70;103.80;34,556;3,585,958;
2021-02-15;104.00;103.75;103.80;103.90;28,570;2,968,348;
2021-02-12;104.20;104.00;104.05;104.13;52,740;5,491,892;
2021-02-11;104.20;104.00;104.20;104.17;15,531;1,617,877;
2021-02-10;104.10;103.80;104.00;104.01;35,777;3,721,050;
2021-02-09;104.20;104.05;104.20;104.16;56,687;5,904,677;
2021-02-08;104.10;104.00;104.00;104.08;45,677;4,753,859;
2021-02-05;104.35;104.10;104.25;104.22;59,727;6,224,862;
2021-02-04;104.30;104.10;104.20;104.27;41,090;4,284,361;
2021-02-03;104.25;104.05;104.25;104.17;19,132;1,992,960;
2021-02-02;104.25;104.00;104.05;104.16;9,068;944,536;
2021-02-01;104.15;103.75;104.10;104.09;38,712;4,029,344;
2021-01-29;104.00;103.90;103.95;103.97;10,333;1,074,308;
2021-01-28;104.10;104.00;104.00;104.07;35,444;3,688,567;
2021-01-27;104.20;104.05;104.15;104.19;26,969;2,809,830;
2021-01-26;104.20;104.00;104.20;104.16;44,528;4,637,877;
2021-01-25;105.55;103.65;103.90;104.03;48,095;5,003,543;
2021-01-22;104.25;103.95;104.15;104.16;115,632;12,044,172;
2021-01-21;107.95;107.45;107.75;107.48;387,567;41,656,993;
2021-01-20;107.75;107.30;107.70;107.60;18,590;2,000,311;
2021-01-19;107.65;107.50;107.65;107.63;45,079;4,851,632;
2021-01-18;107.75;107.45;107.75;107.71;28,506;3,070,512;
2021-01-15;107.65;107.35;107.65;107.57;16,657;1,791,754;
2021-01-14;107.60;107.20;107.60;107.47;40,222;4,322,603;
2021-01-13;107.25;107.10;107.15;107.16;12,928;1,385,330;
2021-01-12;107.35;106.90;106.90;107.02;95,114;10,179,086;
2021-01-11;107.50;107.05;107.15;107.21;31,391;3,365,444;
2021-01-08;107.50;107.20;107.25;107.33;33,290;3,573,139;
2021-01-07;107.55;107.25;107.50;107.44;16,736;1,798,113;
2021-01-06;107.50;107.25;107.45;107.44;52,393;5,629,209;
2021-01-05;107.60;107.40;107.55;107.55;40,140;4,316,902;
2021-01-04;107.60;107.30;107.60;107.49;41,135;4,421,726;
2020-12-30;107.50;107.30;107.50;107.43;44,870;4,820,391;
2020-12-29;107.35;107.05;107.35;107.32;22,544;2,419,472;
2020-12-28;107.40;106.95;107.30;107.34;16,967;1,821,299;
2020-12-23;107.35;106.95;107.20;107.23;16,695;1,790,193;
2020-12-22;107.30;107.00;107.00;107.12;28,852;3,090,723;
2020-12-21;107.25;107.05;107.15;107.14;12,588;1,348,643;
2020-12-18;107.35;107.10;107.15;107.15;8,591;920,535;
2020-12-17;107.50;107.05;107.10;107.23;70,643;7,575,112;
2020-12-16;107.45;107.05;107.05;107.17;24,371;2,611,739;
2020-12-15;107.50;107.10;107.45;107.41;48,521;5,211,604;
2020-12-14;107.45;107.30;107.35;107.40;43,362;4,657,025;
2020-12-11;107.50;107.25;107.30;107.38;8,163;876,513;
2020-12-10;107.25;107.15;107.15;107.21;15,450;1,656,408;
2020-12-09;107.30;107.00;107.30;107.26;14,623;1,568,431;
2020-12-08;107.35;106.95;107.25;107.25;39,878;4,276,884;
2020-12-07;107.20;106.85;107.20;107.10;72,553;7,770,439;
2020-12-04;107.10;106.95;106.95;107.03;27,338;2,925,879;
2020-12-03;107.00;106.75;106.95;106.95;17,951;1,919,785;
2020-12-02;107.05;106.85;106.90;107.03;37,325;3,994,988;
2020-12-01;107.35;107.15;107.15;107.27;43,490;4,665,033;
2020-11-30;107.35;107.25;107.25;107.29;19,180;2,057,822;
2020-11-27;107.40;107.30;107.35;107.36;10,768;1,156,078;
2020-11-26;107.45;107.15;107.45;107.30;31,403;3,369,648;
2020-11-25;107.40;107.10;107.10;107.22;10,990;1,178,367;
2020-11-24;107.30;107.05;107.15;107.16;28,591;3,063,846;
2020-11-23;107.30;107.00;107.00;107.15;20,366;2,182,278;
2020-11-20;107.35;106.95;107.35;107.03;83,838;8,973,546;
2020-11-19;107.00;106.90;107.00;106.97;21,090;2,255,968;
2020-11-18;107.15;107.00;107.10;107.02;24,049;2,573,619;
2020-11-17;107.00;106.70;107.00;106.94;62,613;6,695,833;
2020-11-16;107.00;106.80;107.00;106.96;29,253;3,128,785;
2020-11-13;107.00;106.75;106.90;106.95;72,109;7,711,899;
2020-11-12;106.95;106.60;106.90;106.78;40,747;4,350,969;
2020-11-11;106.95;106.55;106.60;106.76;28,678;3,061,551;
2020-11-10;107.00;106.55;106.90;106.89;36,264;3,876,133;
2020-11-09;107.05;106.40;106.40;106.47;711,045;75,703,769;
2020-11-06;106.85;106.65;106.75;106.77;10,564;1,127,896;
2020-11-05;106.75;106.55;106.70;106.68;22,952;2,448,508;
2020-11-04;106.75;106.05;106.75;106.40;14,466;1,539,178;
2020-11-03;106.30;106.00;106.30;106.09;35,099;3,723,771;
2020-11-02;106.45;106.10;106.15;106.23;2,919;310,083;
2020-10-30;106.25;106.05;106.15;106.15;15,772;1,674,144;
2020-10-29;106.40;106.15;106.25;106.27;10,325;1,097,218;
2020-10-28;106.65;106.30;106.35;106.47;20,151;2,145,482;
2020-10-27;106.40;106.15;106.25;106.22;72,906;7,743,806;
2020-10-26;106.45;106.05;106.45;106.26;10,640;1,130,600;
2020-10-23;106.45;106.15;106.25;106.31;19,124;2,033,095;
2020-10-22;106.45;106.15;106.40;106.36;4,324;459,909;
2020-10-21;106.40;106.15;106.40;106.25;6,698;711,632;
2020-10-20;106.45;106.10;106.45;106.34;35,323;3,756,180;
2020-10-19;106.35;106.20;106.30;106.29;20,613;2,190,903;
2020-10-16;106.45;106.35;106.40;106.39;2,171;230,976;
2020-10-15;106.40;106.30;106.40;106.35;9,190;977,384;
2020-10-14;106.40;106.25;106.30;106.31;1,296;137,773;
2020-10-13;106.35;106.15;106.20;106.22;26,943;2,861,949;
2020-10-12;106.30;105.95;106.05;106.06;31,987;3,392,596;
2020-10-09;106.05;105.95;106.00;105.95;95,608;10,129,765;
2020-10-08;106.35;106.00;106.05;106.30;13,203;1,403,424;
2020-10-07;106.25;105.90;106.15;106.19;49,252;5,229,954;
2020-10-06;106.20;105.90;106.10;106.11;12,869;1,365,467;
2020-10-05;106.40;105.90;106.20;106.04;46,506;4,931,292;
2020-10-02;106.40;106.20;106.40;106.38;17,163;1,825,754;
2020-10-01;106.25;105.95;106.25;106.14;27,451;2,913,629;
2020-09-30;106.00;105.75;106.00;105.88;15,849;1,678,146;
2020-09-29;106.00;105.80;105.90;105.86;25,317;2,679,956;
2020-09-28;106.05;105.95;105.95;106.02;3,891;412,508;
2020-09-25;106.30;105.95;105.95;106.05;25,116;2,663,499;
2020-09-24;106.35;105.95;105.95;106.09;6,030;639,694;
2020-09-23;106.45;106.10;106.35;106.39;15,835;1,684,659;
2020-09-22;106.50;106.15;106.50;106.47;34,787;3,703,677;
2020-09-21;106.55;106.10;106.55;106.47;10,833;1,153,383;
2020-09-18;106.60;106.20;106.55;106.42;20,285;2,158,790;
2020-09-17;106.55;106.30;106.35;106.40;2,627;279,518;
2020-09-16;106.25;106.05;106.20;106.13;17,904;1,900,132;
2020-09-15;106.20;106.00;106.00;106.05;8,068;855,620;
2020-09-14;106.10;106.00;106.10;106.05;13,120;1,391,440;
2020-09-11;106.30;105.95;106.05;106.13;23,662;2,511,209;
2020-09-10;106.05;105.70;105.70;105.82;26,564;2,810,938;
2020-09-09;106.35;105.95;106.00;106.06;8,515;903,100;
2020-09-08;106.35;106.00;106.05;106.09;36,332;3,854,639;
2020-09-07;106.10;105.85;106.10;106.00;20,327;2,154,570;
2020-09-04;106.10;106.00;106.10;106.05;15,950;1,691,485;
2020-09-03;106.20;106.05;106.15;106.10;18,239;1,935,232;
2020-09-02;106.20;105.95;106.10;106.09;53,770;5,704,683;
2020-09-01;105.95;105.70;105.95;105.94;4,631;490,590;
2020-08-31;106.00;105.65;105.70;105.82;10,096;1,068,369;
2020-08-28;105.80;105.60;105.75;105.70;9,723;1,027,686;
2020-08-27;106.15;105.75;105.95;105.81;23,151;2,449,705;
2020-08-26;106.05;105.55;106.05;105.96;32,102;3,401,686;
2020-08-25;105.90;105.65;105.70;105.68;15,165;1,602,709;
2020-08-24;106.15;105.75;106.00;105.86;37,094;3,926,783;
2020-08-21;106.05;105.80;106.05;105.93;8,803;932,474;
2020-08-20;105.95;105.70;105.90;105.76;6,208;656,566;
2020-08-19;105.90;105.55;105.65;105.65;22,262;2,352,082;
2020-08-18;105.75;105.55;105.55;105.69;3,048;322,138;
2020-08-17;106.00;105.55;105.70;105.65;6,532;690,088;
2020-08-14;105.75;105.60;105.60;105.66;19,969;2,109,834;
2020-08-13;106.00;105.70;105.95;105.91;14,054;1,488,469;
2020-08-12;106.15;105.80;106.10;106.12;20,691;2,195,679;
2020-08-11;106.10;105.75;106.10;106.03;5,872;622,634;
2020-08-10;106.10;105.80;106.10;106.01;6,687;708,878;
2020-08-07;106.10;105.80;106.10;106.10;3,466;367,726;
2020-08-06;106.00;105.60;106.00;105.78;10,801;1,142,537;
2020-08-05;106.10;105.70;105.75;105.98;14,225;1,507,626;
2020-08-04;107.10;105.60;105.80;106.12;21,942;2,328,456;
2020-08-03;105.95;105.60;105.75;105.72;24,517;2,591,865;
2020-07-31;106.05;105.60;105.65;105.87;19,923;2,109,321;
2020-07-30;105.85;105.55;105.65;105.66;12,256;1,294,962;
2020-07-29;105.90;105.50;105.90;105.74;6,362;672,731;
2020-07-28;105.70;105.40;105.60;105.60;10,007;1,056,765;
2020-07-27;105.60;105.45;105.50;105.51;41,715;4,401,468;
2020-07-24;105.85;105.55;105.55;105.74;10,807;1,142,774;
2020-07-23;;;105.95;;;;
2020-07-22;106.15;105.85;105.95;105.93;34,192;3,621,925;
2020-07-21;106.20;105.85;106.15;105.97;10,928;1,158,002;
2020-07-20;106.05;105.80;105.80;105.89;13,640;1,444,306;
2020-07-17;106.20;105.75;105.75;106.06;20,655;2,190,626;
2020-07-16;105.90;105.50;105.70;105.80;24,699;2,613,090;
2020-07-15;107.00;105.55;105.70;105.98;60,683;6,431,125;
2020-07-14;106.05;105.65;105.70;105.70;16,142;1,706,158;
2020-07-13;106.20;105.90;106.00;106.00;15,398;1,632,194;
2020-07-10;106.40;105.95;106.20;106.14;23,383;2,481,778;
2020-07-09;106.25;105.70;106.20;106.04;43,761;4,640,432;
2020-07-08;106.00;105.75;105.75;105.86;4,226;447,354;
2020-07-07;106.00;105.70;106.00;105.83;20,238;2,141,853;
2020-07-06;106.00;105.50;105.50;105.83;34,996;3,703,673;
2020-07-03;106.00;105.80;105.95;105.92;4,509;477,586;
2020-07-02;105.95;105.55;105.75;105.91;9,217;976,159;
2020-07-01;105.95;105.70;105.70;105.86;19,743;2,090,042;
2020-06-30;105.95;105.70;105.90;105.85;35,234;3,729,516;
2020-06-29;105.80;105.35;105.45;105.62;17,997;1,900,889;
2020-06-26;106.00;105.70;105.90;105.95;8,905;943,445;
2020-06-25;105.75;105.50;105.65;105.63;615;64,963;
2020-06-24;105.75;105.45;105.65;105.68;16,362;1,729,128;
2020-06-23;105.75;105.45;105.50;105.50;19,756;2,084,186;
2020-06-22;106.00;105.60;105.60;105.62;53,134;5,612,232;
2020-06-19;105.75;105.35;105.55;105.46;365,413;38,535,329;
2020-06-18;105.80;105.45;105.55;105.70;3,902;412,432;
2020-06-17;105.70;105.55;105.55;105.61;4,866;513,892;
2020-06-16;105.50;105.05;105.50;105.31;14,005;1,474,924;
2020-06-15;105.45;105.05;105.25;105.13;20,868;2,193,844;
2020-06-12;105.40;104.95;105.40;105.25;10,787;1,135,339;
2020-06-11;105.30;105.05;105.30;105.19;3,150;331,349;
2020-06-10;105.50;105.00;105.00;105.14;78,131;8,214,955;
2020-06-09;105.65;105.20;105.45;105.52;32,105;3,387,586;
2020-06-08;105.45;105.10;105.35;105.29;17,112;1,801,799;
2020-06-04;105.55;105.05;105.05;105.34;29,835;3,142,772;
2020-06-03;105.55;105.30;105.40;105.49;42,090;4,440,256;
2020-06-02;105.60;105.10;105.30;105.41;8,308;875,777;
2020-05-29;105.30;105.00;105.25;105.20;11,520;1,211,915;
2020-05-28;105.40;105.05;105.25;105.27;25,947;2,731,472;
2020-05-27;105.50;105.10;105.20;105.30;21,081;2,219,727;
2020-05-26;105.30;105.00;105.20;105.15;59,916;6,300,049;
2020-05-25;105.35;104.80;105.35;105.24;30,891;3,250,856;
2020-05-20;104.90;104.25;104.80;104.77;23,976;2,511,896;
2020-05-19;104.70;104.30;104.30;104.58;36,121;3,777,628;
2020-05-18;104.95;104.45;104.95;104.90;43,710;4,585,292;
2020-05-15;104.90;104.45;104.45;104.55;21,940;2,293,791;
2020-05-14;104.90;104.60;104.85;104.75;6,177;647,053;
2020-05-13;104.80;104.40;104.80;104.78;37,324;3,910,796;
2020-05-12;104.70;104.15;104.70;104.67;27,613;2,890,239;
2020-05-11;105.00;104.55;104.60;104.74;38,341;4,015,935;
2020-05-07;104.85;104.25;104.80;104.75;24,682;2,585,502;
2020-05-06;104.75;104.15;104.70;104.68;29,876;3,127,314;
2020-05-05;104.65;103.85;104.25;104.20;56,004;5,835,616;
2020-05-04;104.20;103.75;104.20;104.20;31,447;3,276,767;
2020-05-01;104.20;103.80;104.05;104.07;28,773;2,994,283;
2020-04-30;104.65;103.95;104.35;104.40;15,425;1,610,361;
2020-04-29;104.35;103.85;104.35;104.24;19,426;2,024,922;
2020-04-28;104.05;103.35;103.55;103.80;17,542;1,820,834;
2020-04-27;103.80;103.30;103.80;103.57;29,228;3,027,002;
2020-04-24;104.05;103.60;104.05;103.95;13,867;1,441,450;
2020-04-23;103.75;103.25;103.65;103.44;39,532;4,089,231;
2020-04-22;103.65;103.15;103.15;103.52;18,783;1,944,365;
2020-04-21;103.90;103.35;103.35;103.47;69,675;7,209,488;
2020-04-20;103.85;103.35;103.85;103.59;36,161;3,746,100;
2020-04-17;103.90;103.30;103.85;103.84;210,181;21,826,196;
2020-04-16;103.55;103.05;103.55;103.33;19,792;2,045,182;
2020-04-15;103.60;102.85;103.45;103.27;23,782;2,455,925;
2020-04-14;103.05;102.05;103.05;102.69;8,339;856,355;
2020-04-08;102.35;101.50;102.20;102.19;48,753;4,981,916;
2020-04-07;102.10;101.75;101.80;101.89;17,038;1,736,070;
2020-04-06;101.95;101.35;101.95;101.71;15,255;1,551,550;
2020-04-03;102.30;101.50;101.65;101.81;26,858;2,734,447;
2020-04-02;102.15;101.40;101.85;101.60;13,704;1,392,291;
2020-04-01;102.25;101.45;102.25;102.13;53,715;5,485,683;
2020-03-31;102.90;100.90;101.75;101.41;31,569;3,201,291;
2020-03-30;101.30;100.50;101.00;100.80;8,556;862,451;
2020-03-27;100.45;99.28;100.30;99.98;84,979;8,496,124;
2020-03-26;99.70;99.26;99.70;99.56;52,177;5,194,833;
2020-03-25;99.78;99.18;99.64;99.45;27,825;2,767,112;
2020-03-24;100.00;98.00;99.18;99.23;33,326;3,307,031;
2020-03-23;100.10;99.38;99.58;99.53;47,216;4,699,646;
2020-03-20;100.65;99.60;99.74;99.88;24,082;2,405,402;
2020-03-19;100.30;99.04;100.30;99.53;143,105;14,243,538;
2020-03-18;102.55;100.95;100.95;101.20;300,800;30,439,792;
2020-03-17;102.55;102.00;102.40;102.36;128,204;13,122,856;
2020-03-16;102.80;100.65;102.80;102.70;16,503;1,694,865;
2020-03-13;103.75;103.00;103.50;103.41;74,207;7,673,775;
2020-03-12;104.35;103.85;103.85;104.07;33,005;3,434,733;
2020-03-11;104.65;104.05;104.65;104.56;20,001;2,091,380;
2020-03-10;105.25;104.50;104.65;104.58;35,926;3,757,038;
2020-03-09;105.90;105.00;105.05;105.34;16,970;1,787,610;
2020-03-06;105.90;105.60;105.60;105.76;21,142;2,235,886;
2020-03-05;105.90;105.60;105.90;105.83;92,304;9,768,784;
2020-03-04;106.10;105.75;105.80;105.86;41,411;4,383,564;
2020-03-03;105.85;105.55;105.60;105.70;71,504;7,558,279;
2020-03-02;106.00;105.75;105.90;105.82;102,184;10,813,152;
2020-02-28;106.20;105.75;105.80;105.93;38,837;4,113,986;
2020-02-27;106.40;106.05;106.05;106.32;36,543;3,885,252;
2020-02-26;106.55;106.35;106.45;106.47;48,161;5,127,928;
2020-02-25;106.70;106.40;106.70;106.59;15,706;1,674,147;
2020-02-24;106.80;106.55;106.75;106.71;62,467;6,665,744;
2020-02-21;106.70;106.50;106.65;106.65;49,343;5,262,637;
2020-02-20;106.60;106.50;106.55;106.59;32,453;3,459,037;
2020-02-19;106.65;106.35;106.55;106.53;274,478;29,240,171;
2020-02-18;106.55;106.20;106.45;106.51;67,787;7,219,924;
2020-02-17;106.45;106.15;106.45;106.27;94,343;10,026,197;
2020-02-14;106.45;106.10;106.40;106.31;18,536;1,970,598;
2020-02-13;106.35;106.00;106.20;106.18;52,334;5,556,737;
2020-02-12;105.95;105.80;105.90;105.89;14,456;1,530,816;
2020-02-11;106.05;105.80;105.95;105.93;15,325;1,623,349;
2020-02-10;105.90;105.70;105.90;105.75;23,340;2,468,185;
2020-02-07;105.95;105.30;105.80;105.71;150,963;15,958,646;
2020-02-06;105.85;105.65;105.70;105.79;24,569;2,599,059;
2020-02-05;107.00;105.60;105.80;105.77;36,617;3,873,102;
2020-02-04;106.00;105.40;105.70;105.77;45,276;4,789,013;
2020-02-03;105.80;105.65;105.80;105.74;14,201;1,501,680;
2020-01-31;105.80;105.70;105.75;105.78;81,815;8,654,099;
2020-01-30;105.90;105.75;105.80;105.83;49,042;5,190,109;
2020-01-29;105.90;105.65;105.85;105.85;22,196;2,349,437;
2020-01-28;105.90;105.70;105.80;105.84;69,988;7,407,244;
2020-01-27;107.50;105.55;105.80;105.80;54,577;5,774,328;
2020-01-24;107.00;105.50;105.70;105.73;49,750;5,260,213;
2020-01-23;105.65;105.45;105.65;105.54;88,301;9,319,369;
2020-01-22;107.60;107.30;107.30;107.37;50,252;5,395,489;
2020-01-21;107.55;107.35;107.40;107.45;21,936;2,356,953;
2020-01-20;107.50;107.15;107.50;107.42;164,612;17,682,883;
2020-01-17;107.40;107.10;107.40;107.32;26,943;2,891,521;
2020-01-16;107.35;107.20;107.30;107.30;54,391;5,836,383;
2020-01-15;107.40;107.20;107.35;107.35;13,111;1,407,427;
2020-01-14;107.25;107.10;107.15;107.20;96,701;10,365,883;
2020-01-13;107.30;107.15;107.15;107.21;18,507;1,984,079;
2020-01-10;107.30;107.00;107.30;107.15;30,407;3,258,051;
2020-01-09;107.15;107.05;107.15;107.13;17,401;1,864,091;
2020-01-08;107.25;107.10;107.20;107.24;21,366;2,291,287;
2020-01-07;107.10;106.85;107.10;107.09;70,492;7,549,070;
2020-01-06;107.10;106.85;107.00;106.97;13,340;1,426,978;
2020-01-03;107.15;106.75;107.05;107.05;944,062;101,063,969;
2020-01-02;106.75;106.65;106.75;106.72;20,431;2,180,314;
2019-12-30;106.80;106.60;106.70;106.68;113,150;12,071,297;
2019-12-27;107.90;106.80;106.85;106.91;51,890;5,547,652;
2019-12-23;107.00;106.80;106.90;106.90;39,154;4,185,397;
2019-12-20;106.90;106.80;106.80;106.83;41,712;4,456,154;
2019-12-19;106.75;106.60;106.75;106.66;13,974;1,490,502;
2019-12-18;106.85;106.60;106.80;106.73;46,989;5,015,022;
2019-12-17;106.85;106.55;106.70;106.75;43,991;4,696,148;
2019-12-16;106.75;106.45;106.75;106.59;106,125;11,312,332;
2019-12-13;106.55;106.35;106.40;106.48;17,733;1,888,167;
2019-12-12;106.75;106.55;106.55;106.63;30,334;3,234,461;
2019-12-11;106.75;106.60;106.70;106.71;20,105;2,145,378;
2019-12-10;106.70;106.45;106.65;106.65;31,764;3,387,627;
2019-12-09;106.75;106.40;106.60;106.57;8,629;919,615;
2019-12-06;106.55;106.35;106.50;106.44;23,119;2,460,699;
2019-12-05;106.60;106.30;106.60;106.56;41,352;4,406,322;
2019-12-04;106.65;106.40;106.55;106.60;46,246;4,929,926;
2019-12-03;106.50;106.10;106.50;106.39;30,104;3,202,702;
2019-12-02;106.50;106.05;106.30;106.36;25,200;2,680,276;
2019-11-29;106.75;106.60;106.60;106.64;40,185;4,285,468;
2019-11-28;106.75;106.65;106.70;106.71;13,528;1,443,549;
2019-11-27;106.75;106.65;106.65;106.74;27,065;2,888,801;
2019-11-26;106.70;106.35;106.70;106.53;60,181;6,411,063;
2019-11-25;106.65;106.25;106.65;106.51;22,483;2,394,639;
2019-11-22;106.50;106.30;106.30;106.41;8,536;908,348;
2019-11-21;106.45;106.25;106.45;106.39;24,604;2,617,566;
2019-11-20;106.55;106.25;106.55;106.43;21,397;2,277,281;
2019-11-19;106.40;106.10;106.40;106.37;15,324;1,630,074;
2019-11-18;106.40;106.10;106.35;106.28;20,416;2,169,882;
2019-11-15;106.50;106.25;106.45;106.44;36,874;3,924,875;
2019-11-14;106.15;105.80;106.15;105.94;7,453;789,592;
2019-11-13;106.00;105.80;106.00;105.95;25,458;2,697,221;
2019-11-12;106.00;105.75;105.75;105.81;16,977;1,796,290;
2019-11-11;106.05;105.80;106.00;105.98;64,301;6,814,742;
2019-11-08;106.10;106.00;106.10;106.03;57,328;6,078,343;
2019-11-07;106.15;106.05;106.15;106.11;22,059;2,340,605;
2019-11-06;106.20;106.05;106.20;106.14;68,250;7,243,713;
2019-11-05;106.25;106.00;106.25;106.21;26,161;2,778,455;
2019-11-04;106.25;105.95;106.15;106.19;46,647;4,953,471;
2019-11-01;107.00;106.15;106.25;106.24;7,241;769,281;
2019-10-31;106.20;105.70;106.15;105.88;84,965;8,995,687;
2019-10-30;106.05;105.90;106.00;106.03;12,577;1,333,563;
2019-10-29;106.15;105.95;105.95;106.06;85,016;9,017,005;
2019-10-28;106.25;106.10;106.10;106.21;17,386;1,846,495;
2019-10-25;106.25;105.95;106.25;106.21;21,202;2,251,888;
2019-10-24;106.25;105.90;106.00;106.10;55,659;5,905,338;
2019-10-23;106.20;106.00;106.20;106.15;33,082;3,511,590;
2019-10-22;106.05;105.75;105.80;105.91;17,136;1,814,821;
2019-10-21;106.10;105.75;106.10;105.95;26,647;2,823,212;
2019-10-18;106.10;105.90;106.05;106.06;15,573;1,651,746;
2019-10-17;106.50;106.00;106.05;106.05;31,415;3,331,639;
2019-10-16;106.35;106.10;106.15;106.16;40,330;4,281,262;
2019-10-15;106.35;106.10;106.35;106.30;30,583;3,250,986;
2019-10-14;106.25;105.90;106.20;106.19;34,090;3,620,016;
2019-10-11;106.50;106.35;106.40;106.40;16,932;1,801,642;
2019-10-10;106.65;106.35;106.50;106.45;28,027;2,983,431;
2019-10-09;106.60;106.40;106.50;106.56;27,243;2,902,994;
2019-10-08;106.60;106.35;106.50;106.48;62,365;6,640,528;
2019-10-07;106.65;106.35;106.45;106.56;30,376;3,236,829;
2019-10-04;106.55;106.35;106.55;106.50;12,861;1,369,757;
2019-10-03;106.50;106.35;106.35;106.41;11,821;1,257,822;
2019-10-02;106.55;106.35;106.35;106.49;111,558;11,879,891;
2019-10-01;106.70;106.40;106.40;106.44;47,856;5,093,941;
2019-09-30;106.70;106.35;106.70;106.47;26,432;2,814,145;
2019-09-27;106.60;106.20;106.20;106.43;32,185;3,425,348;
2019-09-26;107.00;106.25;106.50;106.49;24,080;2,564,188;
2019-09-25;106.65;106.30;106.55;106.52;44,750;4,766,694;
2019-09-24;106.55;106.25;106.25;106.44;33,203;3,533,971;
2019-09-23;106.35;106.10;106.35;106.34;4,469;475,217;
2019-09-20;106.30;105.90;106.30;106.06;22,489;2,385,075;
2019-09-19;106.15;105.85;106.15;106.11;11,210;1,189,519;
2019-09-18;106.10;105.80;106.05;106.03;20,609;2,185,270;
2019-09-17;106.10;105.90;106.05;106.06;4,401;466,748;
2019-09-16;106.05;105.60;106.05;105.95;66,039;6,996,949;
2019-09-13;106.15;105.75;106.15;106.02;14,815;1,570,723;
2019-09-12;106.40;106.05;106.20;106.35;76,261;8,110,672;
2019-09-11;106.45;106.05;106.45;106.25;18,632;1,979,595;
2019-09-10;106.30;106.00;106.10;106.25;6,991;742,759;
2019-09-09;106.60;106.25;106.45;106.54;66,444;7,079,090;
2019-09-06;106.30;106.15;106.20;106.17;7,612;808,183;
2019-09-05;106.60;106.15;106.60;106.50;5,422;577,421;
2019-09-04;106.55;106.40;106.50;106.49;10,132;1,078,931;
2019-09-03;106.40;106.10;106.35;106.35;18,752;1,994,275;
2019-09-02;106.40;106.10;106.35;106.12;34,436;3,654,387;
2019-08-30;106.30;105.95;106.10;105.99;19,770;2,095,328;
2019-08-29;106.25;105.90;105.95;105.97;54,232;5,747,163;
2019-08-28;106.30;105.90;105.90;106.16;6,095;647,045;
2019-08-27;106.30;105.95;106.00;106.01;8,724;924,872;
2019-08-26;106.10;105.95;106.10;105.99;11,494;1,218,298;
2019-08-23;106.15;106.00;106.00;106.00;536,197;56,837,077;
2019-08-22;106.30;105.95;106.10;105.98;90,611;9,603,001;
2019-08-21;106.35;106.05;106.05;106.14;4,211;446,963;
2019-08-20;106.45;106.05;106.30;106.33;46,223;4,914,749;
2019-08-19;106.15;105.85;106.10;106.06;18,093;1,918,925;
2019-08-16;105.90;105.75;105.85;105.85;8,233;871,437;
2019-08-15;105.90;105.70;105.75;105.75;31,376;3,317,956;
2019-08-14;107.00;105.90;106.10;106.09;20,228;2,145,922;
2019-08-13;106.25;106.00;106.10;106.07;9,022;956,999;
2019-08-12;106.00;105.80;105.80;105.80;42,301;4,475,637;
2019-08-09;106.20;105.75;105.90;105.94;26,948;2,854,765;
2019-08-08;106.40;105.80;105.80;106.02;20,592;2,183,214;
2019-08-07;106.05;105.70;105.70;105.81;4,317;456,789;
2019-08-06;106.00;105.40;106.00;105.65;9,516;1,005,410;
2019-08-05;105.95;105.45;105.75;105.77;30,372;3,212,500;
2019-08-02;107.00;105.95;105.95;106.01;37,830;4,010,378;
2019-08-01;106.40;106.20;106.20;106.36;19,304;2,053,220;
2019-07-31;106.20;106.05;106.20;106.15;2,532;268,766;
2019-07-30;106.15;106.05;106.05;106.11;15,215;1,614,524;
2019-07-29;106.35;106.05;106.20;106.20;20,355;2,161,709;
2019-07-26;106.35;106.05;106.10;106.12;22,791;2,418,533;
2019-07-25;106.35;106.05;106.25;106.28;66,950;7,115,485;
2019-07-24;106.30;106.05;106.05;106.14;6,242;662,516;
2019-07-23;106.20;105.85;106.10;106.13;11,321;1,201,524;
2019-07-22;106.15;105.80;106.00;106.10;28,712;3,046,208;
2019-07-19;106.40;105.70;106.10;106.07;10,417;1,104,899;
2019-07-18;106.00;105.60;106.00;105.93;24,827;2,629,947;
2019-07-17;105.95;105.60;105.95;105.87;16,910;1,790,248;
2019-07-16;105.95;105.60;105.95;105.74;9,365;990,686;
2019-07-15;105.95;105.60;105.60;105.80;4,005;423,735;
2019-07-12;105.95;105.55;105.95;105.90;3,686;390,365;
2019-07-11;105.95;105.55;105.95;105.77;3,578;378,446;
2019-07-10;105.85;105.55;105.60;105.82;7,371;780,005;
2019-07-09;105.90;105.60;105.90;105.85;8,803;931,833;
2019-07-08;105.90;105.60;105.90;105.85;4,871;515,585;
2019-07-05;106.05;105.70;106.05;105.87;8,582;908,564;
2019-07-04;105.90;105.60;105.65;105.67;43,479;4,594,454;
2019-07-03;105.80;105.50;105.80;105.72;22,133;2,339,792;
2019-07-02;105.75;105.40;105.45;105.60;9,209;972,445;
2019-07-01;105.85;105.45;105.75;105.60;6,550;691,704;
2019-06-28;105.55;105.25;105.50;105.46;1,493;157,455;
2019-06-27;105.60;105.25;105.25;105.52;33,158;3,498,846;
2019-06-26;105.70;105.40;105.70;105.47;13,067;1,378,227;
2019-06-25;105.40;105.30;105.40;105.35;9,597;1,011,013;
2019-06-24;105.50;105.20;105.35;105.25;29,624;3,117,951;
2019-06-21;105.65;105.25;105.60;105.49;3,246;342,415;
2019-06-20;106.45;105.25;105.30;105.41;15,948;1,681,092;
2019-06-19;105.50;105.20;105.40;105.48;3,724;392,818;
2019-06-18;105.50;105.20;105.40;105.28;53,173;5,598,212;
2019-06-17;105.40;105.15;105.35;105.35;47,464;5,000,137;
2019-06-14;105.20;104.85;105.05;105.15;105,465;11,089,777;
2019-06-13;105.05;105.05;105.05;105.05;1,717;180,371;
2019-06-12;104.90;104.65;104.90;104.83;40,874;4,284,942;
2019-06-11;105.00;104.70;104.80;104.90;14,279;1,497,905;
2019-06-07;105.05;104.65;104.65;104.80;20,802;2,180,039;
2019-06-06;105.20;104.85;105.05;104.96;29,357;3,081,346;
2019-06-04;105.15;104.80;105.05;104.91;30,603;3,210,559;
2019-06-03;105.35;104.70;105.15;105.00;21,488;2,256,238;
2019-05-29;104.75;104.70;104.70;104.75;21,493;2,251,332;
2019-05-28;104.90;104.70;104.90;104.87;13,558;1,421,806;
2019-05-27;104.80;104.45;104.65;104.62;20,513;2,146,102;
2019-05-24;104.75;104.45;104.75;104.65;23,049;2,412,159;
2019-05-23;104.70;104.45;104.65;104.57;28,127;2,941,240;
2019-05-22;104.60;104.30;104.55;104.54;18,887;1,974,439;
2019-05-21;104.60;104.30;104.55;104.45;30,823;3,219,552;
2019-05-20;105.00;104.35;104.50;104.62;13,748;1,438,249;
2019-05-16;105.00;104.20;104.55;104.33;131,240;13,692,862;
2019-05-15;104.40;104.20;104.20;104.28;3,898;406,470;
2019-05-14;104.45;104.05;104.15;104.13;17,805;1,853,969;
2019-05-13;104.15;103.85;104.00;104.10;26,054;2,712,248;
2019-05-10;104.20;103.90;104.00;103.95;15,669;1,628,816;
2019-05-09;104.25;104.00;104.15;104.24;10,358;1,079,699;
2019-05-08;104.35;104.05;104.25;104.32;14,930;1,557,510;
2019-05-07;104.40;104.05;104.35;104.27;21,278;2,218,758;
2019-05-06;104.20;103.90;104.15;104.16;20,448;2,129,862;
2019-05-03;104.35;104.05;104.15;104.12;35,139;3,658,567;
2019-05-02;104.35;104.00;104.35;104.22;19,371;2,018,751;
2019-05-01;104.40;104.20;104.30;104.31;59,503;6,207,038;
2019-04-30;104.40;104.10;104.35;104.38;44,860;4,682,557;
2019-04-29;104.55;104.20;104.55;104.35;23,723;2,475,450;
2019-04-26;104.55;104.20;104.50;104.27;5,474;570,760;
2019-04-25;104.60;104.15;104.45;104.46;118,253;12,352,387;
2019-04-24;104.50;104.20;104.45;104.45;5,070;529,554;
2019-04-23;104.60;104.15;104.60;104.45;18,398;1,921,721;
2019-04-17;104.35;104.00;104.35;104.28;17,802;1,856,329;
2019-04-16;104.40;104.10;104.25;104.30;13,162;1,372,763;
2019-04-15;104.35;104.10;104.35;104.31;12,708;1,325,603;
2019-04-12;104.45;104.10;104.10;104.34;8,942;933,002;
2019-04-11;104.55;104.40;104.55;104.53;25,972;2,714,860;
2019-04-10;104.60;104.30;104.60;104.50;20,119;2,102,389;
2019-04-09;104.50;104.20;104.30;104.39;15,414;1,609,038;
2019-04-08;104.50;104.20;104.20;104.42;32,803;3,425,163;
2019-04-05;104.55;104.20;104.35;104.40;23,710;2,475,254;
2019-04-04;104.80;104.25;104.25;104.37;34,295;3,579,410;
2019-04-03;104.70;104.50;104.60;104.61;25,029;2,618,322;
2019-04-02;104.65;104.35;104.35;104.53;28,594;2,988,832;
2019-04-01;104.80;104.35;104.80;104.66;30,914;3,235,345;
2019-03-29;104.75;104.45;104.55;104.67;4,979;521,159;
2019-03-28;104.65;104.25;104.65;104.54;15,079;1,576,313;
2019-03-27;104.55;104.25;104.50;104.42;25,527;2,665,582;
2019-03-26;104.60;104.40;104.55;104.54;14,297;1,494,544;
2019-03-25;104.40;104.10;104.35;104.22;24,986;2,604,166;
2019-03-22;104.10;103.75;103.90;103.95;8,740;908,512;
2019-03-21;103.95;103.60;103.85;103.72;130,926;13,580,272;
2019-03-20;104.00;103.70;103.95;103.88;8,425;875,225;
2019-03-19;104.00;103.75;103.95;103.89;37,529;3,899,050;
2019-03-18;103.95;103.65;103.75;103.80;15,600;1,619,271;
2019-03-15;103.90;103.55;103.85;103.67;24,724;2,563,217;
2019-03-14;103.80;103.40;103.50;103.56;41,872;4,336,311;
2019-03-13;103.75;103.40;103.75;103.54;3,897;403,512;
2019-03-12;103.70;103.50;103.70;103.70;303,313;31,453,463;
2019-03-11;103.75;103.40;103.50;103.65;26,091;2,704,308;
2019-03-08;103.60;103.40;103.60;103.55;19,010;1,968,531;
2019-03-07;103.60;103.20;103.55;103.50;22,286;2,306,590;
2019-03-06;103.45;103.25;103.40;103.42;13,559;1,402,266;
2019-03-05;103.40;103.10;103.40;103.34;36,761;3,798,789;
2019-03-04;103.35;103.05;103.35;103.35;110,759;11,446,704;
2019-03-01;103.45;103.15;103.35;103.39;17,676;1,827,501;
2019-02-28;103.50;103.20;103.35;103.43;10,108;1,045,514;
2019-02-27;103.50;103.35;103.50;103.45;111,423;11,527,143;
2019-02-26;103.40;103.10;103.35;103.21;13,794;1,423,698;
2019-02-25;103.45;103.00;103.45;103.29;26,604;2,747,903;
2019-02-22;103.45;103.10;103.40;103.44;102,394;10,591,970;
2019-02-21;103.45;103.15;103.40;103.37;38,666;3,996,803;
2019-02-20;103.50;103.20;103.30;103.27;35,325;3,647,919;
2019-02-19;103.50;103.15;103.45;103.22;10,316;1,064,814;
2019-02-18;103.55;103.35;103.55;103.54;8,737;904,602;
2019-02-15;103.55;103.20;103.55;103.33;22,295;2,303,715;
2019-02-14;103.55;103.10;103.10;103.41;13,505;1,396,578;
2019-02-13;103.60;103.40;103.60;103.53;14,566;1,508,026;
2019-02-12;103.65;103.15;103.60;103.49;15,893;1,644,836;
2019-02-11;103.45;103.05;103.45;103.17;16,720;1,724,982;
2019-02-08;103.40;102.95;103.10;103.38;51,541;5,328,330;
2019-02-07;103.30;102.95;103.25;103.17;434,869;44,866,447;
2019-02-06;103.25;102.95;103.25;103.09;20,178;2,080,144;
2019-02-05;103.15;102.65;103.05;102.97;36,578;3,766,252;
2019-02-04;103.15;102.75;102.75;102.95;12,748;1,312,352;
2019-02-01;103.15;102.85;103.00;103.11;16,701;1,722,106;
2019-01-31;102.95;102.70;102.80;102.92;8,749;900,419;
2019-01-30;102.90;102.60;102.90;102.69;9,113;935,847;
2019-01-29;102.90;102.55;102.90;102.80;10,790;1,109,239;
2019-01-28;103.00;102.70;102.75;102.76;73,424;7,544,692;
2019-01-25;103.20;102.85;102.85;103.11;17,795;1,834,754;
2019-01-24;103.10;102.75;102.75;102.80;60,158;6,184,292;
2019-01-23;103.00;102.70;102.70;102.91;7,226;743,625;
2019-01-22;103.40;103.10;103.16;103.17;13,750;1,418,655;
2019-01-21;103.40;103.10;103.40;103.34;5,638;582,631;
2019-01-18;103.05;103.05;103.05;103.05;1,830;188,582;
2019-01-17;103.20;102.90;102.90;103.13;3,131;322,912;
2019-01-16;103.15;103.00;103.00;103.15;3,690;380,623;
2019-01-15;103.20;102.70;103.20;102.96;14,133;1,455,145;
2019-01-14;103.10;102.95;102.95;103.00;1,937;199,504;
2019-01-11;102.95;102.70;102.95;102.81;16,775;1,724,614;
2019-01-10;102.95;102.70;102.70;102.87;3,282;337,628;
2019-01-09;103.15;102.85;102.85;102.93;13,966;1,437,552;
2019-01-08;103.20;102.90;103.20;103.11;13,598;1,402,097;
2019-01-07;103.10;102.80;103.10;103.00;6,838;704,304;
2019-01-04;103.10;102.90;103.05;102.94;33,183;3,415,745;
2019-01-03;102.95;102.65;102.80;102.75;1,609;165,320;
2019-01-02;102.95;102.50;102.60;102.76;16,010;1,645,240;
2018-12-28;102.65;102.30;102.65;102.36;6,978;714,246;
2018-12-27;102.60;102.25;102.35;102.33;16,287;1,666,723;
2018-12-21;102.80;102.25;102.35;102.26;1,024,566;104,775,360;
2018-12-20;102.65;102.30;102.65;102.55;27,027;2,771,568;
2018-12-19;102.70;102.40;102.65;102.51;33,973;3,482,436;
2018-12-18;102.80;102.55;102.80;102.67;33,169;3,405,455;
2018-12-17;102.85;102.55;102.55;102.67;31,905;3,275,633;
2018-12-14;102.85;102.55;102.65;102.66;19,499;2,001,704;
2018-12-13;102.90;102.60;102.60;102.83;6,955;715,182;
2018-12-12;102.80;102.60;102.60;102.78;5,509;566,208;
2018-12-11;103.00;102.60;103.00;102.74;5,624;577,825;
2018-12-10;102.80;102.55;102.80;102.72;18,252;1,874,860;
2018-12-07;102.95;102.60;102.65;102.82;8,849;909,828;
2018-12-06;103.00;102.50;102.50;102.63;26,864;2,757,033;
2018-12-05;103.10;102.75;102.80;102.95;13,094;1,347,997;
2018-12-04;103.00;102.65;103.00;102.94;2,673;275,154;
2018-12-03;102.80;102.60;102.65;102.65;23,965;2,460,003;
2018-11-30;102.70;102.40;102.50;102.63;16,620;1,705,722;
2018-11-29;102.75;102.30;102.75;102.57;40,980;4,203,335;
2018-11-28;102.90;102.60;102.90;102.86;13,948;1,434,709;
2018-11-27;102.65;102.45;102.50;102.46;11,843;1,213,445;
2018-11-26;102.75;102.45;102.45;102.53;12,875;1,320,094;
2018-11-23;102.80;102.40;102.50;102.55;12,048;1,235,566;
2018-11-22;102.70;102.40;102.50;102.49;12,871;1,319,137;
2018-11-21;102.75;102.45;102.55;102.61;2,324;238,467;
2018-11-20;102.80;102.55;102.80;102.77;7,939;815,879;
2018-11-19;102.80;102.55;102.60;102.61;3,986;409,005;
2018-11-16;102.85;102.55;102.60;102.63;19,419;1,992,933;
2018-11-15;102.95;102.75;102.90;102.92;11,701;1,204,275;
2018-11-14;102.95;102.75;102.85;102.85;26,817;2,758,132;
2018-11-13;103.10;102.75;103.05;102.96;32,555;3,351,911;
2018-11-12;102.95;102.60;102.95;102.76;7,113;730,927;
2018-11-09;102.65;102.50;102.65;102.62;1,258;129,095;
2018-11-08;102.65;102.35;102.35;102.52;18,998;1,947,647;
2018-11-07;102.50;102.15;102.20;102.30;8,741;894,199;
2018-11-06;102.50;102.20;102.20;102.50;23,614;2,420,318;
2018-11-05;102.55;102.25;102.50;102.45;23,563;2,413,989;
2018-11-02;102.65;102.30;102.60;102.46;26,528;2,717,979;
2018-11-01;102.60;102.35;102.40;102.36;10,268;1,051,076;
2018-10-31;102.65;102.35;102.40;102.42;1,411;144,511;
2018-10-30;102.35;102.35;102.35;102.35;6,926;708,876;
2018-10-29;102.65;102.30;102.65;102.47;9,436;966,935;
2018-10-26;102.60;102.25;102.30;102.48;17,010;1,743,170;
2018-10-25;102.60;102.25;102.40;102.46;8,511;872,075;
2018-10-24;102.50;102.30;102.30;102.46;5,283;541,308;
2018-10-23;102.40;102.05;102.05;102.18;5,639;576,193;
2018-10-22;102.35;102.25;102.25;102.26;13,126;1,342,231;
2018-10-19;102.55;102.50;102.55;102.53;8,510;872,543;
2018-10-18;102.40;102.05;102.10;102.35;10,175;1,041,402;
2018-10-17;102.35;102.05;102.05;102.31;12,224;1,250,597;
2018-10-16;102.00;101.90;102.00;101.97;2,612;266,345;
2018-10-15;102.20;101.90;101.90;102.09;21,551;2,200,136;
2018-10-12;102.15;101.85;101.95;102.00;14,504;1,479,365;
2018-10-11;102.00;101.70;101.75;101.89;18,652;1,900,472;
2018-10-10;102.30;102.05;102.10;102.22;61,346;6,270,821;
2018-10-09;102.30;102.05;102.10;102.22;16,366;1,672,921;
2018-10-08;102.25;102.05;102.25;102.11;14,528;1,483,509;
2018-10-05;102.20;102.10;102.10;102.13;15,050;1,537,094;
2018-10-04;102.30;102.05;102.20;102.24;10,101;1,032,695;
2018-10-03;102.50;102.15;102.50;102.40;23,444;2,400,694;
2018-10-02;102.45;102.10;102.45;102.22;41,989;4,291,914;
2018-10-01;102.30;102.05;102.25;102.25;4,586;468,897;
2018-09-28;102.35;101.95;102.05;102.02;10,599;1,081,292;
2018-09-27;102.15;101.75;102.05;101.99;9,880;1,007,676;
2018-09-26;101.85;101.65;101.65;101.84;3,684;375,166;
2018-09-25;101.85;101.60;101.75;101.81;24,356;2,479,563;
2018-09-24;101.95;101.55;101.55;101.77;8,149;829,308;
2018-09-21;101.90;101.55;101.60;101.67;33,260;3,381,539;
2018-09-20;101.60;101.55;101.55;101.57;4,331;439,912;
2018-09-19;101.85;101.65;101.65;101.65;8,286;842,273;
2018-09-18;101.90;101.60;101.60;101.77;5,475;557,198;
2018-09-17;101.85;101.55;101.80;101.63;4,373;444,420;
2018-09-14;101.80;101.70;101.70;101.78;20,148;2,050,578;
2018-09-13;102.00;101.75;101.75;101.77;26,671;2,714,197;
2018-09-12;101.90;101.75;101.75;101.84;6,072;618,356;
2018-09-11;101.90;101.70;101.90;101.84;20,624;2,100,267;
2018-09-10;102.00;101.80;101.80;101.85;26,147;2,663,184;
2018-09-07;102.05;101.55;102.00;101.80;7,378;751,116;
2018-09-06;101.85;101.80;101.80;101.85;2,774;282,523;
2018-09-05;102.00;101.65;101.95;101.78;19,263;1,960,495;
2018-09-04;102.10;101.80;101.90;101.93;17,483;1,782,104;
2018-09-03;102.10;101.80;102.10;102.06;60,136;6,138,577;
2018-08-31;102.15;101.65;102.15;101.95;10,878;1,109,066;
2018-08-30;102.15;101.75;101.75;101.98;10,024;1,022,238;
2018-08-29;102.30;102.20;102.30;102.27;6,683;683,474;
2018-08-28;102.40;102.25;102.30;102.38;87,438;8,951,742;
2018-08-27;102.60;102.35;102.40;102.54;8,543;875,961;
2018-08-24;102.70;102.60;102.70;102.70;12,100;1,242,625;
2018-08-23;102.80;102.50;102.80;102.70;9,506;976,287;
2018-08-22;102.80;102.40;102.60;102.62;7,050;723,462;
2018-08-21;103.00;102.60;102.60;102.79;4,316;443,623;
2018-08-20;103.00;102.70;102.70;102.83;5,767;593,049;
2018-08-17;103.10;102.80;102.80;102.95;13,829;1,423,693;
2018-08-16;103.50;103.00;103.30;103.24;26,785;2,765,324;
2018-08-15;103.40;103.00;103.30;103.17;16,343;1,686,167;
2018-08-14;103.40;103.20;103.40;103.37;29,799;3,080,186;
2018-08-13;103.30;102.70;102.90;103.11;28,739;2,963,257;
2018-08-10;103.30;102.60;102.90;102.96;20,372;2,097,594;
2018-08-09;103.00;102.70;102.90;102.84;10,592;1,089,328;
2018-08-08;103.10;102.70;102.90;103.03;23,389;2,409,816;
2018-08-07;103.20;102.80;103.20;103.17;3,714;383,178;
2018-08-06;103.20;102.60;103.20;103.03;26,339;2,713,802;
2018-08-03;102.90;102.70;102.90;102.74;16,985;1,744,995;
2018-08-02;103.00;102.60;102.60;102.66;14,074;1,444,791;
2018-08-01;102.90;102.60;102.80;102.83;9,176;943,611;
2018-07-31;102.90;102.50;102.50;102.72;12,610;1,295,285;
2018-07-30;103.00;102.80;102.80;102.90;4,814;495,379;
2018-07-27;103.00;102.60;103.00;102.90;11,783;1,212,494;
2018-07-26;102.80;102.70;102.80;102.75;6,980;717,199;
2018-07-25;102.80;102.60;102.80;102.70;3,155;324,012;
2018-07-24;102.80;102.50;102.80;102.78;12,601;1,295,152;
2018-07-23;102.80;102.50;102.80;102.69;11,821;1,213,950;
2018-07-20;102.90;102.48;102.48;102.59;9,836;1,009,091;
2018-07-19;102.80;102.60;102.60;102.79;1,567;161,066;
2018-07-18;103.00;102.70;103.00;102.99;4,449;458,216;
2018-07-17;102.90;102.50;102.60;102.55;36,552;3,748,426;
2018-07-16;103.00;102.60;103.00;102.83;13,265;1,364,098;
2018-07-13;102.70;102.70;102.70;102.70;4,847;497,787;
2018-07-12;103.10;102.70;103.10;102.99;8,695;895,481;
2018-07-11;103.00;102.60;102.60;102.83;21,426;2,203,207;
2018-07-10;103.00;102.80;103.00;102.87;8,960;921,674;
2018-07-09;102.90;102.90;102.90;102.90;2,233;229,776;
2018-07-06;102.90;102.60;102.90;102.89;24,358;2,498,081;
2018-07-05;103.00;102.60;102.60;102.97;23,211;2,390,146;
2018-07-04;103.00;102.70;103.00;102.97;8,554;880,807;
2018-07-03;102.60;102.50;102.60;102.60;73,071;7,496,855;
2018-07-02;102.80;102.40;102.40;102.50;26,092;2,674,535;
2018-06-29;102.80;102.50;102.60;102.70;14,868;1,527,004;
2018-06-28;103.20;102.60;102.60;103.04;24,355;2,509,474;
2018-06-27;102.90;102.70;102.70;102.85;11,484;1,181,078;
2018-06-26;102.90;102.60;102.60;102.88;12,537;1,289,817;
2018-06-25;102.90;102.60;102.80;102.71;20,491;2,104,664;
2018-06-22;102.90;102.70;102.80;102.78;7,857;807,548;
2018-06-21;103.00;102.90;102.90;102.98;43,017;4,430,080;
2018-06-20;103.00;102.80;102.90;102.98;46,410;4,779,163;
2018-06-19;103.00;102.80;102.90;102.93;25,052;2,578,489;
2018-06-18;103.00;102.60;103.00;102.86;19,353;1,990,725;
2018-06-15;103.10;102.80;103.00;102.99;65,623;6,758,449;
2018-06-14;103.10;102.40;103.10;102.72;41,438;4,256,657;
2018-06-13;102.90;102.50;102.80;102.59;20,231;2,075,535;
2018-06-12;102.70;102.40;102.70;102.64;16,659;1,709,848;
2018-06-11;102.80;102.60;102.60;102.69;9,739;1,000,099;
2018-06-08;102.70;102.60;102.60;102.68;24,171;2,481,895;
2018-06-07;102.70;102.40;102.50;102.55;16,185;1,659,707;
2018-06-06;103.00;102.50;102.80;102.74;19,714;2,025,375;
2018-06-04;102.90;102.70;102.70;102.89;6,846;704,379;
2018-06-01;103.00;102.60;102.70;102.74;51,426;5,282,678;
2018-05-31;103.00;102.60;102.70;102.88;52,426;5,393,593;
2018-05-30;102.90;102.80;102.90;102.81;16,348;1,680,749;
2018-05-29;103.00;102.70;102.90;102.90;22,323;2,296,940;
2018-05-28;102.80;102.40;102.71;102.67;53,751;5,518,457;
2018-05-25;102.60;102.30;102.50;102.43;15,276;1,564,782;
2018-05-24;102.50;102.20;102.20;102.40;22,834;2,338,117;
2018-05-23;102.40;102.10;102.10;102.31;42,283;4,326,066;
2018-05-22;102.40;102.00;102.10;102.08;10,573;1,079,246;
2018-05-18;102.20;101.80;102.20;102.10;9,186;937,927;
2018-05-17;102.20;101.80;102.10;102.10;32,269;3,294,743;
2018-05-16;102.30;101.80;101.90;102.08;20,442;2,086,793;
2018-05-15;102.00;101.80;101.80;101.92;11,647;1,187,076;
2018-05-14;102.10;101.80;101.90;101.95;20,904;2,131,090;
2018-05-09;102.20;101.80;102.20;101.98;96,262;9,816,372;
2018-05-08;102.10;101.60;102.10;101.92;18,778;1,913,840;
2018-05-07;102.00;101.60;102.00;101.87;6,755;688,107;
2018-05-04;101.80;101.50;101.80;101.66;9,056;920,598;
2018-05-03;101.90;101.50;101.50;101.69;48,065;4,887,532;
2018-05-02;101.80;101.40;101.70;101.74;27,292;2,776,735;
2018-05-01;101.80;101.40;101.80;101.70;18,283;1,859,418;
2018-04-30;101.90;101.50;101.60;101.76;8,957;911,440;
2018-04-26;101.40;101.30;101.40;101.31;33,777;3,422,110;
2018-04-25;101.70;101.30;101.30;101.53;20,703;2,101,974;
2018-04-24;101.60;101.30;101.60;101.43;20,118;2,040,569;
2018-04-23;101.70;101.30;101.40;101.56;9,267;941,123;
2018-04-20;101.70;101.30;101.70;101.60;6,402;656,668;
2018-04-19;101.70;101.30;101.30;101.43;11,236;1,139,647;
2018-04-18;;;101.40;;;;
2018-04-17;101.70;101.20;101.40;101.32;34,824;3,528,533;
2018-04-16;101.70;100.30;101.30;101.47;19,856;2,014,748;
2018-04-13;101.80;101.50;101.60;101.51;101,271;10,279,718;
2018-04-12;102.00;101.50;101.60;101.74;8,422;856,860;
2018-04-11;101.70;101.30;101.70;101.41;11,201;1,135,885;
2018-04-10;101.90;101.40;101.80;101.75;16,519;1,680,867;
2018-04-09;102.20;101.70;102.00;102.00;32,105;3,274,646;
2018-04-06;102.10;101.80;101.80;101.95;9,010;918,611;
2018-04-05;102.20;101.80;101.80;101.98;6,691;682,361;
2018-04-04;102.20;101.70;101.70;101.94;8,696;886,481;
2018-04-03;102.20;101.80;102.00;102.03;10,445;1,065,706;
2018-03-28;101.90;101.50;101.90;101.70;7,911;804,553;
2018-03-27;101.80;101.50;101.50;101.75;36,547;3,718,608;
2018-03-26;101.70;101.60;101.70;101.64;10,320;1,048,919;
2018-03-23;101.70;101.50;101.60;101.61;27,786;2,823,280;
2018-03-22;101.90;101.50;101.70;101.65;13,635;1,386,007;
2018-03-21;102.00;101.70;101.70;101.74;16,016;1,629,525;
2018-03-20;102.00;101.60;102.00;101.79;42,923;4,369,344;
2018-03-19;102.10;101.60;101.60;101.80;18,098;1,842,341;
2018-03-16;101.80;101.70;101.80;101.74;7,435;756,440;
2018-03-15;102.10;101.70;101.70;101.82;17,649;1,796,962;
2018-03-14;101.90;101.50;101.60;101.76;17,910;1,822,435;
2018-03-13;101.90;101.50;101.50;101.62;10,475;1,064,434;
2018-03-12;101.90;101.50;101.50;101.64;56,451;5,737,934;
2018-03-09;101.90;101.50;101.70;101.62;46,744;4,750,315;
2018-03-08;101.60;101.20;101.60;101.40;9,739;987,503;
2018-03-07;101.50;101.20;101.20;101.39;36,757;3,726,705;
2018-03-06;101.80;101.40;101.80;101.72;3,553;361,400;
2018-03-05;101.90;101.50;101.60;101.83;18,241;1,857,554;
2018-03-02;101.90;101.60;101.70;101.79;12,775;1,300,371;
2018-03-01;102.10;101.90;102.10;102.04;26,021;2,655,281;
2018-02-28;102.00;101.70;102.00;101.95;15,411;1,571,080;
2018-02-27;101.90;101.60;101.70;101.83;6,401;651,825;
2018-02-26;101.80;101.60;101.60;101.66;94,143;9,570,494;
2018-02-23;102.00;101.60;101.70;101.82;16,536;1,683,692;
2018-02-22;101.90;101.70;101.90;101.84;23,702;2,413,924;
2018-02-21;102.00;101.60;101.90;101.89;9,061;923,228;
2018-02-20;101.90;100.50;101.50;101.66;37,895;3,852,416;
2018-02-19;101.90;101.50;101.90;101.70;7,638;776,766;
2018-02-16;101.70;101.20;101.40;101.27;25,020;2,533,769;
2018-02-15;101.70;101.50;101.50;101.58;2,853;289,796;
2018-02-14;101.80;101.50;101.80;101.73;11,644;1,184,597;
2018-02-13;101.70;101.40;101.70;101.63;6,464;656,825;
2018-02-12;101.90;101.50;101.70;101.77;99,361;10,111,852;
2018-02-09;101.80;101.50;101.50;101.61;18,881;1,918,563;
2018-02-08;102.20;101.60;101.60;101.81;43,599;4,438,702;
2018-02-07;102.00;101.60;101.70;101.72;36,290;3,691,328;
2018-02-06;102.10;101.20;101.80;101.81;23,233;2,365,150;
2018-02-05;102.10;101.70;102.10;101.80;110,256;11,220,327;
2018-02-02;102.20;102.00;102.20;102.17;13,649;1,394,520;
2018-02-01;102.40;102.10;102.10;102.15;15,983;1,632,738;
2018-01-31;102.40;102.10;102.40;102.32;3,849;393,827;
2018-01-30;102.50;102.00;102.30;102.13;171,802;17,544,004;
2018-01-29;102.60;102.20;102.30;102.35;193,971;19,852,270;
2018-01-26;102.50;102.10;102.30;102.32;38,189;3,907,494;
2018-01-25;102.60;102.00;102.10;102.24;68,984;7,053,106;
2018-01-24;102.60;102.20;102.50;102.40;43,543;4,459,069;
2018-01-23;102.80;102.30;102.40;102.40;25,134;2,573,688;
2018-01-22;105.90;105.50;105.50;105.73;15,181;1,605,884;
2018-01-19;105.90;105.50;105.60;105.60;23,723;2,505,100;
2018-01-18;106.00;105.60;105.60;105.84;19,897;2,105,984;
2018-01-17;105.90;105.60;105.60;105.64;4,939;521,777;
2018-01-16;106.00;105.50;105.60;105.78;43,178;4,567,368;
2018-01-15;105.90;105.50;105.50;105.57;5,923;625,299;
2018-01-12;106.60;105.70;106.10;106.09;23,709;2,515,182;
2018-01-11;106.40;106.00;106.30;106.24;46,959;4,988,952;
2018-01-10;106.50;106.00;106.40;106.29;9,409;1,000,744;
2018-01-09;106.50;106.20;106.50;106.48;87,307;9,296,324;
2018-01-08;106.40;106.00;106.40;106.31;36,039;3,831,393;
2018-01-05;106.20;105.80;106.20;106.13;54,595;5,793,941;
2018-01-04;106.10;105.70;106.00;105.87;12,158;1,286,678;
2018-01-03;106.20;105.70;105.80;105.86;9,659;1,022,546;
2018-01-02;106.10;105.00;106.10;105.93;41,259;4,370,651