Date;Highprice;Lowprice;Closingprice;Gennemsnitligepris;Totalvolume;Oms√¶tning;
2023-09-01;977,70;972,31;974,80;;1;;
2023-08-31;979,02;960,93;974,62;;1;;
2023-08-30;985,64;970,28;977,92;;1;;
2023-08-29;983,18;972,93;973,48;;1;;
2023-08-28;980,88;969,04;976,89;;1;;
2023-08-25;977,81;970,23;975,44;;1;;
2023-08-24;984,32;970,70;974,82;;1;;
2023-08-23;984,30;975,12;980,55;;1;;
2023-08-22;984,77;974,02;979,13;;1;;
2023-08-21;985,28;969,84;976,82;;1;;
2023-08-18;989,46;975,06;976,35;;1;;
2023-08-17;986,56;979,48;982,70;;1;;
2023-08-16;988,06;981,74;984,11;;1;;
2023-08-15;985,73;971,72;983,43;;1;;
2023-08-14;986,36;973,93;983,52;;1;;
2023-08-11;987,93;974,22;978,39;;1;;
2023-08-10;986,89;973,59;982,97;;1;;
2023-08-09;991,12;977,46;984,55;;1;;
2023-08-08;983,61;974,57;980,77;;1;;
2023-08-07;982,18;973,20;976,90;;1;;
2023-08-04;979,56;966,62;979,55;;1;;
2023-08-03;974,21;966,24;973,78;;1;;
2023-08-02;978,14;970,18;972,67;;1;;
2023-08-01;980,91;973,00;979,19;;1;;
2023-07-31;984,63;968,17;979,52;;1;;
2023-07-28;984,38;967,67;983,90;;1;;
2023-07-27;979,55;968,07;971,77;;1;;
2023-07-26;979,71;971,82;973,09;;1;;
2023-07-25;980,44;970,96;980,42;;1;;
2023-07-24;976,26;960,74;975,34;;1;;
2023-07-21;975,72;961,83;975,70;;1;;
2023-07-20;976,73;966,63;974,45;;1;;
2023-07-19;974,42;964,12;974,09;;1;;
2023-07-18;964,95;956,74;963,53;;1;;
2023-07-17;960,05;953,10;958,69;;1;;
2023-07-14;962,60;958,32;960,70;;1;;
2023-07-13;960,77;954,68;959,87;;1;;
2023-07-12;958,93;951,12;957,09;;1;;
2023-07-11;957,57;949,67;951,72;;1;;
2023-07-10;960,99;950,71;953,40;;1;;
2023-07-07;962,72;951,09;962,71;;1;;
2023-07-06;960,79;953,67;958,84;;1;;
2023-07-05;967,61;954,71;958,20;;1;;
2023-07-04;961,97;947,55;956,08;;1;;
2023-07-03;953,69;935,21;952,42;;1;;
2023-06-30;945,45;940,75;944,04;;1;;
2023-06-29;951,07;942,67;945,17;;1;;
2023-06-28;951,19;945,19;949,54;;1;;
2023-06-27;951,86;941,07;950,38;;1;;
2023-06-26;954,00;946,45;947,72;;1;;
2023-06-23;962,08;953,11;955,96;;1;;
2023-06-22;965,49;958,82;962,85;;1;;
2023-06-21;963,08;956,55;963,07;;1;;
2023-06-20;962,21;958,26;960,94;;1;;
2023-06-19;968,94;960,88;961,27;;1;;
2023-06-16;974,80;967,71;968,19;;1;;
2023-06-15;972,70;967,46;970,75;;1;;
2023-06-14;977,16;968,68;973,14;;1;;
2023-06-13;977,43;968,03;973,00;;1;;
2023-06-12;981,78;972,91;981,77;;1;;
2023-06-09;981,54;974,51;978,73;;1;;
2023-06-08;984,98;975,55;976,68;;1;;
2023-06-07;981,37;974,96;978,49;;1;;
2023-06-06;978,95;969,84;977,07;;1;;
2023-06-05;966,12;966,08;966,09;;1;;
2023-06-02;970,35;958,82;966,10;;1;;
2023-06-01;964,74;958,14;962,38;;1;;
2023-05-31;971,76;953,41;959,56;;1;;
2023-05-30;970,60;956,57;968,74;;1;;
2023-05-29;958,16;958,14;958,15;;1;;
2023-05-26;960,15;952,96;958,15;;1;;
2023-05-25;960,18;953,25;954,04;;1;;
2023-05-24;959,00;951,12;952,97;;1;;
2023-05-23;961,89;956,35;957,20;;1;;
2023-05-22;965,67;955,89;962,22;;1;;
2023-05-19;964,44;964,40;964,43;;1;;
2023-05-18;964,43;964,39;964,41;;1;;
2023-05-17;968,26;960,09;964,39;;1;;
2023-05-16;972,41;961,19;965,65;;1;;
2023-05-15;981,98;965,90;969,28;;1;;
2023-05-12;983,68;970,50;972,09;;1;;
2023-05-11;980,92;972,87;977,27;;1;;
2023-05-10;984,24;975,70;975,70;;1;;
2023-05-09;984,79;975,21;982,94;;1;;
2023-05-08;987,85;976,63;985,68;;1;;
2023-05-05;980,97;980,88;980,95;;1;;
2023-05-04;984,45;966,78;980,95;;1;;
2023-05-03;970,34;965,88;969,56;;1;;
2023-05-02;985,63;965,19;968,02;;1;;
2023-05-01;990,63;980,12;982,15;;1;;
2023-04-28;987,88;975,90;984,60;;1;;
2023-04-27;984,46;969,24;980,30;;1;;
2023-04-26;976,97;964,49;969,51;;1;;
2023-04-25;979,33;968,82;973,20;;1;;
2023-04-24;979,13;969,82;971,02;;1;;
2023-04-21;978,99;972,90;977,43;;1;;
2023-04-20;976,27;970,63;976,08;;1;;
2023-04-19;975,33;969,50;975,32;;1;;
2023-04-18;980,54;973,52;974,70;;1;;
2023-04-17;976,88;966,83;976,72;;1;;
2023-04-14;969,23;963,55;968,02;;1;;
2023-04-13;977,56;965,14;968,66;;1;;
2023-04-12;979,83;969,84;974,19;;1;;
2023-04-11;987,43;978,01;979,66;;1;;
2023-04-10;980,22;980,16;980,21;;1;;
2023-04-07;980,32;980,17;980,21;;1;;
2023-04-06;980,22;980,15;980,21;;1;;
2023-04-05;985,24;978,12;980,17;;1;;
2023-04-04;985,48;974,53;983,91;;1;;
2023-04-03;981,00;972,98;979,18;;1;;
2023-03-31;978,54;967,01;977,83;;1;;
2023-03-30;970,72;960,92;970,13;;1;;
2023-03-29;969,00;960,01;968,33;;1;;
2023-03-28;968,85;962,65;966,05;;1;;
2023-03-27;978,02;965,59;968,00;;1;;
2023-03-24;980,68;972,39;978,72;;1;;
2023-03-23;978,07;968,85;973,52;;1;;
2023-03-22;981,19;971,98;976,45;;1;;
2023-03-21;984,97;972,32;978,20;;1;;
2023-03-20;983,70;972,77;983,43;;1;;
2023-03-17;980,30;972,15;977,27;;1;;
2023-03-16;979,61;970,24;977,00;;1;;
2023-03-15;985,11;974,36;980,02;;1;;
2023-03-14;978,76;962,31;977,94;;1;;
2023-03-13;977,60;960,59;969,77;;1;;
2023-03-10;983,11;976,07;978,12;;1;;
2023-03-09;981,41;968,87;980,55;;1;;
2023-03-08;986,92;973,00;980,19;;1;;
2023-03-07;989,69;977,47;984,58;;1;;
2023-03-06;994,18;986,58;987,88;;1;;
2023-03-03;991,69;985,24;988,11;;1;;
2023-03-02;988,85;978,54;984,88;;1;;
2023-03-01;993,84;986,54;989,10;;1;;
2023-02-28;997,84;988,96;991,07;;1;;
2023-02-27;1.000,53;990,43;997,32;;1;;
2023-02-24;1.001,21;988,56;993,85;;1;;
2023-02-23;993,65;985,85;987,49;;1;;
2023-02-22;990,18;984,94;986,08;;1;;
2023-02-21;1.001,09;985,91;989,33;;1;;
2023-02-20;1.000,23;988,75;997,60;;1;;
2023-02-17;993,07;983,46;993,07;;1;;
2023-02-16;992,96;980,35;988,30;;1;;
2023-02-15;995,27;983,14;984,69;;1;;
2023-02-14;995,76;984,70;989,88;;1;;
2023-02-13;999,70;985,85;987,56;;1;;
2023-02-10;997,59;986,47;994,75;;1;;
2023-02-09;1.002,99;991,78;993,38;;1;;
2023-02-08;1.005,90;993,27;1.001,29;;1;;
2023-02-07;1.004,63;997,56;999,60;;1;;
2023-02-06;1.010,43;994,86;998,98;;1;;
2023-02-03;1.006,74;997,73;1.002,29;;1;;
2023-02-02;1.002,27;987,67;1.002,20;;1;;
2023-02-01;987,22;967,22;984,54;;1;;
2023-01-31;979,20;965,79;978,10;;1;;
2023-01-30;981,53;972,26;972,53;;1;;
2023-01-27;984,21;971,79;981,10;;1;;
2023-01-26;977,56;966,64;975,37;;1;;
2023-01-25;977,08;967,24;969,79;;1;;
2023-01-24;980,83;973,20;975,10;;1;;
2023-01-23;979,07;970,38;972,87;;1;;
2023-01-20;977,91;966,94;977,60;;1;;
2023-01-19;977,34;967,64;974,26;;1;;
2023-01-18;979,72;967,87;976,31;;1;;
2023-01-17;977,27;968,33;969,35;;1;;
2023-01-16;978,71;970,10;978,21;;1;;
2023-01-13;973,41;965,69;973,39;;1;;
2023-01-12;970,52;964,43;967,96;;1;;
2023-01-11;981,34;965,15;966,95;;1;;
2023-01-10;981,59;968,44;975,58;;1;;
2023-01-09;976,50;964,00;973,35;;1;;
2023-01-06;971,79;963,76;966,68;;1;;
2023-01-05;973,32;965,23;967,10;;1;;
2023-01-04;970,73;962,05;970,72;;1;;
2023-01-03;967,65;948,63;961,15;;1;;
2023-01-02;954,49;942,25;953,87;;1;;
2022-12-30;947,87;929,74;947,86;;1;;
2022-12-29;943,34;925,62;939,95;;1;;
2022-12-28;937,60;927,08;937,60;;1;;
2022-12-27;934,93;924,61;929,12;;1;;
2022-12-26;930,55;930,51;930,51;;1;;
2022-12-23;939,56;925,45;930,51;;1;;
2022-12-22;943,58;933,76;936,03;;1;;
2022-12-21;943,72;932,92;943,31;;1;;
2022-12-20;935,68;923,66;925,35;;1;;
2022-12-19;941,94;919,40;934,14;;1;;
2022-12-16;948,74;937,93;942,15;;1;;
2022-12-15;956,87;942,48;946,94;;1;;
2022-12-14;955,90;943,96;954,64;;1;;
2022-12-13;952,81;944,96;946,76;;1;;
2022-12-12;953,25;946,46;946,47;;1;;
2022-12-09;953,43;944,60;952,82;;1;;
2022-12-08;953,15;944,74;947,62;;1;;
2022-12-07;954,36;940,57;944,87;;1;;
2022-12-06;965,12;948,10;954,02;;1;;
2022-12-05;970,21;956,80;962,85;;1;;
2022-12-01;973,66;961,14;972,00;;1;;
2022-11-30;967,59;955,87;961,64;;1;;
2022-11-29;966,96;955,96;966,94;;1;;
2022-11-28;960,58;952,41;953,81;;1;;
2022-11-25;964,88;950,70;955,90;;1;;
2022-11-24;957,04;931,72;954,72;;1;;
2022-11-23;939,38;929,34;930,47;;1;;
2022-11-22;949,06;933,15;933,15;;1;;
2022-11-21;955,14;940,93;943,99;;1;;
2022-11-18;956,46;949,60;952,50;;1;;
2022-11-17;965,84;952,39;954,49;;1;;
2022-11-16;970,34;959,16;960,89;;1;;
2022-11-15;974,75;963,19;969,30;;1;;
2022-11-14;974,79;959,58;973,68;;1;;
2022-11-11;973,47;963,06;967,75;;1;;
2022-11-09;962,33;953,84;955,25;;1;;
2022-11-08;969,17;958,43;960,90;;1;;
2022-11-07;973,88;963,23;967,90;;1;;
2022-11-04;973,73;966,35;970,89;;1;;
2022-11-03;978,71;962,07;969,32;;1;;
2022-11-02;971,16;956,01;967,26;;1;;
2022-11-01;960,97;952,92;956,16;;1;;
2022-10-31;950,98;942,07;950,84;;1;;
2022-10-28;946,21;938,01;946,20;;1;;
2022-10-27;945,83;938,86;938,99;;1;;
2022-10-26;956,08;938,42;943,03;;1;;
2022-10-25;952,09;942,09;944,88;;1;;
2022-10-24;949,56;937,35;949,55;;1;;
2022-10-21;947,10;940,48;944,53;;1;;
2022-10-19;959,82;949,75;955,18;;1;;
2022-10-18;961,15;952,19;957,29;;1;;
2022-10-17;958,92;948,90;956,30;;1;;
2022-10-14;950,94;937,80;947,63;;1;;
2022-10-12;940,64;933,89;937,86;;1;;
2022-10-11;945,74;935,20;936,18;;1;;
2022-10-10;946,03;939,43;945,40;;1;;
2022-10-07;948,96;942,46;948,95;;1;;
2022-10-06;955,03;945,03;946,38;;1;;
2022-10-05;954,24;942,46;948,46;;1;;
2022-10-04;953,59;941,36;953,59;;1;;
2022-09-30;957,84;949,88;951,34;;1;;
2022-09-29;954,46;943,17;949,27;;1;;
2022-09-28;964,00;949,53;955,68;;1;;
2022-09-27;968,92;956,44;963,67;;1;;
2022-09-26;978,86;961,24;968,59;;1;;
2022-09-23;984,92;971,06;980,11;;1;;
2022-09-22;982,35;973,09;977,67;;1;;
2022-09-21;988,39;976,82;983,94;;1;;
2022-09-20;992,54;977,43;978,00;;1;;
2022-09-19;983,41;976,43;983,26;;1;;
2022-09-16;1.000,41;983,74;984,26;;1;;
2022-09-15;999,01;993,85;995,78;;1;;
2022-09-14;999,94;992,38;999,04;;1;;
2022-09-13;1.009,58;990,07;990,36;;1;;
2022-09-12;1.014,74;1.001,31;1.007,65;;1;;
2022-09-09;1.010,35;998,21;1.007,74;;1;;
2022-09-08;1.009,88;997,15;997,41;;1;;
2022-09-07;1.006,84;996,15;1.006,05;;1;;
2022-09-06;1.009,49;998,34;1.002,65;;1;;
2022-09-05;1.022,98;997,26;1.006,66;;1;;
2022-09-02;1.029,57;1.017,84;1.018,72;;1;;
2022-09-01;1.023,50;1.013,44;1.018,44;;1;;
2022-08-31;1.023,99;1.010,63;1.020,91;;1;;
2022-08-30;1.023,08;1.012,39;1.020,60;;1;;
2022-08-29;1.020,36;1.012,01;1.019,26;;1;;
2022-08-26;1.030,11;1.018,20;1.021,36;;1;;
2022-08-25;1.030,03;1.020,96;1.027,62;;1;;
2022-08-24;1.029,45;1.012,79;1.029,44;;1;;
2022-08-23;1.021,31;1.011,98;1.017,29;;1;;
2022-08-22;1.030,58;1.011,64;1.015,11;;1;;
2022-08-19;1.024,52;1.018,42;1.024,52;;1;;
2022-08-18;1.026,73;1.015,81;1.019,25;;1;;
2022-08-17;1.028,78;1.017,98;1.023,87;;1;;
2022-08-16;1.031,80;1.018,47;1.027,99;;1;;
2022-08-15;1.029,57;1.018,90;1.027,62;;1;;
2022-08-12;1.033,22;1.018,78;1.024,68;;1;;
2022-08-11;1.035,86;1.025,97;1.028,02;;1;;
2022-08-10;1.032,01;1.021,10;1.028,00;;1;;
2022-08-09;1.037,24;1.028,88;1.031,75;;1;;
2022-08-08;1.047,50;1.030,04;1.033,83;;1;;
2022-08-05;1.046,66;1.035,16;1.042,38;;1;;
2022-08-04;1.045,33;1.035,21;1.041,49;;1;;
2022-08-03;1.039,77;1.030,06;1.038,95;;1;;
2022-08-02;1.040,78;1.028,84;1.035,23;;1;;
2022-08-01;1.040,43;1.031,45;1.036,72;;1;;
2022-07-29;1.039,61;1.026,98;1.039,36;;1;;
2022-07-28;1.035,67;1.026,97;1.035,66;;1;;
2022-07-27;1.042,87;1.026,78;1.028,88;;1;;
2022-07-26;1.041,79;1.030,74;1.041,38;;1;;
2022-07-25;1.041,47;1.034,74;1.038,22;;1;;
2022-07-22;1.033,99;1.026,71;1.033,88;;1;;
2022-07-21;1.034,49;1.027,14;1.028,82;;1;;
2022-07-20;1.037,18;1.027,97;1.031,24;;1;;
2022-07-19;1.035,67;1.028,63;1.030,20;;1;;
2022-07-18;1.037,37;1.029,12;1.036,06;;1;;
2022-07-15;1.038,40;1.025,64;1.030,05;;1;;
2022-07-14;1.038,02;1.023,23;1.037,18;;1;;
2022-07-12;1.034,77;1.023,74;1.028,99;;1;;
2022-07-11;1.039,31;1.029,80;1.030,56;;1;;
2022-07-08;1.044,75;1.027,00;1.040,70;;1;;
2022-07-07;1.040,24;1.032,86;1.040,24;;1;;
2022-07-05;1.031,42;1.020,52;1.027,46;;1;;
2022-07-04;1.030,25;1.017,07;1.021,12;;1;;
2022-07-01;1.043,72;1.024,45;1.030,64;;1;;
2022-06-30;1.034,11;1.020,37;1.031,26;;1;;
2022-06-29;1.042,32;1.028,27;1.030,12;;1;;
2022-06-28;1.045,83;1.028,53;1.038,75;;1;;
2022-06-27;1.050,06;1.029,67;1.035,85;;1;;
2022-06-24;1.046,90;1.032,21;1.046,04;;1;;
2022-06-23;1.048,52;1.030,21;1.039,03;;1;;
2022-06-22;1.052,30;1.039,25;1.046,35;;1;;
2022-06-21;1.055,35;1.044,46;1.050,62;;1;;
2022-06-20;1.056,51;1.042,60;1.044,29;;1;;
2022-06-17;1.050,53;1.038,60;1.045,81;;1;;
2022-06-16;1.056,49;1.043,01;1.044,14;;1;;
2022-06-15;1.074,08;1.051,26;1.056,04;;1;;
2022-06-14;1.087,57;1.069,59;1.072,35;;1;;
2022-06-13;1.093,96;1.080,11;1.083,82;;1;;
2022-06-10;1.093,59;1.085,59;1.092,48;;1;;
2022-06-09;1.104,36;1.086,80;1.089,58;;1;;
2022-06-08;1.109,37;1.097,16;1.104,17;;1;;
2022-06-07;1.118,22;1.098,60;1.106,95;;1;;
2022-06-06;1.118,40;1.118,38;1.118,39;;1;;
2022-06-03;1.125,15;1.110,48;1.118,39;;1;;
2022-06-02;1.126,93;1.118,24;1.125,35;;1;;
2022-06-01;1.125,87;1.116,43;1.125,42;;1;;
2022-05-31;1.123,25;1.111,76;1.122,16;;1;;
2022-05-30;1.127,13;1.103,78;1.124,11;;1;;
2022-05-27;1.107,43;1.107,36;1.107,37;;1;;
2022-05-26;1.107,44;1.107,40;1.107,43;;1;;
2022-05-25;1.110,22;1.100,54;1.107,41;;1;;
2022-05-24;1.122,00;1.104,29;1.104,65;;1;;
2022-05-23;1.142,18;1.105,63;1.122,78;;1;;
2022-05-20;1.124,98;1.106,90;1.124,97;;1;;
2022-05-19;1.120,89;1.106,77;1.110,25;;1;;
2022-05-18;1.126,64;1.111,18;1.120,09;;1;;
2022-05-17;1.120,08;1.103,27;1.119,92;;1;;
2022-05-16;1.112,11;1.098,36;1.109,55;;1;;
2022-05-13;1.107,73;1.107,69;1.107,72;;1;;
2022-05-12;1.129,09;1.101,15;1.107,70;;1;;
2022-05-11;1.129,09;1.114,99;1.126,12;;1;;
2022-05-10;1.131,87;1.117,17;1.118,90;;1;;
2022-05-09;1.158,81;1.131,38;1.133,08;;1;;
2022-05-06;1.159,14;1.142,03;1.154,20;;1;;
2022-05-05;1.182,54;1.155,92;1.156,91;;1;;
2022-05-04;1.185,37;1.171,86;1.178,62;;1;;
2022-05-03;1.194,14;1.182,23;1.188,95;;1;;
2022-05-02;1.206,98;1.184,90;1.187,69;;1;;
2022-04-29;1.211,95;1.186,12;1.203,49;;1;;
2022-04-28;1.223,39;1.205,99;1.209,87;;1;;
2022-04-27;1.227,11;1.212,83;1.223,40;;1;;
2022-04-26;1.218,65;1.205,80;1.217,67;;1;;
2022-04-25;1.236,62;1.212,41;1.213,75;;1;;
2022-04-22;1.244,21;1.232,15;1.238,80;;1;;
2022-04-21;1.255,59;1.238,91;1.242,99;;1;;
2022-04-20;1.253,51;1.239,81;1.244,82;;1;;
2022-04-19;1.251,69;1.233,04;1.248,64;;1;;
2022-04-18;1.242,59;1.242,55;1.242,57;;1;;
2022-04-13;1.253,00;1.240,42;1.242,57;;1;;
2022-04-12;1.263,85;1.249,07;1.254,76;;1;;
2022-04-11;1.271,11;1.254,32;1.258,06;;1;;
2022-04-08;1.273,12;1.254,82;1.265,24;;1;;
2022-04-07;1.276,76;1.257,49;1.263,08;;1;;
2022-04-06;1.275,24;1.251,96;1.256,59;;1;;
2022-04-05;1.265,10;1.237,84;1.261,44;;1;;
2022-04-04;1.266,31;1.242,98;1.244,18;;1;;
2022-04-01;1.254,74;1.224,57;1.254,74;;1;;
2022-03-31;1.242,33;1.224,60;1.237,04;;1;;
2022-03-30;1.237,20;1.226,47;1.233,30;;1;;
2022-03-29;1.236,12;1.211,12;1.236,11;;1;;
2022-03-28;1.220,83;1.210,52;1.213,27;;1;;
2022-03-25;1.220,23;1.207,63;1.211,70;;1;;
2022-03-24;1.221,21;1.200,62;1.212,98;;1;;
2022-03-23;1.210,09;1.197,27;1.200,69;;1;;
2022-03-22;1.207,50;958,95;1.205,18;;1;;
2022-03-21;972,69;962,60;967,88;;1;;
2022-03-18;961,85;943,57;961,64;;1;;
2022-03-17;949,14;941,52;946,96;;1;;
2022-03-16;945,06;927,08;942,89;;1;;
2022-03-15;932,40;921,27;932,40;;1;;
2022-03-14;932,47;925,45;927,83;;1;;
2022-03-11;933,10;925,95;930,32;;1;;
2022-03-10;934,78;922,63;928,70;;1;;
2022-03-09;927,76;911,94;927,76;;1;;
2022-03-08;984,69;975,85;979,12;;1;;
2022-03-07;988,70;970,71;987,91;;1;;
2022-03-04;1.007,27;995,06;996,50;;1;;
2022-03-03;1.016,09;1.004,33;1.009,73;;1;;
2022-03-02;1.011,53;1.004,28;1.011,51;;1;;
2022-03-01;1.017,53;1.006,89;1.007,88;;1;;
2022-02-28;1.017,04;1.000,98;1.014,53;;1;;
2022-02-25;1.016,99;992,45;1.010,93;;1;;
2022-02-24;1.011,55;986,29;995,32;;1;;
2022-02-23;1.036,99;1.022,72;1.026,57;;1;;
2022-02-22;1.025,68;1.004,12;1.025,66;;1;;
2022-02-21;1.051,09;1.030,80;1.034,36;;1;;
2022-02-18;1.069,33;1.048,47;1.051,93;;1;;
2022-02-17;1.068,66;1.061,79;1.064,55;;1;;
2022-02-16;1.072,47;1.058,93;1.062,81;;1;;
2022-02-15;1.064,81;1.045,20;1.064,80;;1;;
2022-02-14;1.069,57;1.044,31;1.044,31;;1;;
2022-02-11;1.078,82;1.062,12;1.070,35;;1;;
2022-02-10;1.079,17;1.068,20;1.079,17;;1;;
2022-02-09;1.082,56;1.064,42;1.074,89;;1;;
2022-02-08;1.082,85;1.062,33;1.074,87;;1;;
2022-02-07;1.088,68;1.067,18;1.074,79;;1;;
2022-02-04;1.091,61;1.075,66;1.083,51;;1;;
2022-02-03;1.102,54;1.077,12;1.083,81;;1;;
2022-02-02;1.101,57;1.078,97;1.095,19;;1;;
2022-02-01;1.084,24;1.067,66;1.076,99;;1;;
2022-01-31;1.072,72;1.060,06;1.070,54;;1;;
2022-01-28;1.059,96;1.050,94;1.055,82;;1;;
2022-01-27;1.061,64;1.040,10;1.051,21;;1;;
2022-01-26;1.058,72;1.036,20;1.058,07;;1;;
2022-01-25;1.050,77;1.033,24;1.036,59;;1;;
2022-01-24;1.066,98;1.030,06;1.041,55;;1;;
2022-01-21;1.092,04;1.067,21;1.068,68;;1;;
2022-01-20;1.092,40;1.078,64;1.088,00;;1;;
2022-01-19;1.089,44;1.076,47;1.087,12;;1;;
2022-01-18;1.109,35;1.087,80;1.088,73;;1;;
2022-01-17;1.114,23;1.103,09;1.109,21;;1;;
2022-01-14;1.117,72;1.105,58;1.113,69;;1;;
2022-01-13;1.116,11;1.100,60;1.114,53;;1;;
2022-01-12;1.112,35;1.097,31;1.112,35;;1;;
2022-01-11;1.102,19;1.094,64;1.097,13;;1;;
2022-01-10;1.105,95;1.084,56;1.093,58;;1;;
2022-01-06;1.097,52;1.082,77;1.090,91;;1;;
2022-01-05;1.102,60;1.087,64;1.102,60;;1;;
2022-01-04;1.092,47;1.076,78;1.089,67;;1;;
2022-01-03;1.091,52;1.076,84;1.087,91;;1;;
2021-12-31;1.072,55;1.072,50;1.072,53;;1;;
2021-12-30;1.072,50;1.055,98;1.072,50;;1;;
2021-12-29;1.069,81;1.058,66;1.067,35;;1;;
2021-12-28;1.078,70;1.064,54;1.070,71;;1;;
2021-12-27;1.080,80;1.064,71;1.070,07;;1;;
2021-12-23;1.082,33;1.071,25;1.078,24;;1;;
2021-12-22;1.077,10;1.060,28;1.077,10;;1;;
2021-12-21;1.071,97;1.059,30;1.063,83;;1;;
2021-12-20;1.085,96;1.058,25;1.064,19;;1;;
2021-12-17;1.096,98;1.079,18;1.086,93;;1;;
2021-12-16;1.102,81;1.086,32;1.097,74;;1;;
2021-12-15;1.102,96;1.080,99;1.089,68;;1;;
2021-12-14;1.110,60;1.091,34;1.097,03;;1;;
2021-12-13;1.128,66;1.099,79;1.107,76;;1;;
2021-12-10;1.133,61;1.115,87;1.122,70;;1;;
2021-12-09;1.138,21;1.127,89;1.134,91;;1;;
2021-12-08;1.137,20;1.121,11;1.132,34;;1;;
2021-12-07;1.134,69;1.121,66;1.128,45;;1;;
2021-12-06;1.145,56;1.119,22;1.127,22;;1;;
2021-12-03;1.158,50;1.139,64;1.142,37;;1;;
2021-12-02;1.165,87;1.135,42;1.146,80;;1;;
2021-12-01;1.165,66;1.149,21;1.163,09;;1;;
2021-11-30;1.172,76;1.146,86;1.162,43;;1;;
2021-11-29;1.174,08;1.159,08;1.174,08;;1;;
2021-11-26;1.172,68;1.152,09;1.162,04;;1;;
2021-11-25;1.179,68;1.164,96;1.176,85;;1;;
2021-11-24;1.169,02;1.159,12;1.162,94;;1;;
2021-11-23;1.180,79;1.163,76;1.165,87;;1;;
2021-11-22;1.196,84;1.177,97;1.182,93;;1;;
2021-11-19;1.198,22;1.185,50;1.194,08;;1;;
2021-11-18;1.203,27;1.188,96;1.189,35;;1;;
2021-11-17;1.212,88;1.199,33;1.204,61;;1;;
2021-11-16;1.225,07;1.201,05;1.207,08;;1;;
2021-11-15;1.235,10;1.217,38;1.223,93;;1;;
2021-11-12;1.237,44;1.229,40;1.229,62;;1;;
2021-11-11;1.250,29;1.234,91;1.238,66;;1;;
2021-11-10;1.257,39;1.241,40;1.256,54;;1;;
2021-11-09;1.253,97;1.240,83;1.252,28;;1;;
2021-11-08;1.264,20;1.240,81;1.243,23;;1;;
2021-11-05;1.272,61;1.249,61;1.259,31;;1;;
2021-11-04;1.689,23;1.271,55;1.282,71;;1;;
2021-11-03;1.702,35;1.670,25;1.686,44;;1;;
2021-11-02;1.692,94;1.659,34;1.687,83;;1;;
2021-11-01;1.679,79;1.663,92;1.669,14;;1;;
2021-10-29;1.676,07;1.661,98;1.675,90;;1;;
2021-10-28;1.685,59;1.665,00;1.673,41;;1;;
2021-10-27;1.683,63;1.666,32;1.683,63;;1;;
2021-10-26;1.687,07;1.669,38;1.673,75;;1;;
2021-10-25;1.693,81;1.678,25;1.679,18;;1;;
2021-10-22;1.693,69;1.675,23;1.687,12;;1;;
2021-10-21;1.688,57;1.675,79;1.684,64;;1;;
2021-10-20;1.689,66;1.676,05;1.680,65;;1;;
2021-10-19;1.689,97;1.663,59;1.681,82;;1;;
2021-10-18;1.700,30;1.671,40;1.680,90;;1;;
2021-10-15;1.696,72;1.676,23;1.694,14;;1;;
2021-10-14;1.712,90;1.683,00;1.685,97;;1;;
2021-10-13;1.702,10;1.670,96;1.702,10;;1;;
2021-10-12;1.677,78;1.654,26;1.677,78;;1;;
2021-10-11;1.684,60;1.651,86;1.664,67;;1;;
2021-10-08;1.690,76;1.676,53;1.677,66;;1;;
2021-10-07;1.702,54;1.663,55;1.683,94;;1;;
2021-10-06;1.706,14;1.673,84;1.692,29;;1;;
2021-10-05;1.702,20;1.678,42;1.697,20;;1;;
2021-10-04;1.720,89;1.691,63;1.691,84;;1;;
2021-10-01;1.735,88;1.700,67;1.704,73;;1;;
2021-09-30;1.760,04;1.726,87;1.734,00;;1;;
2021-09-29;1.760,19;1.743,59;1.750,75;;1;;
2021-09-28;1.770,64;1.741,91;1.759,46;;1;;
2021-09-27;1.784,80;1.763,09;1.770,97;;1;;
2021-09-24;1.775,47;1.762,74;1.770,37;;1;;
2021-09-23;1.772,04;1.752,65;1.758,99;;1;;
2021-09-22;1.774,57;1.746,52;1.755,50;;1;;
2021-09-21;1.757,05;1.723,54;1.756,54;;1;;
2021-09-20;1.801,99;1.730,72;1.747,78;;1;;
2021-09-17;1.819,30;1.794,95;1.803,65;;1;;
2021-09-16;1.815,86;1.795,73;1.802,77;;1;;
2021-09-15;1.797,74;1.770,99;1.785,42;;1;;
2021-09-14;1.822,96;1.774,39;1.776,28;;1;;
2021-09-13;1.831,72;1.804,05;1.811,63;;1;;
2021-09-10;1.839,56;1.809,28;1.830,33;;1;;
2021-09-09;1.821,43;1.787,61;1.807,48;;1;;
2021-09-08;1.824,34;1.774,40;1.798,56;;1;;
2021-09-07;1.786,33;1.768,30;1.779,79;;1;;
2021-09-06;1.790,35;1.740,43;1.776,48;;1;;
2021-09-03;1.744,16;1.716,60;1.719,60;;1;;
2021-09-02;1.744,74;1.729,72;1.739,80;;1;;
2021-09-01;1.750,03;1.726,18;1.732,84;;1;;
2021-08-31;1.763,40;1.741,23;1.748,71;;1;;
2021-08-30;1.765,62;1.742,57;1.760,38;;1;;
2021-08-27;1.777,52;1.747,78;1.757,56;;1;;
2021-08-26;1.782,15;1.731,05;1.754,63;;1;;
2021-08-25;1.743,13;1.712,36;1.737,79;;1;;
2021-08-24;1.727,07;1.701,87;1.711,22;;1;;
2021-08-23;1.728,98;1.692,84;1.706,16;;1;;
2021-08-20;1.705,43;1.689,21;1.696,56;;1;;
2021-08-19;1.711,84;1.680,04;1.695,18;;1;;
2021-08-18;1.718,11;1.701,56;1.707,93;;1;;
2021-08-17;1.737,45;1.716,69;1.721,11;;1;;
2021-08-16;1.739,28;1.719,77;1.726,47;;1;;
2021-08-13;1.737,83;1.711,07;1.721,26;;1;;
2021-08-12;1.739,08;1.725,87;1.729,39;;1;;
2021-08-11;1.739,79;1.728,85;1.739,14;;1;;
2021-08-10;1.736,92;1.720,89;1.736,59;;1;;
2021-08-09;1.721,46;1.712,74;1.718,69;;1;;
2021-08-06;1.720,03;1.703,97;1.714,59;;1;;
2021-08-05;1.718,93;1.698,16;1.715,26;;1;;
2021-08-04;1.721,50;1.698,26;1.707,78;;1;;
2021-08-03;1.708,11;1.697,24;1.704,63;;1;;
2021-08-02;1.708,71;1.694,12;1.701,05;;1;;
2021-07-30;1.704,12;1.683,08;1.702,19;;1;;
2021-07-29;1.716,99;1.693,89;1.705,65;;1;;
2021-07-28;1.713,99;1.687,98;1.711,48;;1;;
2021-07-27;1.707,04;1.684,76;1.694,78;;1;;
2021-07-26;1.696,23;1.680,87;1.686,29;;1;;
2021-07-23;1.699,33;1.672,41;1.694,15;;1;;
2021-07-22;1.680,05;1.668,75;1.670,57;;1;;
2021-07-21;1.688,08;1.673,94;1.679,03;;1;;
2021-07-20;1.691,85;1.671,97;1.680,59;;1;;
2021-07-19;1.712,74;1.679,25;1.684,03;;1;;
2021-07-16;1.712,55;1.698,41;1.712,53;;1;;
2021-07-15;1.716,22;1.693,94;1.705,06;;1;;
2021-07-14;1.715,96;1.701,68;1.714,97;;1;;
2021-07-13;1.714,68;1.692,89;1.704,62;;1;;
2021-07-12;1.709,34;1.684,45;1.688,11;;1;;
2021-07-09;1.704,08;1.679,32;1.698,13;;1;;
2021-07-08;1.685,02;1.671,87;1.679,33;;1;;
2021-07-07;1.687,97;1.671,99;1.679,62;;1;;
2021-07-06;1.687,90;1.664,77;1.681,42;;1;;
2021-07-05;1.696,36;1.672,01;1.676,69;;1;;
2021-07-02;1.702,72;1.685,53;1.691,82;;1;;
2021-07-01;1.708,05;1.677,79;1.701,74;;1;;
2021-06-30;1.686,44;1.670,36;1.676,05;;1;;
2021-06-29;1.675,72;1.662,70;1.671,67;;1;;
2021-06-28;1.675,99;1.657,90;1.668,46;;1;;
2021-06-25;1.672,25;1.655,03;1.668,18;;1;;
2021-06-24;1.662,54;1.648,90;1.658,14;;1;;
2021-06-23;1.672,07;1.650,58;1.658,33;;1;;
2021-06-22;1.664,20;1.653,01;1.662,00;;1;;
2021-06-21;1.663,62;1.641,38;1.651,19;;1;;
2021-06-18;1.679,79;1.661,47;1.663,24;;1;;
2021-06-17;1.679,38;1.663,98;1.676,11;;1;;
2021-06-16;1.692,77;1.670,39;1.678,57;;1;;
2021-06-15;1.695,59;1.679,04;1.686,43;;1;;
2021-06-14;1.711,71;1.694,03;1.695,23;;1;;
2021-06-11;1.702,78;1.680,76;1.697,66;;1;;
2021-06-10;1.701,31;1.676,92;1.689,47;;1;;
2021-06-09;1.701,99;1.684,00;1.688,98;;1;;
2021-06-08;1.708,12;1.690,40;1.695,91;;1;;
2021-06-07;1.733,13;1.699,77;1.705,89;;1;;
2021-06-04;1.727,90;1.705,05;1.715,31;;1;;
2021-06-03;1.751,46;1.707,88;1.709,24;;1;;
2021-06-02;1.736,68;1.723,78;1.729,53;;1;;
2021-06-01;1.734,59;1.717,84;1.725,26;;1;;
2021-05-31;1.728,32;1.712,82;1.721,48;;1;;
2021-05-28;1.726,26;1.707,14;1.720,85;;1;;
2021-05-27;1.753,36;1.719,27;1.724,65;;1;;
2021-05-26;1.762,31;1.735,39;1.748,17;;1;;
2021-05-25;1.769,90;1.742,69;1.757,78;;1;;
2021-05-24;1.752,01;1.751,97;1.751,99;;1;;
2021-05-21;1.756,92;1.735,06;1.751,98;;1;;
2021-05-20;1.750,12;1.731,25;1.745,26;;1;;
2021-05-19;1.754,04;1.734,85;1.745,07;;1;;
2021-05-18;1.785,51;1.747,83;1.751,09;;1;;
2021-05-17;1.791,54;1.765,56;1.783,93;;1;;
2021-05-14;1.779,86;1.779,82;1.779,85;;1;;
2021-05-13;1.779,86;1.779,82;1.779,84;;1;;
2021-05-12;1.782,30;1.767,78;1.779,83;;1;;
2021-05-11;1.798,20;1.760,43;1.774,61;;1;;
2021-05-10;1.794,90;1.774,22;1.779,92;;1;;
2021-05-07;1.794,01;1.776,46;1.793,03;;1;;
2021-05-06;1.805,59;1.769,36;1.771,72;;1;;
2021-05-05;1.816,33;1.783,87;1.803,37;;1;;
2021-05-04;1.808,12;1.788,70;1.790,72;;1;;
2021-05-03;1.807,90;1.774,47;1.805,57;;1;;
2021-04-30;1.799,33;1.799,23;1.799,28;;1;;
2021-04-29;1.809,40;1.788,24;1.799,25;;1;;
2021-04-28;1.831,07;1.800,23;1.811,88;;1;;
2021-04-27;1.828,43;1.809,79;1.818,81;;1;;
2021-04-26;1.822,75;1.807,88;1.813,91;;1;;
2021-04-23;1.838,78;1.802,77;1.810,30;;1;;
2021-04-22;1.833,28;1.808,83;1.829,95;;1;;
2021-04-21;1.817,30;1.795,76;1.803,71;;1;;
2021-04-20;1.836,02;1.811,40;1.814,63;;1;;
2021-04-19;1.841,65;1.813,88;1.827,33;;1;;
2021-04-16;1.850,58;1.825,25;1.836,19;;1;;
2021-04-15;1.845,48;1.830,47;1.837,56;;1;;
2021-04-14;1.847,39;1.824,94;1.826,14;;1;;
2021-04-13;1.842,37;1.829,02;1.839,65;;1;;
2021-04-12;1.846,98;1.825,23;1.841,38;;1;;
2021-04-09;1.849,69;1.837,01;1.837,11;;1;;
2021-04-08;1.854,31;1.831,17;1.836,64;;1;;
2021-04-07;1.872,54;1.850,67;1.850,71;;1;;
2021-04-06;1.872,55;1.861,49;1.870,21;;1;;
2021-04-01;1.849,30;1.849,23;1.849,26;;1;;
2021-03-31;1.855,36;1.843,11;1.849,24;;1;;
2021-03-30;1.851,45;1.834,41;1.849,17;;1;;
2021-03-29;1.862,17;1.835,23;1.840,74;;1;;
2021-03-26;1.838,36;1.816,27;1.834,43;;1;;
2021-03-25;1.860,71;1.809,20;1.809,21;;1;;
2021-03-24;1.851,12;1.826,61;1.842,95;;1;;
2021-03-23;1.839,30;1.792,89;1.815,23;;1;;
2021-03-22;1.818,11;1.786,35;1.786,36;;1;;
2021-03-19;1.834,74;1.800,96;1.804,48;;1;;
2021-03-18;1.831,58;1.817,28;1.820,41;;1;;
2021-03-17;1.849,39;1.810,41;1.815,13;;1;;
2021-03-16;1.863,58;1.833,84;1.842,09;;1;;
2021-03-15;1.883,16;1.833,01;1.842,75;;1;;
2021-03-12;1.878,95;1.851,82;1.860,79;;1;;
2021-03-11;1.857,29;1.845,08;1.845,85;;1;;
2021-03-10;1.836,59;1.823,07;1.835,49;;1;;
2021-03-09;1.822,48;1.788,08;1.813,49;;1;;
2021-03-08;1.812,12;1.782,44;1.786,86;;1;;
2021-03-05;1.817,77;1.790,11;1.790,13;;1;;
2021-03-04;1.849,10;1.803,81;1.808,46;;1;;
2021-03-03;1.875,80;1.846,26;1.849,23;;1;;
2021-03-02;1.884,76;1.867,47;1.875,41;;1;;
2021-03-01;1.879,47;1.858,25;1.867,76;;1;;
2021-02-26;1.881,48;1.843,95;1.860,33;;1;;
2021-02-25;1.917,54;1.870,26;1.887,11;;1;;
2021-02-24;1.878,34;1.816,13;1.856,24;;1;;
2021-02-23;1.914,55;1.796,51;1.831,58;;1;;
2021-02-22;1.960,20;1.893,79;1.902,59;;1;;
2021-02-19;1.945,77;1.907,31;1.927,35;;1;;
2021-02-18;1.950,63;1.913,10;1.926,07;;1;;
2021-02-17;1.970,23;1.927,52;1.938,47;;1;;
2021-02-16;1.988,12;1.949,02;1.954,10;;1;;
2021-02-15;2.006,77;1.969,55;1.980,57;;1;;
2021-02-12;1.980,01;1.960,52;1.968,95;;1;;
2021-02-11;1.978,16;1.955,93;1.969,61;;1;;
2021-02-10;1.975,51;1.950,91;1.965,63;;1;;
2021-02-09;1.982,68;1.943,33;1.961,33;;1;;
2021-02-08;1.974,15;1.924,84;1.967,31;;1;;
2021-02-05;1.901,67;1.877,18;1.900,44;;1;;
2021-02-04;1.890,90;1.866,85;1.869,58;;1;;
2021-02-03;1.885,00;1.854,39;1.867,95;;1;;
2021-02-02;1.882,58;1.857,96;1.867,11;;1;;
2021-02-01;1.875,59;1.809,06;1.867,09;;1;;
2021-01-29;1.849,04;1.810,59;1.821,75;;1;;
2021-01-28;1.814,26;1.666,92;1.808,04;;1;;
2021-01-27;1.905,33;1.788,76;1.807,32;;1;;
2021-01-26;1.932,92;1.885,79;1.890,20;;1;;
2021-01-25;1.962,93;1.894,90;1.913,07;;1;;
2021-01-22;1.964,26;1.918,58;1.930,93;;1;;
2021-01-21;2.012,42;1.951,87;1.958,81;;1;;
2021-01-20;1.971,61;1.935,90;1.962,17;;1;;
2021-01-19;1.952,19;1.914,10;1.946,84;;1;;
2021-01-18;1.919,54;1.851,64;1.919,16;;1;;
2021-01-15;1.881,23;1.844,54;1.845,74;;1;;
2021-01-14;1.892,17;1.855,27;1.868,18;;1;;
2021-01-13;1.886,10;1.793,27;1.866,67;;1;;
2021-01-12;1.930,62;1.846,09;1.872,66;;1;;
2021-01-11;2.017,18;1.860,37;1.890,58;;1;;
2021-01-08;1.955,58;1.873,92;1.946,85;;1;;
2021-01-07;1.882,32;1.761,91;1.857,89;;1;;
2021-01-06;1.768,72;1.731,84;1.755,99;;1;;
2021-01-05;1.777,42;1.689,67;1.720,34;;1;;
2021-01-04;1.672,45;1.600,80;1.661,78;;1;;
2020-12-31;1.585,31;1.585,23;1.585,31;;1;;
2020-12-30;1.590,45;1.548,12;1.585,21;;1;;
2020-12-29;1.546,50;1.529,98;1.546,22;;1;;
2020-12-28;1.538,68;1.518,46;1.532,16;;1;;
2020-12-23;1.535,11;1.508,89;1.533,75;;1;;
2020-12-22;1.523,56;1.511,10;1.516,16;;1;;
2020-12-21;1.540,86;1.504,68;1.516,68;;1;;
2020-12-18;1.536,79;1.517,41;1.521,36;;1;;
2020-12-17;1.544,04;1.522,60;1.526,87;;1;;
2020-12-16;1.554,70;1.531,91;1.535,83;;1;;
2020-12-15;1.548,46;1.533,97;1.536,02;;1;;
2020-12-14;1.541,57;1.517,59;1.533,27;;1;;
2020-12-11;1.545,23;1.522,65;1.528,46;;1;;
2020-12-10;1.562,53;1.516,03;1.529,21;;1;;
2020-12-09;1.548,02;1.527,06;1.545,86;;1;;
2020-12-08;1.536,16;1.505,68;1.533,43;;1;;
2020-12-07;1.558,06;1.523,15;1.534,59;;1;;
2020-12-04;1.560,28;1.533,10;1.556,97;;1;;
2020-12-03;1.545,62;1.519,03;1.544,53;;1;;
2020-12-02;1.522,55;1.505,21;1.520,19;;1;;
2020-12-01;1.522,28;1.506,49;1.507,41;;1;;
2020-11-30;1.509,50;1.489,88;1.491,23;;1;;
2020-11-27;1.494,28;1.466,61;1.488,90;;1;;
2020-11-26;1.480,28;1.461,78;1.473,27;;1;;
2020-11-25;1.513,82;1.476,96;1.481,50;;1;;
2020-11-24;1.524,09;1.481,78;1.499,05;;1;;
2020-11-23;1.552,94;1.515,24;1.518,52;;1;;
2020-11-20;1.544,87;1.514,92;1.534,45;;1;;
2020-11-19;1.550,62;1.529,62;1.547,41;;1;;
2020-11-18;1.550,56;1.530,04;1.544,55;;1;;
2020-11-17;1.554,49;1.538,35;1.540,30;;1;;
2020-11-16;1.580,39;1.546,45;1.550,08;;1;;
2020-11-13;1.577,49;1.548,64;1.572,17;;1;;
2020-11-12;1.583,19;1.560,40;1.570,85;;1;;
2020-11-11;1.581,05;1.550,40;1.561,67;;1;;
2020-11-10;1.602,90;1.567,73;1.580,22;;1;;
2020-11-09;1.611,28;1.583,17;1.590,01;;1;;
2020-11-06;1.588,27;1.559,50;1.568,92;;1;;
2020-11-05;1.599,66;1.571,99;1.584,04;;1;;
2020-11-04;1.583,87;1.547,62;1.577,42;;1;;
2020-11-03;1.578,55;1.551,70;1.575,35;;1;;
2020-11-02;1.543,78;1.503,34;1.543,75;;1;;
2020-10-30;1.508,71;1.463,48;1.493,90;;1;;
2020-10-29;1.484,18;1.443,93;1.462,87;;1;;
2020-10-28;1.563,91;1.481,79;1.490,27;;1;;
2020-10-27;1.578,74;1.517,02;1.543,05;;1;;
2020-10-26;1.619,38;1.558,08;1.561,63;;1;;
2020-10-23;1.580,13;1.549,76;1.569,61;;1;;
2020-10-22;1.592,54;1.534,45;1.548,59;;1;;
2020-10-21;1.599,36;1.566,82;1.586,35;;1;;
2020-10-20;1.627,54;1.585,16;1.597,57;;1;;
2020-10-19;1.659,64;1.603,60;1.622,55;;1;;
2020-10-16;1.624,69;1.580,58;1.606,88;;1;;
2020-10-15;1.589,16;1.555,92;1.587,68;;1;;
2020-10-14;1.565,05;1.545,04;1.556,86;;1;;
2020-10-13;1.577,57;1.540,96;1.548,48;;1;;
2020-10-12;1.571,37;1.535,57;1.555,95;;1;;
2020-10-09;1.534,12;1.515,90;1.528,08;;1;;
2020-10-08;1.525,46;1.508,55;1.524,41;;1;;
2020-10-07;1.528,62;1.497,05;1.520,79;;1;;
2020-10-06;1.518,47;1.494,23;1.498,22;;1;;
2020-10-05;1.504,26;1.476,14;1.494,36;;1;;
2020-10-02;1.490,83;1.459,59;1.467,66;;1;;
2020-10-01;1.490,56;1.474,95;1.477,81;;1;;
2020-09-30;1.488,72;1.467,21;1.481,46;;1;;
2020-09-29;1.491,89;1.471,01;1.478,94;;1;;
2020-09-28;1.485,14;1.465,45;1.475,98;;1;;
2020-09-25;1.478,15;1.444,94;1.473,82;;1;;
2020-09-24;1.497,47;1.463,27;1.467,28;;1;;
2020-09-23;1.504,52;1.483,54;1.493,82;;1;;
2020-09-22;1.526,05;1.480,14;1.490,53;;1;;
2020-09-21;1.559,32;1.519,97;1.521,13;;1;;
2020-09-18;1.592,32;1.558,18;1.563,83;;1;;
2020-09-17;1.598,00;1.566,48;1.574,08;;1;;
2020-09-16;1.618,18;1.583,68;1.583,70;;1;;
2020-09-15;1.610,41;1.585,51;1.610,37;;1;;
2020-09-14;1.608,55;1.570,63;1.579,78;;1;;
2020-09-11;1.588,34;1.562,04;1.586,11;;1;;
2020-09-10;1.592,59;1.556,32;1.574,71;;1;;
2020-09-09;1.581,65;1.541,00;1.572,59;;1;;
2020-09-08;1.615,48;1.549,61;1.560,43;;1;;
2020-09-07;1.616,43;1.596,18;1.606,29;;1;;
2020-09-04;1.631,58;1.586,69;1.594,43;;1;;
2020-09-03;1.653,51;1.583,95;1.629,64;;1;;
2020-09-02;1.583,95;1.552,55;1.573,14;;1;;
2020-09-01;1.566,29;1.530,54;1.558,70;;1;;
2020-08-31;1.556,21;1.525,67;1.526,19;;1;;
2020-08-28;1.540,35;1.510,78;1.530,75;;1;;
2020-08-27;1.591,28;1.518,35;1.531,47;;1;;
2020-08-26;1.646,71;1.551,84;1.578,72;;1;;
2020-08-25;1.644,08;1.578,25;1.627,94;;1;;
2020-08-24;1.578,71;1.500,73;1.559,41;;1;;
2020-08-21;1.501,30;1.456,00;1.500,30;;1;;
2020-08-20;1.457,53;1.441,42;1.452,62;;1;;
2020-08-19;1.448,00;1.418,02;1.447,96;;1;;
2020-08-18;1.427,04;1.405,82;1.415,62;;1;;
2020-08-17;1.428,88;1.415,32;1.428,07;;1;;
2020-08-14;1.424,68;1.409,46;1.415,41;;1;;
2020-08-13;1.428,88;1.411,61;1.417,94;;1;;
2020-08-12;1.431,77;1.419,24;1.427,14;;1;;
2020-08-11;1.444,10;1.426,84;1.429,55;;1;;
2020-08-10;1.452,74;1.435,52;1.441,72;;1;;
2020-08-07;1.463,42;1.441,26;1.450,63;;1;;
2020-08-06;1.464,04;1.447,76;1.457,71;;1;;
2020-08-05;1.468,02;1.456,67;1.458,37;;1;;
2020-08-04;1.461,86;1.455,28;1.461,69;;1;;
2020-08-03;1.471,94;1.453,43;1.458,30;;1;;
2020-07-31;1.475,02;1.454,42;1.467,80;;1;;
2020-07-30;1.493,13;1.462,28;1.471,24;;1;;
2020-07-29;1.491,81;1.475,21;1.489,03;;1;;
2020-07-28;1.492,05;1.467,48;1.487,07;;1;;
2020-07-27;1.475,61;1.457,18;1.475,58;;1;;
2020-07-24;1.479,22;1.455,94;1.464,26;;1;;
2020-07-23;1.500,20;1.476,98;1.477,06;;1;;
2020-07-22;1.505,95;1.486,97;1.490,96;;1;;
2020-07-21;1.496,46;1.460,08;1.496,42;;1;;
2020-07-20;1.461,80;1.434,48;1.461,75;;1;;
2020-07-17;1.443,94;1.434,03;1.438,71;;1;;
2020-07-16;1.440,88;1.429,81;1.434,50;;1;;
2020-07-15;1.443,31;1.422,01;1.432,13;;1;;
2020-07-14;1.436,45;1.424,45;1.427,87;;1;;
2020-07-13;1.444,36;1.422,07;1.434,99;;1;;
2020-07-10;1.425,93;1.412,45;1.420,05;;1;;
2020-07-09;1.421,59;1.408,45;1.418,80;;1;;
2020-07-08;1.415,62;1.402,67;1.406,53;;1;;
2020-07-07;1.407,86;1.391,01;1.402,46;;1;;
2020-07-06;1.415,07;1.396,41;1.404,23;;1;;
2020-07-03;1.413,98;1.368,12;1.407,76;;1;;
2020-07-02;1.387,11;1.369,36;1.379,72;;1;;
2020-07-01;1.392,01;1.366,12;1.388,11;;1;;
2020-06-30;1.406,54;1.371,73;1.375,15;;1;;
2020-06-29;1.423,94;1.387,20;1.401,01;;1;;
2020-06-26;1.419,32;1.398,93;1.412,03;;1;;
2020-06-25;1.418,08;1.400,87;1.414,66;;1;;
2020-06-24;1.448,29;1.413,02;1.414,22;;1;;
2020-06-23;1.471,22;1.453,43;1.454,75;;1;;
2020-06-22;1.487,19;1.463,85;1.468,98;;1;;
2020-06-19;1.491,79;1.468,85;1.475,69;;1;;
2020-06-18;1.486,76;1.454,05;1.469,91;;1;;
2020-06-17;1.496,14;1.480,89;1.485,49;;1;;
2020-06-16;1.495,37;1.455,91;1.483,20;;1;;
2020-06-15;1.480,06;1.446,74;1.449,43;;1;;
2020-06-12;1.485,28;1.430,32;1.475,38;;1;;
2020-06-11;1.527,13;1.469,76;1.495,88;;1;;
2020-06-10;1.539,80;1.485,80;1.526,30;;1;;
2020-06-09;1.590,89;1.514,25;1.525,18;;1;;
2020-06-08;1.607,81;1.560,91;1.565,61;;1;;
2020-06-05;1.573,02;1.572,66;1.572,93;;1;;
2020-06-04;1.606,26;1.520,96;1.572,88;;1;;
2020-06-03;1.518,67;1.479,46;1.506,41;;1;;
2020-06-02;1.482,47;1.462,43;1.473,34;;1;;
2020-06-01;1.465,58;1.465,32;1.465,49;;1;;
2020-05-29;1.486,71;1.438,94;1.465,43;;1;;
2020-05-28;1.496,94;1.466,48;1.471,76;;1;;
2020-05-27;1.490,36;1.462,61;1.478,01;;1;;
2020-05-26;1.493,31;1.466,83;1.478,43;;1;;
2020-05-25;1.483,22;1.444,05;1.474,52;;1;;
2020-05-22;1.453,52;1.453,33;1.453,43;;1;;
2020-05-21;1.453,46;1.453,27;1.453,40;;1;;
2020-05-20;1.460,24;1.430,76;1.453,40;;1;;
2020-05-19;1.450,26;1.415,81;1.422,42;;1;;
2020-05-18;1.424,98;1.407,05;1.418,34;;1;;
2020-05-15;1.411,60;1.382,78;1.396,56;;1;;
2020-05-14;1.419,43;1.389,31;1.389,36;;1;;
2020-05-13;1.425,50;1.411,76;1.417,31;;1;;
2020-05-12;1.438,72;1.419,74;1.423,44;;1;;
2020-05-11;1.433,24;1.413,70;1.430,97;;1;;
2020-05-08;1.421,22;1.420,93;1.421,06;;1;;
2020-05-07;1.434,48;1.418,27;1.421,11;;1;;
2020-05-06;1.430,40;1.406,96;1.420,26;;1;;
2020-05-05;1.429,57;1.402,10;1.409,26;;1;;
2020-05-04;1.435,62;1.395,04;1.407,19;;1;;
2020-05-01;1.436,38;1.418,89;1.421,96;;1;;
2020-04-30;1.420,40;1.405,00;1.418,81;;1;;
2020-04-29;1.431,10;1.405,82;1.421,27;;1;;
2020-04-28;1.428,87;1.408,33;1.409,94;;1;;
2020-04-27;1.414,92;1.393,30;1.405,36;;1;;
2020-04-24;1.403,85;1.381,10;1.399,20;;1;;
2020-04-23;1.405,61;1.383,72;1.397,01;;1;;
2020-04-22;1.405,57;1.382,33;1.401,09;;1;;
2020-04-21;1.408,02;1.381,39;1.383,23;;1;;
2020-04-20;1.432,43;1.397,59;1.404,62;;1;;
2020-04-17;1.433,94;1.409,61;1.416,10;;1;;
2020-04-16;1.423,59;1.410,05;1.421,06;;1;;
2020-04-15;1.450,12;1.418,37;1.425,87;;1;;
2020-04-14;1.439,07;1.416,75;1.431,65;;1;;
2020-04-09;1.426,14;1.425,85;1.426,01;;1;;
2020-04-08;1.437,80;1.413,87;1.425,90;;1;;
2020-04-07;1.439,88;1.414,46;1.433,77;;1;;
2020-04-06;1.432,47;1.406,14;1.419,73;;1;;
2020-04-03;1.389,71;1.368,08;1.381,69;;1;;
2020-04-02;1.398,39;1.374,62;1.382,37;;1;;
2020-04-01;1.418,99;1.370,04;1.372,60;;1;;
2020-03-31;1.426,88;1.354,55;1.417,67;;1;;
2020-03-30;1.354,35;1.321,53;1.344,11;;1;;
2020-03-27;1.352,48;1.322,05;1.332,13;;1;;
2020-03-26;1.325,72;1.292,20;1.322,02;;1;;
2020-03-25;1.331,73;1.279,31;1.286,68;;1;;
2020-03-24;1.280,68;1.244,45;1.257,79;;1;;
2020-03-23;1.285,15;1.231,80;1.239,60;;1;;
2020-03-20;1.307,15;1.264,68;1.273,17;;1;;
2020-03-19;1.258,74;1.220,78;1.248,92;;1;;
2020-03-18;1.262,55;1.210,44;1.223,33;;1;;
2020-03-17;1.265,40;1.212,40;1.247,86;;1;;
2020-03-16;1.259,81;1.209,79;1.232,02;;1;;
2020-03-13;1.346,68;1.246,96;1.289,47;;1;;
2020-03-12;1.343,62;1.254,30;1.257,76;;1;;
2020-03-11;1.452,00;1.415,70;1.421,37;;1;;
2020-03-10;1.477,71;1.403,95;1.431,98;;1;;
2020-03-09;1.492,23;1.410,42;1.410,71;;1;;
2020-03-06;1.561,44;1.498,15;1.535,21;;1;;
2020-03-05;1.640,96;1.562,75;1.567,48;;1;;
2020-03-04;1.664,48;1.605,81;1.608,07;;1;;
2020-03-03;1.626,74;1.582,61;1.617,30;;1;;
2020-03-02;1.629,72;1.503,84;1.587,55;;1;;
2020-02-28;1.579,78;1.515,09;1.527,82;;1;;
2020-02-27;1.700,76;1.586,03;1.603,92;;1;;
2020-02-26;1.635,76;1.572,51;1.635,69;;1;;
2020-02-25;1.629,25;1.580,31;1.608,38;;1;;
2020-02-24;1.655,66;1.561,99;1.580,02;;1;;
2020-02-21;1.686,76;1.650,52;1.671,39;;1;;
2020-02-20;1.720,13;1.622,53;1.678,15;;1;;
2020-02-19;1.629,41;1.593,06;1.600,07;;1;;
2020-02-18;1.611,79;1.573,67;1.608,37;;1;;
2020-02-17;1.586,38;1.568,43;1.575,95;;1;;
2020-02-14;1.598,39;1.576,23;1.586,79;;1;;
2020-02-13;1.599,45;1.568,46;1.586,72;;1;;
2020-02-12;1.600,20;1.566,22;1.586,39;;1;;
2020-02-11;1.578,06;1.550,34;1.562,49;;1;;
2020-02-10;1.560,75;1.525,70;1.542,49;;1;;
2020-02-07;1.561,66;1.534,67;1.543,99;;1;;
2020-02-06;1.576,37;1.540,99;1.548,49;;1;;
2020-02-05;1.590,83;1.571,05;1.580,46;;1;;
2020-02-04;1.578,51;1.541,61;1.565,42;;1;;
2020-02-03;1.558,86;1.537,19;1.539,38;;1;;
2020-01-31;1.561,08;1.539,58;1.554,18;;1;;
2020-01-30;1.568,64;1.548,13;1.554,08;;1;;
2020-01-29;1.558,69;1.527,10;1.556,78;;1;;
2020-01-28;1.534,29;1.513,70;1.525,12;;1;;
2020-01-27;1.543,98;1.510,02;1.517,27;;1;;
2020-01-24;1.536,72;1.511,43;1.536,24;;1;;
2020-01-23;1.533,64;1.505,53;1.517,36;;1;;
2020-01-22;1.527,71;1.490,74;1.523,31;;1;;
2020-01-21;1.482,97;1.459,85;1.477,30;;1;;
2020-01-20;1.478,48;1.434,40;1.475,26;;1;;
2020-01-17;1.449,36;1.416,47;1.428,03;;1;;
2020-01-16;1.455,11;1.426,64;1.446,74;;1;;
2020-01-15;1.466,30;1.446,74;1.459,82;;1;;
2020-01-14;1.473,59;1.454,56;1.464,20;;1;;
2020-01-13;1.475,19;1.453,45;1.464,74;;1;;
2020-01-10;1.481,52;1.461,36;1.467,21;;1;;
2020-01-09;1.485,74;1.461,62;1.469,10;;1;;
2020-01-08;1.480,87;1.457,82;1.464,37;;1;;
2020-01-07;1.488,97;1.457,83;1.467,58;;1;;
2020-01-06;1.457,27;1.431,51;1.444,49;;1;;
2020-01-03;1.445,43;1.421,96;1.435,02;;1;;
2020-01-02;1.443,83;1.418,09;1.439,56;;1;;
2019-12-31;1.407,43;1.407,30;1.407,41;;1;;
2019-12-30;1.438,69;1.402,08;1.407,35;;1;;
2019-12-27;1.459,78;1.420,78;1.436,38;;1;;
2019-12-24;1.442,52;1.442,46;1.442,49;;1;;
2019-12-23;1.459,01;1.423,93;1.442,49;;1;;
2019-12-20;1.468,00;1.428,08;1.453,65;;1;;
2019-12-19;1.436,82;1.371,98;1.436,81;;1;;
2019-12-18;1.386,40;1.326,66;1.360,56;;1;;
2019-12-17;1.476,45;1.386,11;1.386,11;;1;;
2019-12-16;1.544,55;1.458,89;1.471,76;;1;;
2019-12-13;1.627,29;1.472,42;1.505,72;;1;;
2019-12-12;1.600,80;1.549,14;1.573,16;;1;;
2019-12-11;1.544,04;1.484,49;1.540,76;;1;;
2019-12-10;1.515,24;1.432,29;1.498,59;;1;;
2019-12-09;1.452,46;1.419,99;1.440,12;;1;;
2019-12-06;1.426,54;1.411,63;1.426,51;;1;;
2019-12-05;1.423,66;1.410,09;1.416,10;;1;;
2019-12-04;1.418,86;1.401,04;1.418,77;;1;;
2019-12-03;1.417,58;1.402,43;1.417,26;;1;;
2019-12-02;1.431,65;1.398,11;1.402,23;;1;;
2019-11-29;1.437,44;1.424,17;1.431,91;;1;;
2019-11-28;1.435,43;1.420,83;1.426,93;;1;;
2019-11-27;1.439,49;1.424,22;1.432,27;;1;;
2019-11-26;1.441,21;1.416,23;1.430,29;;1;;
2019-11-25;1.446,36;1.432,80;1.441,93;;1;;
2019-11-22;1.455,80;1.429,34;1.432,30;;1;;
2019-11-21;1.427,92;1.405,03;1.423,85;;1;;
2019-11-20;1.442,55;1.397,40;1.411,20;;1;;
2019-11-19;1.471,54;1.416,89;1.442,64;;1;;
2019-11-18;1.481,66;1.420,80;1.472,91;;1;;
2019-11-15;1.427,08;1.387,74;1.417,63;;1;;
2019-11-14;1.398,27;1.368,85;1.391,97;;1;;
2019-11-13;1.375,24;1.362,74;1.368,36;;1;;
2019-11-12;1.373,98;1.356,81;1.365,69;;1;;
2019-11-11;1.362,36;1.341,04;1.362,35;;1;;
2019-11-08;1.354,62;1.342,12;1.354,60;;1;;
2019-11-07;1.349,29;1.336,41;1.348,49;;1;;
2019-11-06;1.351,21;1.331,84;1.345,22;;1;;
2019-11-05;1.359,64;1.338,14;1.343,97;;1;;
2019-11-04;1.346,32;1.335,07;1.346,32;;1;;
2019-11-01;1.341,03;1.328,63;1.337,12;;1;;
2019-10-31;1.334,77;1.319,63;1.334,73;;1;;
2019-10-30;1.327,65;1.315,58;1.327,23;;1;;
2019-10-29;1.330,34;1.322,04;1.330,27;;1;;
2019-10-28;1.331,61;1.317,00;1.325,04;;1;;
2019-10-25;1.329,47;1.318,66;1.326,15;;1;;
2019-10-24;1.329,97;1.316,65;1.327,20;;1;;
2019-10-23;1.319,90;1.313,30;1.314,43;;1;;
2019-10-22;1.326,32;1.310,14;1.314,96;;1;;
2019-10-21;1.320,49;1.291,32;1.316,41;;1;;
2019-10-18;1.296,58;1.284,68;1.295,55;;1;;
2019-10-17;1.301,75;1.285,92;1.292,45;;1;;
2019-10-16;1.292,34;1.273,29;1.283,11;;1;;
2019-10-15;1.305,91;1.288,13;1.290,01;;1;;
2019-10-14;1.298,03;1.277,12;1.290,51;;1;;
2019-10-11;1.290,69;1.278,64;1.288,75;;1;;
2019-10-10;1.281,08;1.269,53;1.281,03;;1;;
2019-10-09;1.290,93;1.271,87;1.276,19;;1;;
2019-10-08;1.298,54;1.280,12;1.285,51;;1;;
2019-10-07;1.306,04;1.292,78;1.299,00;;1;;
2019-10-04;1.296,98;1.274,72;1.294,66;;1;;
2019-10-03;1.290,04;1.269,03;1.275,81;;1;;
2019-10-02;1.314,74;1.288,08;1.291,45;;1;;
2019-10-01;1.321,52;1.305,28;1.321,43;;1;;
2019-09-30;1.324,35;1.305,50;1.310,74;;1;;
2019-09-27;1.324,15;1.293,58;1.316,42;;1;;
2019-09-26;1.314,88;1.298,26;1.312,61;;1;;
2019-09-25;1.309,56;1.294,21;1.296,94;;1;;
2019-09-24;1.309,95;1.299,09;1.304,76;;1;;
2019-09-23;1.315,45;1.300,78;1.301,12;;1;;
2019-09-20;1.309,18;1.291,53;1.301,70;;1;;
2019-09-19;1.311,13;1.299,33;1.300,17;;1;;
2019-09-18;1.308,45;1.289,21;1.308,27;;1;;
2019-09-17;1.321,55;1.296,52;1.303,60;;1;;
2019-09-16;1.315,69;1.300,70;1.314,64;;1;;
2019-09-13;1.316,27;1.299,60;1.311,16;;1;;
2019-09-12;1.322,72;1.285,52;1.305,26;;1;;
2019-09-11;1.296,57;1.259,27;1.287,73;;1;;
2019-09-10;1.271,12;1.260,12;1.263,92;;1;;
2019-09-09;1.279,28;1.261,74;1.275,20;;1;;
2019-09-06;1.271,19;1.262,88;1.271,01;;1;;
2019-09-05;1.276,27;1.259,48;1.265,91;;1;;
2019-09-04;1.277,90;1.257,19;1.264,65;;1;;
2019-09-03;1.277,83;1.265,40;1.273,92;;1;;
2019-09-02;1.280,93;1.267,21;1.273,80;;1;;
2019-08-30;1.274,09;1.260,23;1.273,91;;1;;
2019-08-29;1.267,41;1.253,88;1.266,80;;1;;
2019-08-28;1.271,07;1.259,45;1.263,87;;1;;
2019-08-27;1.269,63;1.246,79;1.265,37;;1;;
2019-08-26;1.268,22;1.241,81;1.246,65;;1;;
2019-08-23;1.284,28;1.263,42;1.266,45;;1;;
2019-08-22;1.292,56;1.272,11;1.281,23;;1;;
2019-08-21;1.292,76;1.275,27;1.290,17;;1;;
2019-08-20;1.291,07;1.274,28;1.277,26;;1;;
2019-08-19;1.287,45;1.260,83;1.283,58;;1;;
2019-08-16;1.286,11;1.270,44;1.280,12;;1;;
2019-08-15;1.306,62;1.258,33;1.287,54;;1;;
2019-08-14;1.329,44;1.301,26;1.303,28;;1;;
2019-08-13;1.329,72;1.298,97;1.322,72;;1;;
2019-08-12;1.332,21;1.315,06;1.323,82;;1;;
2019-08-09;1.333,07;1.317,89;1.324,17;;1;;
2019-08-08;1.325,02;1.312,96;1.313,33;;1;;
2019-08-07;1.337,87;1.312,15;1.321,32;;1;;
2019-08-06;1.340,53;1.326,07;1.335,18;;1;;
2019-08-05;1.369,72;1.329,56;1.333,02;;1;;
2019-08-02;1.375,32;1.356,21;1.357,40;;1;;
2019-08-01;1.373,91;1.359,79;1.366,00;;1;;
2019-07-31;1.363,09;1.352,20;1.358,01;;1;;
2019-07-30;1.369,75;1.354,95;1.360,98;;1;;
2019-07-29;1.376,01;1.353,47;1.359,50;;1;;
2019-07-26;1.366,91;1.352,94;1.361,97;;1;;
2019-07-25;1.361,09;1.344,07;1.359,43;;1;;
2019-07-24;1.345,31;1.322,51;1.344,30;;1;;
2019-07-23;1.332,34;1.319,13;1.322,49;;1;;
2019-07-22;1.330,89;1.318,25;1.326,05;;1;;
2019-07-19;1.338,45;1.306,13;1.320,98;;1;;
2019-07-18;1.343,22;1.324,63;1.330,47;;1;;
2019-07-17;1.345,12;1.333,82;1.345,03;;1;;
2019-07-16;1.349,33;1.338,35;1.342,92;;1;;
2019-07-15;1.362,82;1.327,81;1.328,15;;1;;
2019-07-12;1.370,61;1.342,45;1.362,43;;1;;
2019-07-11;1.367,68;1.346,81;1.358,43;;1;;
2019-07-10;1.357,62;1.331,04;1.344,48;;1;;
2019-07-09;1.360,37;1.342,08;1.355,97;;1;;
2019-07-08;1.347,77;1.333,66;1.346,24;;1;;
2019-07-05;1.356,03;1.327,76;1.333,22;;1;;
2019-07-04;1.357,89;1.320,96;1.350,08;;1;;
2019-07-03;1.344,64;1.328,35;1.342,03;;1;;
2019-07-02;1.347,40;1.325,28;1.335,26;;1;;
2019-07-01;1.333,77;1.317,62;1.331,96;;1;;
2019-06-28;1.327,11;1.309,89;1.312,38;;1;;
2019-06-27;1.333,86;1.317,28;1.319,58;;1;;
2019-06-26;1.332,78;1.303,03;1.318,55;;1;;
2019-06-25;1.320,15;1.293,18;1.305,77;;1;;
2019-06-24;1.328,81;1.305,88;1.323,94;;1;;
2019-06-21;1.329,32;1.302,93;1.308,08;;1;;
2019-06-20;1.346,25;1.319,67;1.330,93;;1;;
2019-06-19;1.362,33;1.321,97;1.332,54;;1;;
2019-06-18;1.373,01;1.328,35;1.338,49;;1;;
2019-06-17;1.388,38;1.354,35;1.376,15;;1;;
2019-06-14;1.396,37;1.331,76;1.361,77;;1;;
2019-06-13;1.359,86;1.331,65;1.331,66;;1;;
2019-06-12;1.375,02;1.344,52;1.360,17;;1;;
2019-06-11;1.383,70;1.341,83;1.360,15;;1;;
2019-06-10;1.357,57;1.357,40;1.357,49;;1;;
2019-06-07;1.357,97;1.328,29;1.357,46;;1;;
2019-06-06;1.375,18;1.330,93;1.347,09;;1;;
2019-06-05;1.353,37;1.352,85;1.353,13;;1;;
2019-06-04;1.354,71;1.320,19;1.353,11;;1;;
2019-06-03;1.363,91;1.328,40;1.353,62;;1;;
2019-05-31;1.363,48;1.363,17;1.363,28;;1;;
2019-05-30;1.363,42;1.363,23;1.363,34;;1;;
2019-05-29;1.381,44;1.353,81;1.363,37;;1;;
2019-05-28;1.364,66;1.330,60;1.364,66;;1;;
2019-05-27;1.353,05;1.328,58;1.335,64;;1;;
2019-05-24;1.354,61;1.328,81;1.341,66;;1;;
2019-05-23;1.379,87;1.335,34;1.339,05;;1;;
2019-05-22;1.385,20;1.359,75;1.368,35;;1;;
2019-05-21;1.391,64;1.335,10;1.355,06;;1;;
2019-05-20;1.361,00;1.324,50;1.345,92;;1;;
2019-05-17;1.369,56;1.369,35;1.369,47;;1;;
2019-05-16;1.399,43;1.364,51;1.369,47;;1;;
2019-05-15;1.369,14;1.274,66;1.369,14;;1;;
2019-05-14;1.327,46;1.259,01;1.276,76;;1;;
2019-05-13;1.356,16;1.321,24;1.329,22;;1;;
2019-05-10;1.350,53;1.327,67;1.349,12;;1;;
2019-05-09;1.376,51;1.341,10;1.341,12;;1;;
2019-05-08;1.374,00;1.355,21;1.364,44;;1;;
2019-05-07;1.370,24;1.354,68;1.354,78;;1;;
2019-05-06;1.374,35;1.361,32;1.367,38;;1;;
2019-05-03;1.450,75;1.365,31;1.378,81;;1;;
2019-05-02;1.450,68;1.442,23;1.445,45;;1;;
2019-05-01;1.454,15;1.438,92;1.447,19;;1;;
2019-04-30;1.452,88;1.434,96;1.441,08;;1;;
2019-04-29;1.468,01;1.437,88;1.452,00;;1;;
2019-04-26;1.460,01;1.442,32;1.453,53;;1;;
2019-04-25;1.467,21;1.454,99;1.464,61;;1;;
2019-04-24;1.468,95;1.457,45;1.463,92;;1;;
2019-04-23;1.484,38;1.461,14;1.470,37;;1;;
2019-04-18;1.475,02;1.474,46;1.474,92;;1;;
2019-04-17;1.480,54;1.467,13;1.474,82;;1;;
2019-04-16;1.471,45;1.461,68;1.471,45;;1;;
2019-04-15;1.469,53;1.457,90;1.466,83;;1;;
2019-04-12;1.470,14;1.456,34;1.461,60;;1;;
2019-04-11;1.470,44;1.455,49;1.465,31;;1;;
2019-04-10;1.488,77;1.466,48;1.466,48;;1;;
2019-04-09;1.485,23;1.473,12;1.475,26;;1;;
2019-04-08;1.484,82;1.469,00;1.472,24;;1;;
2019-04-05;1.493,48;1.475,40;1.486,92;;1;;
2019-04-04;1.488,45;1.471,49;1.480,75;;1;;
2019-04-03;1.489,35;1.472,79;1.472,80;;1;;
2019-04-02;1.486,95;1.471,57;1.478,52;;1;;
2019-04-01;1.499,83;1.482,76;1.485,58;;1;;
2019-03-29;1.503,58;1.481,66;1.483,43;;1;;
2019-03-28;1.505,00;1.489,20;1.497,69;;1;;
2019-03-27;1.499,75;1.471,80;1.487,77;;1;;
2019-03-26;1.492,20;1.466,49;1.476,52;;1;;
2019-03-25;1.495,41;1.466,72;1.477,19;;1;;
2019-03-22;1.508,68;1.485,38;1.500,52;;1;;
2019-03-21;1.516,11;1.494,06;1.512,72;;1;;
2019-03-20;1.504,28;1.484,53;1.500,96;;1;;
2019-03-19;1.499,82;1.472,37;1.486,74;;1;;
2019-03-18;1.524,53;1.486,64;1.505,31;;1;;
2019-03-15;1.520,81;1.505,45;1.515,26;;1;;
2019-03-14;1.536,97;1.509,72;1.509,77;;1;;
2019-03-13;1.536,07;1.511,33;1.536,07;;1;;
2019-03-12;1.531,25;1.512,22;1.524,25;;1;;
2019-03-11;1.520,22;1.503,68;1.509,76;;1;;
2019-03-08;1.536,95;1.513,22;1.520,71;;1;;
2019-03-07;1.538,76;1.523,82;1.534,60;;1;;
2019-03-06;1.543,80;1.517,92;1.530,89;;1;;
2019-03-05;1.539,51;1.511,57;1.524,05;;1;;
2019-03-04;1.543,47;1.510,49;1.532,97;;1;;
2019-03-01;1.546,81;1.523,12;1.532,19;;1;;
2019-02-28;1.549,18;1.526,98;1.544,03;;1;;
2019-02-27;1.529,33;1.500,75;1.525,69;;1;;
2019-02-26;1.542,44;1.516,42;1.520,34;;1;;
2019-02-25;1.560,74;1.524,79;1.538,13;;1;;
2019-02-22;1.540,98;1.516,72;1.519,72;;1;;
2019-02-21;1.538,59;1.496,55;1.518,78;;1;;
2019-02-20;1.512,70;1.484,73;1.498,62;;1;;
2019-02-19;1.558,84;1.508,03;1.512,24;;1;;
2019-02-18;1.571,94;1.526,80;1.537,42;;1;;
2019-02-15;1.581,24;1.561,90;1.570,15;;1;;
2019-02-14;1.582,12;1.541,72;1.567,85;;1;;
2019-02-13;1.582,30;1.564,18;1.571,74;;1;;
2019-02-12;1.552,09;1.518,90;1.551,99;;1;;
2019-02-11;1.552,46;1.528,33;1.532,06;;1;;
2019-02-08;1.578,57;1.504,54;1.523,20;;1;;
2019-02-07;1.595,86;1.557,33;1.561,31;;1;;
2019-02-06;1.587,93;1.540,29;1.564,74;;1;;
2019-02-05;1.533,70;1.465,99;1.530,02;;1;;
2019-02-04;1.477,64;1.450,46;1.468,25;;1;;
2019-02-01;1.457,10;1.431,89;1.452,43;;1;;
2019-01-31;1.447,11;1.434,14;1.443,53;;1;;
2019-01-30;1.443,62;1.427,51;1.429,80;;1;;
2019-01-29;1.440,40;1.426,89;1.434,51;;1;;
2019-01-28;1.433,04;1.422,25;1.427,61;;1;;
2019-01-25;1.438,37;1.421,18;1.424,71;;1;;
2019-01-24;1.434,01;1.422,98;1.426,25;;1;;
2019-01-23;1.437,46;1.422,60;1.423,43;;1;;
2019-01-22;1.435,98;1.424,89;1.429,91;;1;;
2019-01-21;1.428,10;1.415,86;1.428,05;;1;;
2019-01-18;1.427,57;1.417,30;1.423,77;;1;;
2019-01-17;1.432,51;1.417,44;1.417,52;;1;;
2019-01-16;1.433,95;1.419,87;1.422,79;;1;;
2019-01-15;1.431,05;1.420,70;1.424,98;;1;;
2019-01-14;1.429,49;1.408,90;1.426,47;;1;;
2019-01-11;1.432,14;1.404,89;1.419,95;;1;;
2019-01-10;1.421,26;1.395,02;1.421,05;;1;;
2019-01-09;1.404,31;1.387,70;1.400,71;;1;;
2019-01-08;1.405,55;1.386,14;1.393,43;;1;;
2019-01-07;1.403,07;1.381,73;1.394,80;;1;;
2019-01-04;1.393,66;1.378,34;1.387,21;;1;;
2019-01-03;1.387,12;1.366,51;1.371,17;;1;;
2019-01-02;1.377,39;1.351,43;1.376,83;;1;;
2018-12-31;1.353,67;1.352,44;1.352,67;;1;;
2018-12-28;1.375,00;1.347,25;1.353,17;;1;;
2018-12-27;1.369,63;1.359,02;1.363,22;;1;;
2018-12-24;1.358,89;1.358,33;1.358,61;;1;;
2018-12-21;1.374,52;1.352,31;1.358,61;;1;;
2018-12-20;1.554,43;1.367,07;1.368,71;;1;;
2018-12-19;1.555,79;1.546,39;1.555,71;;1;;
2018-12-18;1.552,81;1.539,99;1.550,53;;1;;
2018-12-17;1.579,30;1.545,89;1.546,01;;1;;
2018-12-14;1.581,94;1.562,56;1.570,47;;1;;
2018-12-13;1.591,33;1.552,44;1.567,68;;1;;
2018-12-12;1.593,03;1.559,01;1.583,36;;1;;
2018-12-11;1.556,58;1.532,10;1.554,31;;1;;
2018-12-10;1.547,60;1.527,18;1.527,73;;1;;
2018-12-07;1.545,78;1.536,41;1.543,91;;1;;
2018-12-06;1.543,73;1.537,71;1.543,04;;1;;
2018-12-05;1.546,77;1.528,03;1.540,56;;1;;
2018-12-04;1.566,73;1.546,82;1.550,73;;1;;
2018-12-03;1.563,96;1.549,73;1.556,78;;1;;
2018-11-30;1.561,70;1.540,00;1.561,65;;1;;
2018-11-29;1.568,55;1.544,24;1.564,36;;1;;
2018-11-28;1.553,50;1.537,93;1.544,51;;1;;
2018-11-27;1.579,19;1.546,54;1.546,58;;1;;
2018-11-26;1.586,44;1.570,07;1.572,97;;1;;
2018-11-23;1.590,91;1.574,64;1.588,06;;1;;
2018-11-22;1.731,11;1.574,45;1.577,92;;1;;
2018-11-21;1.734,20;1.708,85;1.727,29;;1;;
2018-11-20;1.733,01;1.701,88;1.710,87;;1;;
2018-11-19;1.763,42;1.727,84;1.732,42;;1;;
2018-11-16;1.769,83;1.751,80;1.757,67;;1;;
2018-11-15;1.762,12;1.757,00;1.758,81;;1;;
2018-11-14;1.765,35;1.752,53;1.762,31;;1;;
2018-11-13;1.781,80;1.763,79;1.765,72;;1;;
2018-11-12;1.788,77;1.775,08;1.775,28;;1;;
2018-11-09;1.785,63;1.770,74;1.784,36;;1;;
2018-11-08;1.781,80;1.774,01;1.777,64;;1;;
2018-11-07;1.781,85;1.776,04;1.776,90;;1;;
2018-11-06;1.785,74;1.774,61;1.781,27;;1;;
2018-11-05;1.797,50;1.776,33;1.779,64;;1;;
2018-11-02;1.786,39;1.771,24;1.779,42;;1;;
2018-11-01;1.783,42;1.778,14;1.783,19;;1;;
2018-10-31;1.783,91;1.770,89;1.779,38;;1;;
2018-10-30;1.778,41;1.767,94;1.772,14;;1;;
2018-10-29;1.783,25;1.772,84;1.775,45;;1;;
2018-10-26;1.781,51;1.761,74;1.780,75;;1;;
2018-10-25;1.783,88;1.769,25;1.777,51;;1;;
2018-10-24;1.789,74;1.771,79;1.780,91;;1;;
2018-10-23;1.787,47;1.765,56;1.775,28;;1;;
2018-10-22;1.789,90;1.773,82;1.776,79;;1;;
2018-10-19;1.792,10;1.776,78;1.784,63;;1;;
2018-10-18;1.807,66;1.788,52;1.792,06;;1;;
2018-10-17;1.799,17;1.643,53;1.788,15;;1;;
2018-10-16;1.676,50;1.638,56;1.649,55;;1;;
2018-10-15;1.681,22;1.665,03;1.677,16;;1;;
2018-10-12;1.675,88;1.649,49;1.668,89;;1;;
2018-10-11;1.683,95;1.645,37;1.648,15;;1;;
2018-10-10;1.690,10;1.685,11;1.685,25;;1;;
2018-10-09;1.703,72;1.686,06;1.688,38;;1;;
2018-10-08;1.713,99;1.690,44;1.698,60;;1;;
2018-10-05;2.000,85;1.700,22;1.712,04;;1;;
2018-10-04;2.007,54;1.990,22;1.999,19;;1;;
2018-10-03;2.008,35;1.999,02;2.002,58;;1;;
2018-10-02;2.010,70;1.988,29;1.999,05;;1;;
2018-10-01;2.015,66;1.995,20;2.011,92;;1;;
2018-09-28;2.009,61;1.994,36;1.998,23;;1;;
2018-09-27;2.022,48;2.006,92;2.009,45;;1;;
2018-09-26;2.021,95;2.009,13;2.015,44;;1;;
2018-09-25;2.021,79;2.013,84;2.019,81;;1;;
2018-09-24;2.027,91;2.019,18;2.020,20;;1;;
2018-09-21;2.028,62;2.018,61;2.024,53;;1;;
2018-09-20;2.026,09;2.009,60;2.018,97;;1;;
2018-09-19;2.029,10;2.020,00;2.024,85;;1;;
2018-09-18;2.027,25;2.013,29;2.025,75;;1;;
2018-09-17;2.024,22;2.002,65;2.012,87;;1;;
2018-09-14;2.014,81;1.993,53;2.009,12;;1;;
2018-09-13;2.010,51;1.998,69;2.005,00;;1;;
2018-09-12;2.013,81;2.000,78;2.006,94;;1;;
2018-09-11;2.018,52;2.002,29;2.013,67;;1;;
2018-09-10;2.019,93;2.003,61;2.018,52;;1;;
2018-09-07;2.211,76;2.011,06;2.017,93;;1;;
2018-09-06;2.212,95;2.192,75;2.212,50;;1;;
2018-09-05;2.220,06;2.207,45;2.213,83;;1;;
2018-09-04;2.220,32;2.208,94;2.214,24;;1;;
2018-09-03;2.226,54;2.209,34;2.216,93;;1;;
2018-08-31;2.222,32;2.213,22;2.219,34;;1;;
2018-08-30;2.220,47;2.209,53;2.213,49;;1;;
2018-08-29;2.226,65;2.208,31;2.210,29;;1;;
2018-08-28;2.226,17;2.214,37;2.221,58;;1;;
2018-08-27;2.229,48;2.213,46;2.218,53;;1;;
2018-08-24;2.229,88;2.215,50;2.226,07;;1;;
2018-08-23;2.239,60;2.223,49;2.230,08;;1;;
2018-08-22;2.234,52;2.209,17;2.234,30;;1;;
2018-08-21;2.230,72;2.216,83;2.224,41;;1;;
2018-08-20;2.223,74;2.201,47;2.223,56;;1;;
2018-08-17;2.209,05;2.197,41;2.202,46;;1;;
2018-08-16;2.204,91;2.194,61;2.202,11;;1;;
2018-08-15;2.209,13;2.196,72;2.203,38;;1;;
2018-08-14;2.215,97;2.200,64;2.206,32;;1;;
2018-08-13;2.216,46;2.159,39;2.216,31;;1;;
2018-08-10;2.187,21;2.172,41;2.174,86;;1;;
2018-08-09;2.194,45;2.177,75;2.184,74;;1;;
2018-08-08;2.195,58;2.184,54;2.184,65;;1;;
2018-08-07;2.208,51;2.187,37;2.195,57;;1;;
2018-08-06;2.261,10;2.200,58;2.205,42;;1;;
2018-08-03;2.257,04;2.246,40;2.255,03;;1;;
2018-08-02;2.257,77;2.239,03;2.255,30;;1;;
2018-08-01;2.267,37;2.249,11;2.250,88;;1;;
2018-07-31;2.276,41;2.258,91;2.267,16;;1;;
2018-07-30;2.270,75;2.255,45;2.266,62;;1;;
2018-07-27;2.289,24;2.267,16;2.268,63;;1;;
2018-07-26;2.283,93;2.265,00;2.280,58;;1;;
2018-07-25;2.364,72;2.252,01;2.263,03;;1;;
2018-07-24;2.350,05;2.329,22;2.340,17;;1;;
2018-07-23;2.324,24;2.306,57;2.324,17;;1;;
2018-07-20;2.311,10;2.301,91;2.306,43;;1;;
2018-07-19;2.322,03;2.290,34;2.305,40;;1;;
2018-07-18;2.303,50;2.288,12;2.300,99;;1;;
2018-07-17;2.292,29;2.258,29;2.286,07;;1;;
2018-07-16;2.312,37;2.272,72;2.277,50;;1;;
2018-07-13;2.339,24;2.290,85;2.314,37;;1;;
2018-07-12;2.471,09;2.327,90;2.357,19;;1;;
2018-07-11;2.434,03;2.368,04;2.416,75;;1;;
2018-07-10;2.368,48;2.346,01;2.366,46;;1;;
2018-07-09;2.342,37;2.299,63;2.341,93;;1;;
2018-07-06;2.337,76;2.283,34;2.303,74;;1;;
2018-07-05;2.287,91;2.257,81;2.286,63;;1;;
2018-07-04;2.259,88;2.239,71;2.255,40;;1;;
2018-07-03;2.265,01;2.239,62;2.247,52;;1;;
2018-07-02;2.262,98;2.246,15;2.259,07;;1;;
2018-06-29;2.263,55;2.254,03;2.255,72;;1;;
2018-06-28;2.267,27;2.257,11;2.263,16;;1;;
2018-06-27;2.263,14;2.248,98;2.261,95;;1;;
2018-06-26;2.255,08;2.248,58;2.252,26;;1;;
2018-06-25;2.254,79;2.246,30;2.253,34;;1;;
2018-06-22;2.257,06;2.244,35;2.253,24;;1;;
2018-06-21;2.259,80;2.247,41;2.253,97;;1;;
2018-06-20;2.260,00;2.249,83;2.259,00;;1;;
2018-06-19;2.254,59;2.244,24;2.252,27;;1;;
2018-06-18;2.265,72;2.247,88;2.254,33;;1;;
2018-06-15;2.258,83;2.241,98;2.256,03;;1;;
2018-06-14;2.247,34;2.232,44;2.240,45;;1;;
2018-06-13;2.235,76;2.219,42;2.235,62;;1;;
2018-06-12;2.230,48;2.216,54;2.227,08;;1;;
2018-06-11;2.221,78;2.218,43;2.221,21;;1;;
2018-06-08;2.220,69;2.209,66;2.219,40;;1;;
2018-06-07;2.221,19;2.216,19;2.219,34;;1;;
2018-06-06;2.224,86;2.207,79;2.218,79;;1;;
2018-06-05;2.223,26;2.222,10;2.222,52;;1;;
2018-06-04;2.228,77;2.216,83;2.222,71;;1;;
2018-06-01;2.227,73;2.218,30;2.226,48;;1;;
2018-05-31;2.231,30;2.215,52;2.222,35;;1;;
2018-05-30;2.239,84;2.226,48;2.227,86;;1;;
2018-05-29;2.242,98;2.088,24;2.242,83;;1;;
2018-05-28;2.388,98;2.089,85;2.094,74;;1;;
2018-05-25;2.393,98;2.383,30;2.389,50;;1;;
2018-05-24;2.397,89;2.387,14;2.389,93;;1;;
2018-05-23;2.396,20;2.378,76;2.394,65;;1;;
2018-05-22;2.407,90;2.386,09;2.388,12;;1;;
2018-05-21;2.406,38;2.405,63;2.405,82;;1;;
2018-05-18;2.420,19;2.402,17;2.405,97;;1;;
2018-05-17;2.425,10;2.414,85;2.422,60;;1;;
2018-05-16;2.424,32;2.411,76;2.423,68;;1;;
2018-05-15;2.424,08;2.417,34;2.418,43;;1;;
2018-05-14;2.438,86;2.421,21;2.424,71;;1;;
2018-05-11;2.435,55;2.434,87;2.435,28;;1;;
2018-05-10;2.436,45;2.434,59;2.435,32;;1;;
2018-05-09;2.438,73;2.424,02;2.435,40;;1;;
2018-05-08;2.432,14;2.424,51;2.425,51;;1;;
2018-05-07;2.429,26;2.417,20;2.428,28;;1;;
2018-05-04;2.425,89;2.415,50;2.424,21;;1;;
2018-05-03;2.432,25;2.416,75;2.426,98;;1;;
2018-05-02;2.431,48;2.425,44;2.427,99;;1;;
2018-05-01;2.434,63;2.425,49;2.425,61;;1;;
2018-04-30;2.432,28;2.402,30;2.424,73;;1;;
2018-04-27;2.412,08;2.411,81;2.411,86;;1;;
2018-04-26;2.412,05;2.318,21;2.411,95;;1;;
2018-04-25;2.385,86;2.318,85;2.329,12;;1;;
2018-04-24;2.390,10;2.374,95;2.383,13;;1;;
2018-04-23;2.392,23;2.382,46;2.387,23;;1;;
2018-04-20;2.388,63;2.379,88;2.388,20;;1;;
2018-04-19;2.394,05;2.382,26;2.385,65;;1;;
2018-04-18;2.392,61;2.380,61;2.392,55;;1;;
2018-04-17;2.381,84;2.359,90;2.380,71;;1;;
2018-04-16;2.362,47;2.356,96;2.359,57;;1;;
2018-04-13;2.362,98;2.345,19;2.362,72;;1;;
2018-04-12;2.346,65;2.343,41;2.344,84;;1;;
2018-04-11;2.353,34;2.344,01;2.347,62;;1;;
2018-04-10;2.348,59;2.330,73;2.348,47;;1;;
2018-04-09;2.339,06;2.324,29;2.333,45;;1;;
2018-04-06;2.335,98;2.327,03;2.335,93;;1;;
2018-04-05;2.339,75;2.333,63;2.339,72;;1;;
2018-04-04;2.337,26;2.330,70;2.332,85;;1;;
2018-04-03;2.337,42;2.327,52;2.335,98;;1;;
2018-03-29;2.334,17;2.333,40;2.333,92;;1;;
2018-03-28;2.338,15;2.322,21;2.332,84;;1;;
2018-03-27;2.341,85;2.327,49;2.331,24;;1;;
2018-03-26;2.353,68;2.328,21;2.340,56;;1;;
2018-03-23;2.364,63;2.340,98;2.348,08;;1;;
2018-03-22;2.363,09;2.343,19;2.363,01;;1;;
2018-03-21;2.350,27;2.338,06;2.343,11;;1;;
2018-03-20;2.344,35;2.332,46;2.344,26;;1;;
2018-03-19;2.342,08;2.335,57;2.335,69;;1;;
2018-03-16;2.345,29;2.282,90;2.341,95;;1;;
2018-03-15;2.284,16;2.133,10;2.284,14;;1;;
2018-03-14;2.137,31;2.095,59;2.134,71;;1;;
2018-03-13;2.095,64;2.060,91;2.095,58;;1;;
2018-03-12;2.066,54;2.037,58;2.066,48;;1;;
2018-03-09;2.048,52;2.039,69;2.043,90;;1;;
2018-03-08;2.050,66;2.040,60;2.047,67;;1;;
2018-03-07;2.042,66;2.038,01;2.042,06;;1;;
2018-03-06;2.049,96;1.781,17;2.049,94;;1;;
2018-03-05;2.039,38;1.776,78;1.781,17;;1;;
2018-03-02;1.992,00;1.984,45;1.990,67;;1;;
2018-03-01;2.043,37;1.987,74;1.990,85;;1;;
2018-02-28;2.043,78;2.037,69;2.043,17;;1;;
2018-02-27;2.040,81;2.033,49;2.039,83;;1;;
2018-02-26;2.042,57;1.989,48;2.039,28;;1;;
2018-02-23;1.997,64;1.962,20;1.997,58;;1;;
2018-02-22;1.965,39;1.962,01;1.964,98;;1;;
2018-02-21;1.965,35;1.959,37;1.962,17;;1;;
2018-02-20;1.968,12;1.963,61;1.965,42;;1;;
2018-02-19;1.967,63;1.901,20;1.967,61;;1;;
2018-02-16;1.910,01;1.898,87;1.909,97;;1;;
2018-02-15;1.906,93;1.901,93;1.905,38;;1;;
2018-02-14;1.903,03;1.838,30;1.902,88;;1;;
2018-02-13;1.847,61;1.841,85;1.842,08;;1;;
2018-02-12;1.851,59;1.843,84;1.846,71;;1;;
2018-02-09;1.847,99;1.840,44;1.846,16;;1;;
2018-02-08;1.906,92;1.788,19;1.847,91;;1;;
2018-02-07;1.792,31;1.773,12;1.792,14;;1;;
2018-02-06;1.781,02;1.753,07;1.775,54;;1;;
2018-02-05;1.803,00;1.761,09;1.790,33;;1;;
2018-02-02;1.816,44;1.788,75;1.807,45;;1;;
2018-02-01;1.820,90;1.800,83;1.809,73;;1;;
2018-01-31;1.834,46;1.800,09;1.809,29;;1;;
2018-01-30;1.859,00;1.825,77;1.834,48;;1;;
2018-01-29;1.867,23;1.839,28;1.859,20;;1;;
2018-01-26;1.867,77;1.833,90;1.859,42;;1;;
2018-01-25;1.860,11;1.835,40;1.860,08;;1;;
2018-01-24;1.862,77;1.836,59;1.846,48;;1;;
2018-01-23;1.868,97;1.835,34;1.855,18;;1;;
2018-01-22;1.885,93;1.849,02;1.858,31;;1;;
2018-01-19;1.878,46;1.856,65;1.872,77;;1;;
2018-01-18;1.877,21;1.843,56;1.869,13;;1;;
2018-01-17;1.876,38;1.825,45;1.861,24;;1;;
2018-01-16;1.833,92;1.813,56;1.825,06;;1;;
2018-01-15;1.817,03;1.804,61;1.808,89;;1;;
2018-01-12;1.813,90;1.801,54;1.813,81;;1;;
2018-01-11;1.804,95;1.794,72;1.800,56;;1;;
2018-01-10;1.797,18;1.777,17;1.797,16;;1;;
2018-01-09;1.801,20;1.781,24;1.781,36;;1;;
2018-01-08;1.801,09;1.783,30;1.791,86;;1;;
2018-01-05;1.804,76;1.778,24;1.797,74;;1;;
2018-01-04;1.814,62;1.794,14;1.802,14;;1;;
2018-01-03;1.799,42;1.773,51;1.792,35;;1;;
2018-01-02;1.767,97;1.734,49;1.767,95;;1;;
2017-12-29;1.739,95;1.721,07;1.734,58;;1;;
2017-12-28;1.732,23;1.725,61;1.726,50;;1;;
2017-12-27;1.736,89;1.726,12;1.733,66;;1;;
2017-12-22;1.733,35;1.724,65;1.733,32;;1;;
2017-12-21;1.739,50;1.725,56;1.729,92;;1;;
2017-12-20;1.733,84;1.726,15;1.731,95;;1;;
2017-12-19;1.733,91;1.725,30;1.733,86;;1;;
2017-12-18;1.731,48;1.716,77;1.731,41;;1;;
2017-12-15;1.730,27;1.711,17;1.730,22;;1;;
2017-12-14;1.715,92;1.701,49;1.711,02;;1;;
2017-12-13;1.722,67;1.709,88;1.715,86;;1;;
2017-12-12;1.738,98;1.717,40;1.722,68;;1;;
2017-12-11;1.739,44;1.718,99;1.732,35;;1;;
2017-12-08;1.766,66;1.732,66;1.740,84;;1;;
2017-12-07;1.744,78;1.735,79;1.743,70;;1;;
2017-12-06;1.757,15;1.736,69;1.743,71;;1;;
2017-12-05;1.761,52;1.753,61;1.757,05;;1;;
2017-12-04;1.761,61;1.753,83;1.761,54;;1;;
2017-12-01;1.760,80;1.746,67;1.760,76;;1;;
2017-11-30;1.767,46;1.755,16;1.759,65;;1;;
2017-11-29;1.773,96;1.756,58;1.765,81;;1;;
2017-11-28;1.772,93;1.761,17;1.772,87;;1;;
2017-11-27;1.769,76;1.760,95;1.766,46;;1;;
2017-11-24;1.777,55;1.756,59;1.767,39;;1;;
2017-11-23;1.775,27;1.757,29;1.775,21;;1;;
2017-11-22;1.773,11;1.755,17;1.766,04;;1;;
2017-11-21;1.772,22;1.758,50;1.772,20;;1;;
2017-11-20;1.769,99;1.754,63;1.766,55;;1;;
2017-11-17;1.765,24;1.757,35;1.762,47;;1;;
2017-11-16;1.769,54;1.751,08;1.763,52;;1;;
2017-11-15;1.778,88;1.751,56;1.762,42;;1;;
2017-11-14;1.781,73;1.771,17;1.778,84;;1;;
2017-11-13;1.778,99;1.769,69;1.778,15;;1;;
2017-11-10;1.766,96;1.759,43;1.762,01;;1;;
2017-11-09;1.779,85;1.765,74;1.766,81;;1;;
2017-11-08;1.791,03;1.772,22;1.780,30;;1;;
2017-11-07;1.794,23;1.779,24;1.785,16;;1;;
2017-11-06;1.790,26;1.776,20;1.779,22;;1;;
2017-11-03;1.789,62;1.777,49;1.788,15;;1;;
2017-11-02;1.804,00;1.782,64;1.789,53;;1;;
2017-11-01;1.805,30;1.796,48;1.800,64;;1;;
2017-10-31;1.803,85;1.794,78;1.803,83;;1;;
2017-10-30;1.802,24;1.789,33;1.797,69;;1;;
2017-10-27;1.802,37;1.791,33;1.799,58;;1;;
2017-10-26;1.798,13;1.783,38;1.791,41;;1;;
2017-10-25;1.795,36;1.787,26;1.795,28;;1;;
2017-10-24;1.792,27;1.781,50;1.787,27;;1;;
2017-10-23;1.799,61;1.781,98;1.792,22;;1;;
2017-10-20;1.802,38;1.775,40;1.796,81;;1;;
2017-10-19;1.811,29;1.776,66;1.794,33;;1;;
2017-10-18;1.810,23;1.798,23;1.806,19;;1;;
2017-10-17;1.813,85;1.803,63;1.810,23;;1;;
2017-10-16;1.820,79;1.806,74;1.806,78;;1;;
2017-10-13;1.820,75;1.802,26;1.813,45;;1;;
2017-10-12;1.818,32;1.809,20;1.813,65;;1;;
2017-10-11;1.819,28;1.800,85;1.806,61;;1;;
2017-10-10;1.820,88;1.808,13;1.811,87;;1;;
2017-10-09;1.829,06;1.810,21;1.817,37;;1;;
2017-10-06;1.830,82;1.813,48;1.820,47;;1;;
2017-10-05;1.811,25;1.805,33;1.810,68;;1;;
2017-10-04;1.820,18;1.803,42;1.810,24;;1;;
2017-10-03;1.822,44;1.805,60;1.810,06;;1;;
2017-10-02;1.827,39;1.813,56;1.822,42;;1;;
2017-09-29;1.824,96;1.810,79;1.823,99;;1;;
2017-09-28;1.845,06;1.823,31;1.836,02;;1;;
2017-09-27;1.845,20;1.830,71;1.836,85;;1;;
2017-09-26;1.850,74;1.825,61;1.840,26;;1;;
2017-09-25;1.842,00;1.820,14;1.841,93;;1;;
2017-09-22;1.820,19;1.794,47;1.820,10;;1;;
2017-09-21;1.807,69;1.793,47;1.797,12;;1;;
2017-09-20;1.817,73;1.803,04;1.804,84;;1;;
2017-09-19;1.817,83;1.808,33;1.814,74;;1;;
2017-09-18;1.807,29;1.798,63;1.801,72;;1;;
2017-09-15;1.821,18;1.802,37;1.807,31;;1;;
2017-09-14;1.810,96;1.800,72;1.808,28;;1;;
2017-09-13;1.824,08;1.794,89;1.809,64;;1;;
2017-09-12;1.865,78;1.825,02;1.831,04;;1;;
2017-09-11;1.861,05;1.844,48;1.853,08;;1;;
2017-09-08;1.858,89;1.849,57;1.856,46;;1;;
2017-09-07;1.854,28;1.843,94;1.854,21;;1;;
2017-09-06;1.858,28;1.844,78;1.849,32;;1;;
2017-09-05;1.862,65;1.847,38;1.855,67;;1;;
2017-09-04;1.869,43;1.851,63;1.862,58;;1;;
2017-09-01;1.880,02;1.856,82;1.871,09;;1;;
2017-08-31;1.877,28;1.861,28;1.874,11;;1;;
2017-08-30;1.866,71;1.850,82;1.866,63;;1;;
2017-08-29;1.877,69;1.862,63;1.864,43;;1;;
2017-08-28;1.883,70;1.867,14;1.874,25;;1;;
2017-08-25;1.890,85;1.867,96;1.875,55;;1;;
2017-08-24;1.899,84;1.882,79;1.889,68;;1;;
2017-08-23;1.906,76;1.885,40;1.898,13;;1;;
2017-08-22;1.900,68;1.869,66;1.900,23;;1;;
2017-08-21;1.905,11;1.887,98;1.905,07;;1;;
2017-08-18;1.913,72;1.888,76;1.888,76;;1;;
2017-08-17;1.924,28;1.883,34;1.908,37;;1;;
2017-08-16;1.931,19;1.908,14;1.922,24;;1;;
2017-08-15;1.926,60;1.898,36;1.913,37;;1;;
2017-08-14;1.898,55;1.878,88;1.898,53;;1;;
2017-08-11;1.896,23;1.870,84;1.887,93;;1;;
2017-08-10;1.897,54;1.860,38;1.883,18;;1;;
2017-08-09;1.886,12;1.858,62;1.865,76;;1;;
2017-08-08;1.893,16;1.878,84;1.885,88;;1;;
2017-08-07;1.915,00;1.882,41;1.891,29;;1;;
2017-08-04;2.264,53;1.894,54;1.905,17;;1;;
2017-08-03;2.267,03;2.240,64;2.260,15;;1;;
2017-08-02;2.281,12;2.254,21;2.268,64;;1;;
2017-08-01;2.289,59;2.262,69;2.274,42;;1;;
2017-07-31;2.294,22;2.277,10;2.289,50;;1;;
2017-07-28;2.300,00;2.270,42;2.288,88;;1;;
2017-07-27;2.302,93;2.277,28;2.299,80;;1;;
2017-07-26;2.305,35;2.282,34;2.291,05;;1;;
2017-07-25;2.299,79;2.282,12;2.288,57;;1;;
2017-07-24;2.303,14;2.282,97;2.293,26;;1;;
2017-07-21;2.300,83;2.281,23;2.293,83;;1;;
2017-07-20;2.299,14;2.277,59;2.289,96;;1;;
2017-07-19;2.306,46;2.280,06;2.294,01;;1;;
2017-07-18;2.308,25;2.248,75;2.308,24;;1;;
2017-07-17;2.255,93;2.231,63;2.255,88;;1;;
2017-07-14;2.245,54;2.222,03;2.233,55;;1;;
2017-07-13;2.255,49;2.235,04;2.241,54;;1;;
2017-07-12;2.268,55;2.241,65;2.248,80;;1;;
2017-07-11;2.290,83;2.225,89;2.247,18;;1;;
2017-07-10;2.308,06;2.269,96;2.294,41;;1;;
2017-07-07;2.330,46;2.300,82;2.307,99;;1;;
2017-07-06;2.325,33;2.314,16;2.320,33;;1;;
2017-07-05;2.342,60;2.312,38;2.318,79;;1;;
2017-07-04;2.344,94;2.317,69;2.333,33;;1;;
2017-07-03;2.377,62;2.312,51;2.324,20;;1;;
2017-06-30;2.446,01;2.369,86;2.375,01;;1;;
2017-06-29;2.410,86;2.293,74;2.409,37;;1;;
2017-06-28;2.628,44;2.302,68;2.317,45;;1;;
2017-06-27;2.548,57;2.538,77;2.543,15;;1;;
2017-06-26;2.547,37;2.539,75;2.547,04;;1;;
2017-06-23;2.547,12;2.543,87;2.545,44;;1;;
2017-06-22;2.546,02;2.542,86;2.545,35;;1;;
2017-06-21;2.976,52;2.533,62;2.535,34;;1;;
2017-06-20;2.978,88;2.539,11;2.971,75;;1;;
2017-06-19;2.911,81;2.905,74;2.906,14;;1;;
2017-06-16;2.903,76;2.117,82;2.903,36;;1;;
2017-06-15;2.903,69;2.116,05;2.903,48;;1;;
2017-06-14;2.116,17;2.115,15;2.116,11;;1;;
2017-06-13;2.115,34;2.102,86;2.115,29;;1;;
2017-06-12;2.103,29;2.102,76;2.102,85;;1;;
2017-06-09;2.103,11;2.096,22;2.103,06;;1;;
2017-06-08;2.110,50;2.102,77;2.102,93;;1;;
2017-06-07;2.113,58;2.110,21;2.110,31;;1;;
2017-06-06;2.111,96;2.111,65;2.111,68;;1;;
2017-06-05;2.112,08;2.111,79;2.111,97;;1;;
2017-06-02;2.119,44;2.111,72;2.111,89;;1;;
2017-06-01;2.119,53;2.119,22;2.119,35;;1;;
2017-05-31;2.122,00;2.119,39;2.119,51;;1;;
2017-05-30;2.122,20;2.107,46;2.121,91;;1;;
2017-05-29;2.108,85;2.102,98;2.107,51;;1;;
2017-05-26;2.102,81;2.102,45;2.102,69;;1;;
2017-05-25;2.103,00;2.102,33;2.102,46;;1;;
2017-05-24;2.109,23;2.102,21;2.102,77;;1;;
2017-05-23;2.109,69;2.108,97;2.109,31;;1;;
2017-05-22;2.109,64;2.108,94;2.109,42;;1;;
2017-05-19;2.109,01;2.108,39;2.108,94;;1;;
2017-05-18;2.127,76;2.108,58;2.108,67;;1;;
2017-05-17;2.128,27;2.127,36;2.127,65;;1;;
2017-05-16;2.128,19;2.120,89;2.128,01;;1;;
2017-05-15;2.128,19;2.127,74;2.128,06;;1;;
2017-05-12;2.128,25;2.127,84;2.128,10;;1;;
2017-05-11;2.128,86;2.124,12;2.128,22;;1;;
2017-05-10;2.125,06;2.120,98;2.124,63;;1;;
2017-05-09;2.132,02;2.120,94;2.120,96;;1;;
2017-05-08;2.132,21;2.121,08;2.132,08;;1;;
2017-05-05;2.121,35;2.111,30;2.121,12;;1;;
2017-05-04;2.116,72;2.112,54;2.116,67;;1;;
2017-05-03;2.112,64;2.110,05;2.112,53;;1;;
2017-05-02;2.112,50;2.092,38;2.110,17;;1;;
2017-05-01;2.110,83;2.102,89;2.108,76;;1;;
2017-04-28;2.106,93;2.102,95;2.102,95;;1;;
2017-04-27;2.105,48;2.083,43;2.104,87;;1;;
2017-04-26;2.113,30;2.093,70;2.104,46;;1;;
2017-04-25;2.109,75;2.095,27;2.108,75;;1;;
2017-04-24;2.113,14;2.108,85;2.109,54;;1;;
2017-04-21;2.109,71;2.099,09;2.108,48;;1;;
2017-04-20;2.097,93;2.094,33;2.097,65;;1;;
2017-04-19;2.094,69;2.093,48;2.094,59;;1;;
2017-04-18;2.949,60;2.093,36;2.093,49;;1;;
2017-04-13;2.949,92;2.949,18;2.949,76;;1;;
2017-04-12;2.964,68;2.948,93;2.949,02;;1;;
2017-04-11;2.962,89;2.962,07;2.962,69;;1;;
2017-04-10;2.962,67;2.958,47;2.962,55;;1;;
2017-04-07;2.958,75;2.950,35;2.958,61;;1;;
2017-04-06;2.950,87;2.927,71;2.950,51;;1;;
2017-04-05;2.945,18;2.937,22;2.945,11;;1;;
2017-04-04;2.936,45;2.934,10;2.936,23;;1;;
2017-04-03;2.940,88;2.921,75;2.934,36;;1;;
2017-03-31;2.950,14;2.940,37;2.940,37;;1;;
2017-03-30;2.950,99;2.949,72;2.949,75;;1;;
2017-03-29;2.951,49;2.950,64;2.950,96;;1;;
2017-03-28;2.951,49;2.950,53;2.951,10;;1;;
2017-03-27;2.950,99;2.949,16;2.950,80;;1;;
2017-03-24;2.958,98;2.948,63;2.949,04;;1;;
2017-03-23;2.960,39;2.953,72;2.960,30;;1;;
2017-03-22;2.954,89;2.952,80;2.954,66;;1;;
2017-03-21;2.954,74;2.952,59;2.952,61;;1;;
2017-03-20;2.953,59;2.952,58;2.952,77;;1;;
2017-03-17;2.953,52;2.953,35;2.953,45;;1;;
2017-03-16;2.950,00;2.949,65;2.949,93;;1;;
2017-03-15;3.163,48;2.949,68;2.949,82;;1;;
2017-03-14;3.168,29;3.160,85;3.163,19;;1;;
2017-03-13;3.168,21;3.167,71;3.168,10;;1;;
2017-03-10;3.168,17;3.167,67;3.167,83;;1;;
2017-03-09;3.169,85;3.167,79;3.168,04;;1;;
2017-03-08;3.169,93;3.169,62;3.169,75;;1;;
2017-03-07;3.170,04;3.169,73;3.169,93;;1;;
2017-03-06;3.170,84;3.168,94;3.169,89;;1;;
2017-03-03;3.176,94;3.168,96;3.168,98;;1;;
2017-03-02;3.175,59;3.166,13;3.169,23;;1;;
2017-03-01;3.175,55;3.175,36;3.175,45;;1;;
2017-02-28;3.178,05;3.175,24;3.175,24;;1;;
2017-02-27;3.178,36;3.177,86;3.177,88;;1;;
2017-02-24;3.178,47;3.173,37;3.178,34;;1;;
2017-02-23;3.174,74;3.173,26;3.173,30;;1;;
2017-02-22;3.176,70;3.157,45;3.174,13;;1;;
2017-02-21;3.159,16;3.157,34;3.157,34;;1;;
2017-02-20;3.162,14;3.157,24;3.157,37;;1;;
2017-02-17;3.162,22;3.161,87;3.161,93;;1;;
2017-02-16;3.162,52;3.161,97;3.161,97;;1;;
2017-02-15;3.163,18;3.162,22;3.162,26;;1;;
2017-02-14;3.163,25;2.664,56;3.163,04;;1;;
2017-02-13;2.663,57;2.520,79;2.663,50;;1;;
2017-02-10;2.520,79;1.879,59;2.520,71;;1;;
2017-02-09;1.879,61;1.875,69;1.879,56;;1;;
2017-02-08;1.882,51;1.875,39;1.875,69;;1;;
2017-02-07;1.876,06;1.875,32;1.875,43;;1;;
2017-02-06;1.876,23;1.875,93;1.875,99;;1;;
2017-02-03;1.880,80;1.876,14;1.876,15;;1;;
2017-02-02;1.880,93;1.879,93;1.880,90;;1;;
2017-02-01;1.895,41;1.879,80;1.879,90;;1;;
2017-01-31;1.895,41;1.880,19;1.895,37;;1;;
2017-01-30;1.888,19;1.882,34;1.887,35;;1;;
2017-01-27;1.899,40;1.882,18;1.882,21;;1;;
2017-01-26;3.034,83;1.878,32;1.895,43;;1;;
2017-01-25;3.017,77;1.878,28;1.878,33;;1;;
2017-01-24;2.234,34;2.234,19;2.234,26;;1;;
2017-01-23;2.253,03;2.234,24;2.234,28;;1;;
2017-01-20;2.246,82;2.241,32;2.241,34;;1;;
2017-01-19;2.246,77;2.246,54;2.246,57;;1;;
2017-01-18;2.246,69;2.246,17;2.246,66;;1;;
2017-01-17;2.246,42;2.234,51;2.246,37;;1;;
2017-01-16;2.234,90;2.233,08;2.234,85;;1;;
2017-01-13;2.238,12;2.230,76;2.232,95;;1;;
2017-01-12;2.244,28;2.235,30;2.235,35;;1;;
2017-01-11;2.311,89;2.240,45;2.243,76;;1;;
2017-01-10;2.312,00;2.311,73;2.311,87;;1;;
2017-01-09;2.311,87;2.309,34;2.311,84;;1;;
2017-01-06;2.309,72;2.238,24;2.309,44;;1;;
2017-01-05;2.310,81;2.306,34;2.309,39;;1;;
2017-01-04;2.306,45;2.304,73;2.306,29;;1;;
2017-01-03;2.303,26;2.299,76;2.300,65;;1;;
2017-01-02;2.331,47;2.301,31;2.303,32;;1;